# 2025-10-11_17-37-09
# timestamp pos1 pos2 pos3 pos4 pos5 pos6 vel1 vel2 vel3 vel4 vel5 vel6
0.5877 -12.4670 -12.4670 -12.4670 0.1110 -0.0100 -1.4550 -27.6550 -27.6550 -27.6550 -0.0210 -0.0070 0.0070
0.5887 0.1070 -0.0680 -0.0940 0.1110 -0.0100 -1.4550 -0.0070 -0.0070 -0.1530 -0.0070 0.0070 0.0070
0.5897 0.1070 -0.0680 -0.0940 0.1110 -0.0100 -1.4550 -0.0070 -0.0070 -0.1530 -0.0070 0.0070 0.0070
0.5907 0.1070 -0.0680 -0.0940 0.1110 -0.0100 -1.4550 -0.0070 -0.0070 -0.1530 -0.0070 0.0070 0.0070
0.5917 0.1070 -0.0680 -0.0940 0.1110 -0.0100 -1.4550 -0.0070 -0.0070 -0.1530 -0.0070 0.0070 0.0070
0.5927 0.1070 -0.0680 -0.0940 0.1110 -0.0100 -1.4550 -0.0070 -0.0070 -0.1530 -0.0070 0.0070 0.0070
0.5937 0.1070 -0.0680 -0.0940 0.1110 -0.0100 -1.4550 -0.0070 -0.0070 -0.1530 -0.0070 0.0070 0.0070
0.5947 0.1070 -0.0680 -0.0940 0.1110 -0.0100 -1.4550 -0.0070 -0.0070 -0.1530 -0.0070 0.0070 0.0070
0.5957 0.1070 -0.0680 -0.0940 0.1110 -0.0100 -1.4550 -0.0070 -0.0070 -0.1530 -0.0070 0.0070 0.0070
0.5967 0.1070 -0.0680 -0.0940 0.1110 -0.0100 -1.4550 -0.0070 -0.0070 -0.1530 -0.0070 0.0070 0.0070
0.5977 0.1070 -0.0680 -0.0940 0.1110 -0.0100 -1.4550 -0.0070 -0.0070 -0.1530 -0.0070 0.0070 0.0070
0.5996 0.1070 -0.0680 -0.0950 0.1110 -0.0100 -1.4550 -0.0070 -0.0070 -0.1240 0.0070 -0.0070 -0.0070
0.5999 0.1070 -0.0680 -0.0950 0.1110 -0.0100 -1.4550 -0.0070 -0.0070 -0.1240 0.0070 -0.0070 -0.0070
0.6007 0.1070 -0.0680 -0.0950 0.1110 -0.0100 -1.4550 -0.0070 -0.0070 -0.1240 0.0070 -0.0070 -0.0070
0.6017 0.1070 -0.0680 -0.0950 0.1110 -0.0100 -1.4550 -0.0070 -0.0070 -0.1240 0.0070 -0.0070 -0.0070
0.6028 0.1070 -0.0680 -0.0950 0.1110 -0.0100 -1.4550 -0.0070 -0.0070 -0.1240 0.0070 -0.0070 -0.0070
0.6037 0.1070 -0.0680 -0.0950 0.1110 -0.0100 -1.4550 -0.0070 -0.0070 -0.1240 0.0070 -0.0070 -0.0070
0.6047 0.1070 -0.0680 -0.0950 0.1110 -0.0100 -1.4550 -0.0070 -0.0070 -0.1240 0.0070 -0.0070 -0.0070
0.6057 0.1070 -0.0680 -0.0950 0.1110 -0.0100 -1.4550 -0.0070 -0.0070 -0.1240 0.0070 -0.0070 -0.0070
0.6067 0.1070 -0.0680 -0.0950 0.1110 -0.0100 -1.4550 -0.0070 -0.0070 -0.1240 0.0070 -0.0070 -0.0070
0.6077 0.1070 -0.0680 -0.0950 0.1110 -0.0100 -1.4550 -0.0070 -0.0070 -0.1240 0.0070 -0.0070 -0.0070
0.6089 0.1070 -0.0680 -0.0950 0.1110 -0.0100 -1.4550 -0.0070 -0.0070 -0.1240 0.0070 -0.0070 -0.0070
0.6097 0.1070 -0.0680 -0.0950 0.1110 -0.0100 -1.4550 -0.0070 -0.0070 -0.1240 0.0070 -0.0070 -0.0070
0.6123 0.1070 -0.0680 -0.0950 0.1110 -0.0100 -1.4550 -0.0070 -0.0070 -0.1240 0.0070 -0.0070 -0.0070
0.6126 0.1070 -0.0680 -0.0950 0.1110 -0.0100 -1.4550 0.0070 -0.0210 -0.1530 -0.0210 -0.0070 -0.0210
0.6127 0.1070 -0.0680 -0.0950 0.1110 -0.0100 -1.4550 0.0070 -0.0210 -0.1530 -0.0210 -0.0070 -0.0210
0.6137 0.1070 -0.0680 -0.0950 0.1110 -0.0100 -1.4550 0.0070 -0.0210 -0.1530 -0.0210 -0.0070 -0.0210
0.6147 0.1070 -0.0680 -0.0950 0.1110 -0.0100 -1.4550 0.0070 -0.0210 -0.1530 -0.0210 -0.0070 -0.0210
0.6157 0.1070 -0.0680 -0.0950 0.1110 -0.0100 -1.4550 0.0070 -0.0210 -0.1530 -0.0210 -0.0070 -0.0210
0.6167 0.1070 -0.0680 -0.0950 0.1110 -0.0100 -1.4550 0.0070 -0.0210 -0.1530 -0.0210 -0.0070 -0.0210
0.6177 0.1070 -0.0680 -0.0950 0.1110 -0.0100 -1.4550 0.0070 -0.0210 -0.1530 -0.0210 -0.0070 -0.0210
0.6187 0.1070 -0.0680 -0.0950 0.1110 -0.0100 -1.4550 0.0070 -0.0210 -0.1530 -0.0210 -0.0070 -0.0210
0.6197 0.1070 -0.0680 -0.0950 0.1110 -0.0100 -1.4550 0.0070 -0.0210 -0.1530 -0.0210 -0.0070 -0.0210
0.6207 0.1070 -0.0680 -0.0950 0.1110 -0.0100 -1.4550 0.0070 -0.0210 -0.1530 -0.0210 -0.0070 -0.0210
0.6217 0.1070 -0.0680 -0.0950 0.1110 -0.0100 -1.4550 0.0070 -0.0210 -0.1530 -0.0210 -0.0070 -0.0210
0.6227 0.1070 -0.0680 -0.0950 0.1110 -0.0100 -1.4550 0.0070 -0.0210 -0.1530 -0.0210 -0.0070 -0.0210
0.6238 0.1070 -0.0680 -0.0950 0.1110 -0.0100 -1.4550 0.0070 -0.0210 -0.1530 -0.0210 -0.0070 -0.0210
0.6247 0.1070 -0.0680 -0.0950 0.1110 -0.0100 -1.4550 0.0070 -0.0210 -0.1530 -0.0210 -0.0070 -0.0210
0.6257 0.1070 -0.0680 -0.0950 0.1110 -0.0100 -1.4550 0.0070 -0.0210 -0.1530 -0.0210 -0.0070 -0.0210
0.6267 0.1070 -0.0680 -0.0950 0.1110 -0.0100 -1.4550 0.0070 -0.0210 -0.1530 -0.0210 -0.0070 -0.0210
0.6277 0.1070 -0.0680 -0.0950 0.1110 -0.0100 -1.4550 0.0070 -0.0210 -0.1530 -0.0210 -0.0070 -0.0210
0.6287 0.1070 -0.0680 -0.0960 0.1110 -0.0100 -1.4550 -0.0210 -0.0070 -0.1530 -0.0070 -0.0070 -0.0070
0.6296 0.1070 -0.0680 -0.0960 0.1110 -0.0100 -1.4550 -0.0210 -0.0210 -0.1830 -0.0070 -0.0070 -0.0070
0.6307 0.1070 -0.0680 -0.0960 0.1110 -0.0100 -1.4550 -0.0210 -0.0210 -0.1830 -0.0070 -0.0070 -0.0070
0.6317 0.1070 -0.0680 -0.0960 0.1110 -0.0100 -1.4550 -0.0070 -0.0210 -0.1830 -0.0070 -0.0070 -0.0070
0.6327 0.1070 -0.0680 -0.0960 0.1110 -0.0100 -1.4550 -0.0070 -0.0210 -0.1830 -0.0070 -0.0070 -0.0070
0.6337 0.1070 -0.0680 -0.0960 0.1110 -0.0100 -1.4550 -0.0070 -0.0210 -0.1830 -0.0070 -0.0070 -0.0070
0.6347 0.1070 -0.0680 -0.0960 0.1110 -0.0100 -1.4550 -0.0070 -0.0210 -0.1830 -0.0070 -0.0070 -0.0070
0.6359 0.1070 -0.0680 -0.0960 0.1110 -0.0100 -1.4550 -0.0070 -0.0210 -0.1830 -0.0070 -0.0070 -0.0070
0.6367 0.1070 -0.0680 -0.0960 0.1110 -0.0100 -1.4550 -0.0070 -0.0210 -0.1830 -0.0070 -0.0070 -0.0070
0.6377 0.1070 -0.0680 -0.0960 0.1110 -0.0100 -1.4550 -0.0070 -0.0210 -0.1830 -0.0070 -0.0070 -0.0070
0.6387 0.1070 -0.0680 -0.0960 0.1110 -0.0100 -1.4550 -0.0070 -0.0210 -0.1830 -0.0070 -0.0070 -0.0070
0.6397 0.1070 -0.0680 -0.0960 0.1110 -0.0100 -1.4550 -0.0070 -0.0210 -0.1830 -0.0070 -0.0070 -0.0070
0.6407 0.1070 -0.0680 -0.0960 0.1110 -0.0100 -1.4550 -0.0070 -0.0210 -0.1830 -0.0070 -0.0070 -0.0070
0.6417 0.1070 -0.0680 -0.0960 0.1110 -0.0100 -1.4550 -0.0070 -0.0210 -0.1830 -0.0070 -0.0070 -0.0070
0.6427 0.1070 -0.0680 -0.0960 0.1110 -0.0100 -1.4550 -0.0070 -0.0210 -0.1830 -0.0070 -0.0070 -0.0070
0.6437 0.1070 -0.0680 -0.0960 0.1110 -0.0100 -1.4550 -0.0070 -0.0210 -0.1830 -0.0070 -0.0070 -0.0070
0.6447 0.1070 -0.0680 -0.0960 0.1110 -0.0100 -1.4550 -0.0070 -0.0210 -0.1830 -0.0070 -0.0070 -0.0070
0.6457 0.1070 -0.0680 -0.0970 0.1110 -0.0100 -1.4550 -0.0070 -0.0210 -0.0950 0.0070 -0.0070 0.0070
0.6468 0.1070 -0.0680 -0.0970 0.1110 -0.0100 -1.4550 -0.0070 -0.0210 -0.0950 0.0070 -0.0070 0.0070
0.6477 0.1070 -0.0680 -0.0970 0.1110 -0.0110 -1.4550 -0.0070 -0.0210 -0.0800 -0.0070 -0.0070 0.0070
0.6487 0.1070 -0.0680 -0.0970 0.1110 -0.0110 -1.4550 -0.0070 -0.0210 -0.0800 -0.0070 -0.0070 -0.0070
0.6497 0.1070 -0.0680 -0.0970 0.1110 -0.0100 -1.4550 -0.0070 -0.0070 -0.1090 -0.0070 0.0070 -0.0070
0.6507 0.1070 -0.0680 -0.0970 0.1110 -0.0100 -1.4550 -0.0070 -0.0070 -0.1090 -0.0070 0.0070 -0.0070
0.6517 0.1070 -0.0680 -0.0970 0.1110 -0.0100 -1.4550 -0.0070 -0.0070 -0.1090 -0.0070 0.0070 -0.0070
0.6527 0.1070 -0.0680 -0.0970 0.1110 -0.0100 -1.4550 -0.0070 -0.0070 -0.1090 -0.0070 0.0070 -0.0070
0.6537 0.1070 -0.0680 -0.0970 0.1110 -0.0100 -1.4550 -0.0070 -0.0070 -0.1090 -0.0070 0.0070 -0.0070
0.6547 0.1070 -0.0680 -0.0970 0.1110 -0.0100 -1.4550 -0.0070 -0.0070 -0.1090 -0.0070 0.0070 -0.0070
0.6557 0.1070 -0.0680 -0.0970 0.1110 -0.0100 -1.4550 -0.0070 -0.0070 -0.1090 -0.0070 0.0070 -0.0070
0.6567 0.1070 -0.0680 -0.0970 0.1110 -0.0100 -1.4550 -0.0070 -0.0070 -0.1090 -0.0070 0.0070 -0.0070
0.6577 0.1070 -0.0680 -0.0970 0.1110 -0.0100 -1.4550 -0.0070 -0.0070 -0.1090 -0.0070 0.0070 -0.0070
0.6587 0.1070 -0.0680 -0.0970 0.1110 -0.0100 -1.4550 -0.0070 -0.0070 -0.1090 -0.0070 0.0070 -0.0070
0.6597 0.1070 -0.0680 -0.0970 0.1110 -0.0100 -1.4550 -0.0070 -0.0070 -0.1090 -0.0070 0.0070 -0.0070
0.6607 0.1070 -0.0680 -0.0970 0.1110 -0.0100 -1.4550 -0.0070 -0.0070 -0.1090 -0.0070 0.0070 -0.0070
0.6617 0.1070 -0.0680 -0.0970 0.1110 -0.0100 -1.4550 -0.0070 -0.0070 -0.1090 -0.0070 0.0070 -0.0070
0.6627 0.1070 -0.0680 -0.0970 0.1110 -0.0100 -1.4550 -0.0070 -0.0070 -0.1390 -0.0070 -0.0070 -0.0070
0.6637 0.1070 -0.0680 -0.0970 0.1110 -0.0100 -1.4550 -0.0070 -0.0070 -0.1390 -0.0070 -0.0070 -0.0070
0.6647 0.1070 -0.0680 -0.0970 0.1110 -0.0100 -1.4550 -0.0070 -0.0070 -0.1390 -0.0070 -0.0070 -0.0070
0.6657 0.1070 -0.0680 -0.0970 0.1110 -0.0100 -1.4550 -0.0070 -0.0070 -0.1240 -0.0210 -0.0070 -0.0070
0.6667 0.1070 -0.0680 -0.0970 0.1110 -0.0100 -1.4550 -0.0070 -0.0070 -0.1240 -0.0210 -0.0070 -0.0070
0.6677 0.1070 -0.0680 -0.0970 0.1110 -0.0100 -1.4550 -0.0070 -0.0070 -0.1240 -0.0210 -0.0070 -0.0070
0.6688 0.1070 -0.0680 -0.0970 0.1110 -0.0100 -1.4550 -0.0070 -0.0070 -0.0800 -0.0070 -0.0070 -0.0070
0.6697 0.1070 -0.0680 -0.0970 0.1110 -0.0100 -1.4550 -0.0070 -0.0070 -0.0800 -0.0070 -0.0070 -0.0070
0.6709 0.1070 -0.0680 -0.0970 0.1110 -0.0100 -1.4550 -0.0210 -0.0070 -0.0800 -0.0070 -0.0070 -0.0070
0.6718 0.1070 -0.0680 -0.0970 0.1110 -0.0100 -1.4550 -0.0210 -0.0070 -0.0800 -0.0070 -0.0070 -0.0070
0.6727 0.1070 -0.0680 -0.0970 0.1110 -0.0100 -1.4550 -0.0210 -0.0070 -0.0360 -0.0070 -0.0070 -0.0070
0.6737 0.1070 -0.0680 -0.0970 0.1110 -0.0100 -1.4550 -0.0210 -0.0070 -0.0360 -0.0070 -0.0070 -0.0070
0.6747 0.1070 -0.0680 -0.0970 0.1110 -0.0100 -1.4550 -0.0210 -0.0070 -0.0360 -0.0070 -0.0070 -0.0070
0.6757 0.1070 -0.0680 -0.0970 0.1110 -0.0100 -1.4550 -0.0210 -0.0070 -0.0360 -0.0070 -0.0070 -0.0070
0.6767 0.1070 -0.0680 -0.0970 0.1110 -0.0100 -1.4550 -0.0210 -0.0070 -0.0360 -0.0070 -0.0070 -0.0070
0.6777 0.1070 -0.0680 -0.0970 0.1110 -0.0100 -1.4550 -0.0210 -0.0070 -0.0360 -0.0070 -0.0070 -0.0070
0.6788 0.1070 -0.0680 -0.0970 0.1110 -0.0100 -1.4550 -0.0210 -0.0070 -0.0360 -0.0070 -0.0070 -0.0070
0.6797 0.1070 -0.0680 -0.0970 0.1110 -0.0100 -1.4550 -0.0210 -0.0070 -0.0360 -0.0070 -0.0070 -0.0070
0.6807 0.1070 -0.0680 -0.0970 0.1110 -0.0100 -1.4550 -0.0210 -0.0070 -0.0360 -0.0070 -0.0070 -0.0070
0.6817 0.1070 -0.0680 -0.0970 0.1110 -0.0100 -1.4550 -0.0210 -0.0070 -0.0360 -0.0070 -0.0070 -0.0070
0.6827 0.1070 -0.0680 -0.0970 0.1110 -0.0100 -1.4550 -0.0210 -0.0070 -0.0360 -0.0070 -0.0070 -0.0070
0.6837 0.1070 -0.0680 -0.0970 0.1110 -0.0100 -1.4550 -0.0210 -0.0070 -0.0360 -0.0070 -0.0070 -0.0070
0.6847 0.1070 -0.0680 -0.0970 0.1110 -0.0100 -1.4550 -0.0210 -0.0070 -0.0210 -0.0070 -0.0070 -0.0070
0.6858 0.1070 -0.0680 -0.0970 0.1110 -0.0100 -1.4550 -0.0210 -0.0070 -0.0210 -0.0070 -0.0070 -0.0070
0.6868 0.1070 -0.0680 -0.0970 0.1110 -0.0100 -1.4550 -0.0210 -0.0210 -0.0210 -0.0070 0.0070 -0.0070
0.6878 0.1070 -0.0680 -0.0970 0.1110 -0.0100 -1.4550 -0.0070 -0.0210 -0.0210 -0.0070 0.0070 -0.0070
0.6887 0.1070 -0.0680 -0.0970 0.1110 -0.0110 -1.4550 -0.0070 -0.0070 -0.0070 -0.0210 -0.0210 -0.0070
0.6897 0.1070 -0.0680 -0.0970 0.1110 -0.0110 -1.4550 -0.0070 -0.0070 -0.0070 -0.0070 -0.0210 -0.0070
0.6907 0.1070 -0.0680 -0.0970 0.1110 -0.0110 -1.4550 -0.0070 0.0070 -0.0210 -0.0070 -0.0210 -0.0070
0.6917 0.1070 -0.0680 -0.0970 0.1110 -0.0100 -1.4550 -0.0210 0.0070 -0.0210 -0.0070 -0.0070 -0.0070
0.6927 0.1070 -0.0680 -0.0970 0.1110 -0.0100 -1.4550 -0.0210 0.0070 -0.0210 -0.0070 -0.0070 -0.0070
0.6937 0.1070 -0.0680 -0.0970 0.1110 -0.0100 -1.4550 -0.0210 0.0070 -0.0210 -0.0070 -0.0070 -0.0070
0.6947 0.1070 -0.0680 -0.0970 0.1110 -0.0100 -1.4550 -0.0210 0.0070 -0.0210 -0.0070 -0.0070 -0.0070
0.6957 0.1070 -0.0680 -0.0970 0.1110 -0.0100 -1.4550 -0.0210 0.0070 -0.0210 -0.0070 -0.0070 -0.0070
0.6967 0.1070 -0.0680 -0.0970 0.1110 -0.0100 -1.4550 -0.0210 0.0070 -0.0210 -0.0070 -0.0070 -0.0070
0.6977 0.1070 -0.0680 -0.0970 0.1110 -0.0100 -1.4550 -0.0210 0.0070 -0.0210 -0.0070 -0.0070 -0.0070
0.6987 0.1070 -0.0680 -0.0970 0.1110 -0.0100 -1.4550 -0.0210 0.0070 -0.0210 -0.0070 -0.0070 -0.0070
0.6997 0.1070 -0.0680 -0.0970 0.1110 -0.0100 -1.4550 -0.0210 0.0070 -0.0210 -0.0070 -0.0070 -0.0070
0.7007 0.1070 -0.0680 -0.0970 0.1110 -0.0100 -1.4550 -0.0210 0.0070 -0.0210 -0.0070 -0.0070 -0.0070
0.7017 0.1070 -0.0680 -0.0970 0.1110 -0.0100 -1.4550 -0.0210 0.0070 -0.0210 -0.0070 -0.0070 -0.0070
0.7028 0.1070 -0.0680 -0.0970 0.1110 -0.0100 -1.4550 -0.0210 0.0070 -0.0210 -0.0070 -0.0070 -0.0070
0.7042 0.1070 -0.0680 -0.0970 0.1110 -0.0100 -1.4550 -0.0210 -0.0070 -0.0070 -0.0210 -0.0070 -0.0070
0.7050 0.1070 -0.0680 -0.0970 0.1110 -0.0100 -1.4550 -0.0070 -0.0070 -0.0070 -0.0210 -0.0070 -0.0070
0.7056 0.1070 -0.0680 -0.0970 0.1110 -0.0100 -1.4550 -0.0070 -0.0070 -0.0210 -0.0070 -0.0070 -0.0070
0.7067 0.1070 -0.0680 -0.0970 0.1110 -0.0100 -1.4550 -0.0070 -0.0070 -0.0210 -0.0070 -0.0070 -0.0070
0.7077 0.1070 -0.0680 -0.0970 0.1110 -0.0100 -1.4550 -0.0210 -0.0070 -0.0210 -0.0070 -0.0070 0.0070
0.7087 0.1070 -0.0680 -0.0970 0.1110 -0.0100 -1.4550 -0.0210 -0.0070 -0.0210 -0.0070 -0.0070 0.0070
0.7097 0.1070 -0.0680 -0.0970 0.1110 -0.0100 -1.4550 -0.0210 -0.0070 -0.0210 -0.0070 -0.0070 0.0070
0.7107 0.1070 -0.0680 -0.0970 0.1110 -0.0100 -1.4550 -0.0210 -0.0070 -0.0210 -0.0070 -0.0070 0.0070
0.7117 0.1070 -0.0680 -0.0970 0.1110 -0.0100 -1.4550 -0.0210 -0.0070 -0.0210 -0.0070 -0.0070 0.0070
0.7127 0.1070 -0.0680 -0.0970 0.1110 -0.0100 -1.4550 -0.0210 -0.0070 -0.0210 -0.0070 -0.0070 0.0070
0.7145 0.1070 -0.0680 -0.0970 0.1110 -0.0100 -1.4550 -0.0210 -0.0070 -0.0210 -0.0070 -0.0070 0.0070
0.7148 0.1070 -0.0680 -0.0970 0.1110 -0.0100 -1.4550 -0.0210 -0.0070 -0.0210 -0.0070 -0.0070 0.0070
0.7157 0.1070 -0.0680 -0.0970 0.1110 -0.0100 -1.4550 -0.0210 -0.0070 -0.0210 -0.0070 -0.0070 0.0070
0.7167 0.1070 -0.0680 -0.0970 0.1110 -0.0100 -1.4550 -0.0210 -0.0070 -0.0210 -0.0070 -0.0070 0.0070
0.7177 0.1070 -0.0680 -0.0970 0.1110 -0.0100 -1.4550 -0.0210 -0.0070 -0.0210 -0.0070 -0.0070 0.0070
0.7189 0.1070 -0.0680 -0.0970 0.1110 -0.0100 -1.4550 -0.0210 -0.0070 -0.0210 -0.0070 -0.0070 0.0070
0.7197 0.1070 -0.0680 -0.0970 0.1110 -0.0100 -1.4550 -0.0070 -0.0070 -0.0210 -0.0070 -0.0070 0.0070
0.7207 0.1070 -0.0680 -0.0970 0.1110 -0.0110 -1.4550 -0.0070 -0.0070 -0.0360 -0.0210 -0.0210 0.0070
0.7226 0.1070 -0.0680 -0.0970 0.1110 -0.0110 -1.4550 -0.0070 -0.0070 -0.0360 -0.0210 -0.0210 -0.0070
0.7233 0.1070 -0.0680 -0.0970 0.1110 -0.0100 -1.4550 -0.0070 0.0070 -0.0510 -0.0070 -0.0070 -0.0070
0.7237 0.1070 -0.0680 -0.0980 0.1110 -0.0100 -1.4550 -0.0070 -0.0210 -0.0800 -0.0070 -0.0070 -0.0070
0.7247 0.1070 -0.0680 -0.0980 0.1110 -0.0100 -1.4550 -0.0070 -0.0210 -0.0800 -0.0070 -0.0070 -0.0070
0.7257 0.1070 -0.0680 -0.0980 0.1110 -0.0100 -1.4550 -0.0070 -0.0210 -0.0800 -0.0070 -0.0070 -0.0070
0.7267 0.1070 -0.0680 -0.0980 0.1110 -0.0100 -1.4550 -0.0070 -0.0210 -0.0800 -0.0070 -0.0070 -0.0070
0.7277 0.1070 -0.0680 -0.0980 0.1110 -0.0100 -1.4550 -0.0070 -0.0210 -0.0800 -0.0070 -0.0070 -0.0070
0.7287 0.1070 -0.0680 -0.0980 0.1110 -0.0100 -1.4550 -0.0070 -0.0210 -0.0800 -0.0070 -0.0070 -0.0070
0.7297 0.1070 -0.0680 -0.0980 0.1110 -0.0100 -1.4550 -0.0070 -0.0210 -0.0800 -0.0070 -0.0070 -0.0070
0.7307 0.1070 -0.0680 -0.0980 0.1110 -0.0100 -1.4550 -0.0070 -0.0210 -0.0800 -0.0070 -0.0070 -0.0070
0.7317 0.1070 -0.0680 -0.0980 0.1110 -0.0100 -1.4550 -0.0070 -0.0210 -0.0800 -0.0070 -0.0070 -0.0070
0.7327 0.1070 -0.0680 -0.0980 0.1110 -0.0100 -1.4550 -0.0070 -0.0210 -0.0800 -0.0070 -0.0070 -0.0070
0.7345 0.1070 -0.0680 -0.0980 0.1110 -0.0100 -1.4550 -0.0070 -0.0210 -0.0800 -0.0070 -0.0070 -0.0070
0.7346 0.1070 -0.0680 -0.0980 0.1110 -0.0100 -1.4550 -0.0070 -0.0070 -0.0800 -0.0070 -0.0070 -0.0070
0.7357 0.1070 -0.0680 -0.0980 0.1110 -0.0100 -1.4550 -0.0070 -0.0070 -0.0210 0.0070 -0.0070 -0.0070
0.7367 0.1070 -0.0680 -0.0980 0.1110 -0.0100 -1.4550 -0.0070 -0.0070 -0.0210 0.0070 -0.0070 -0.0070
0.7377 0.1070 -0.0680 -0.0980 0.1110 -0.0100 -1.4550 -0.0070 -0.0070 -0.0210 0.0070 -0.0070 -0.0070
0.7387 0.1070 -0.0680 -0.0980 0.1110 -0.0100 -1.4550 -0.0070 -0.0070 -0.0210 0.0070 -0.0070 -0.0070
0.7397 0.1070 -0.0680 -0.0980 0.1110 -0.0100 -1.4550 -0.0070 -0.0070 -0.0210 0.0070 -0.0070 -0.0070
0.7407 0.1070 -0.0680 -0.0980 0.1110 -0.0100 -1.4550 -0.0070 -0.0070 -0.0210 0.0070 -0.0070 -0.0070
0.7417 0.1070 -0.0680 -0.0980 0.1110 -0.0100 -1.4550 -0.0070 -0.0070 -0.0210 0.0070 -0.0070 -0.0070
0.7427 0.1070 -0.0680 -0.0980 0.1110 -0.0100 -1.4550 -0.0070 -0.0070 -0.0210 0.0070 -0.0070 -0.0070
0.7452 0.1070 -0.0680 -0.0980 0.1110 -0.0100 -1.4550 -0.0070 -0.0070 -0.0210 0.0070 -0.0070 -0.0070
0.7454 0.1070 -0.0680 -0.0980 0.1110 -0.0100 -1.4550 -0.0070 -0.0070 -0.0210 0.0070 -0.0070 -0.0070
0.7482 0.1070 -0.0680 -0.0980 0.1110 -0.0100 -1.4550 -0.0070 -0.0070 -0.0210 0.0070 -0.0070 -0.0070
0.7492 0.1070 -0.0680 -0.0980 0.1110 -0.0100 -1.4550 -0.0070 -0.0070 0.0070 -0.0070 -0.0070 -0.0070
0.7495 0.1070 -0.0680 -0.0980 0.1110 -0.0100 -1.4550 -0.0070 -0.0070 0.0070 -0.0070 -0.0070 -0.0070
0.7504 0.1070 -0.0680 -0.0980 0.1110 -0.0100 -1.4550 -0.0070 -0.0070 0.0070 -0.0070 -0.0070 -0.0070
0.7514 0.1070 -0.0680 -0.0980 0.1110 -0.0100 -1.4550 -0.0070 -0.0070 0.0070 -0.0070 -0.0070 -0.0070
0.7524 0.1070 -0.0680 -0.0980 0.1110 -0.0100 -1.4550 -0.0070 -0.0070 0.0070 -0.0070 -0.0070 -0.0070
0.7534 0.1070 -0.0680 -0.0980 0.1110 -0.0100 -1.4550 -0.0070 -0.0070 0.0070 -0.0070 -0.0070 -0.0070
0.7545 0.1070 -0.0680 -0.0980 0.1110 -0.0100 -1.4550 -0.0070 -0.0070 0.0070 -0.0070 -0.0070 -0.0070
0.7555 0.1070 -0.0680 -0.0980 0.1110 -0.0100 -1.4550 -0.0070 -0.0070 0.0070 -0.0070 -0.0070 -0.0070
0.7564 0.1070 -0.0680 -0.0980 0.1110 -0.0100 -1.4550 -0.0070 -0.0070 0.0070 -0.0070 -0.0070 -0.0070
0.7574 0.1070 -0.0680 -0.0980 0.1110 -0.0100 -1.4550 -0.0070 -0.0070 0.0070 -0.0070 -0.0070 -0.0070
0.7585 0.1070 -0.0680 -0.0980 0.1110 -0.0100 -1.4550 -0.0070 -0.0070 0.0070 -0.0070 -0.0070 -0.0070
0.7604 0.1070 -0.0680 -0.0980 0.1110 -0.0100 -1.4550 -0.0070 -0.0070 0.0070 -0.0070 -0.0070 -0.0070
0.7619 0.1070 -0.0680 -0.0980 0.1110 -0.0100 -1.4550 -0.0070 -0.0070 0.0070 -0.0070 -0.0070 -0.0070
0.7621 0.1070 -0.0680 -0.0980 0.1110 -0.0100 -1.4550 -0.0070 -0.0070 -0.0070 -0.0070 -0.0070 -0.0070
0.7624 0.1070 -0.0680 -0.0980 0.1110 -0.0100 -1.4550 -0.0070 -0.0070 -0.0070 -0.0210 -0.0070 -0.0070
0.7634 0.1070 -0.0680 -0.0980 0.1110 -0.0100 -1.4550 -0.0070 -0.0070 -0.0070 -0.0210 -0.0070 -0.0070
0.7648 0.1070 -0.0680 -0.0980 0.1110 -0.0100 -1.4550 -0.0070 -0.0070 -0.0070 -0.0210 -0.0070 -0.0070
0.7654 0.1070 -0.0680 -0.0980 0.1110 -0.0100 -1.4550 -0.0070 -0.0070 -0.0070 -0.0210 -0.0070 -0.0070
0.7664 0.1070 -0.0680 -0.0980 0.1110 -0.0100 -1.4550 -0.0070 -0.0070 -0.0070 -0.0210 -0.0070 -0.0070
0.7674 0.1070 -0.0680 -0.0980 0.1110 -0.0100 -1.4550 -0.0070 -0.0070 -0.0070 -0.0210 -0.0070 -0.0070
0.7684 0.1070 -0.0680 -0.0980 0.1110 -0.0100 -1.4550 -0.0070 -0.0070 -0.0070 -0.0210 -0.0070 -0.0070
0.7694 0.1070 -0.0680 -0.0980 0.1110 -0.0100 -1.4550 -0.0070 -0.0070 -0.0070 -0.0210 -0.0070 -0.0070
0.7704 0.1070 -0.0680 -0.0980 0.1110 -0.0100 -1.4550 -0.0070 -0.0070 -0.0070 -0.0210 -0.0070 -0.0070
0.7715 0.1070 -0.0680 -0.0980 0.1110 -0.0100 -1.4550 -0.0070 -0.0070 -0.0070 -0.0210 -0.0070 -0.0070
0.7732 0.1070 -0.0680 -0.0980 0.1110 -0.0100 -1.4550 -0.0070 -0.0070 -0.0070 -0.0070 -0.0070 -0.0070
0.7734 0.1070 -0.0680 -0.0980 0.1110 -0.0100 -1.4550 -0.0070 -0.0070 -0.0070 -0.0070 -0.0070 -0.0070
0.7744 0.1070 -0.0680 -0.0980 0.1110 -0.0100 -1.4550 -0.0070 -0.0070 -0.0070 -0.0070 -0.0070 -0.0070
0.7754 0.1070 -0.0680 -0.0980 0.1110 -0.0100 -1.4550 -0.0070 -0.0070 -0.0070 -0.0070 -0.0070 -0.0070
0.7764 0.1070 -0.0680 -0.0980 0.1110 -0.0100 -1.4550 -0.0070 -0.0070 -0.0070 -0.0070 -0.0070 -0.0070
0.7774 0.1070 -0.0680 -0.0980 0.1110 -0.0100 -1.4550 -0.0070 -0.0070 -0.0070 -0.0070 -0.0070 -0.0070
0.7784 0.1070 -0.0680 -0.0980 0.1110 -0.0100 -1.4550 -0.0070 -0.0070 -0.0070 -0.0070 -0.0070 -0.0070
0.7794 0.1070 -0.0680 -0.0980 0.1110 -0.0100 -1.4550 -0.0070 -0.0070 -0.0070 -0.0070 -0.0070 -0.0070
0.7804 0.1070 -0.0680 -0.0980 0.1110 -0.0100 -1.4550 -0.0070 -0.0070 -0.0070 -0.0070 -0.0070 -0.0070
0.7815 0.1070 -0.0680 -0.0980 0.1110 -0.0100 -1.4550 -0.0070 -0.0070 -0.0070 -0.0070 -0.0070 -0.0070
0.7824 0.1070 -0.0680 -0.0980 0.1110 -0.0100 -1.4550 -0.0070 -0.0070 -0.0070 -0.0070 -0.0070 -0.0070
0.7834 0.1070 -0.0680 -0.0980 0.1110 -0.0100 -1.4550 -0.0070 -0.0070 -0.0070 -0.0070 -0.0070 -0.0070
0.7852 0.1070 -0.0680 -0.0980 0.1110 -0.0100 -1.4550 -0.0070 -0.0070 -0.0070 -0.0070 -0.0070 -0.0070
0.7859 0.1070 -0.0680 -0.0980 0.1110 -0.0110 -1.4550 -0.0070 0.0070 -0.0070 -0.0070 -0.0070 -0.0070
0.7864 0.1070 -0.0680 -0.0980 0.1110 -0.0110 -1.4550 -0.0070 0.0070 -0.0070 -0.0070 -0.0070 -0.0070
0.7874 0.1070 -0.0680 -0.0980 0.1110 -0.0110 -1.4550 -0.0070 0.0070 -0.0070 -0.0070 -0.0070 -0.0070
0.7885 0.1070 -0.0680 -0.0980 0.1110 -0.0110 -1.4550 -0.0070 0.0070 -0.0070 -0.0070 -0.0070 -0.0070
0.7895 0.1070 -0.0680 -0.0980 0.1110 -0.0110 -1.4550 -0.0070 0.0070 -0.0070 -0.0070 -0.0070 -0.0070
0.7904 0.1070 -0.0680 -0.0980 0.1110 -0.0110 -1.4550 -0.0070 0.0070 -0.0070 -0.0070 -0.0070 -0.0070
0.7914 0.1070 -0.0680 -0.0980 0.1110 -0.0110 -1.4550 -0.0070 0.0070 -0.0070 -0.0070 -0.0070 -0.0070
0.7924 0.1070 -0.0680 -0.0980 0.1110 -0.0110 -1.4550 -0.0070 0.0070 -0.0070 -0.0070 -0.0070 -0.0070
0.7934 0.1070 -0.0680 -0.0980 0.1110 -0.0110 -1.4550 -0.0070 0.0070 -0.0070 -0.0070 -0.0070 -0.0070
0.7944 0.1070 -0.0680 -0.0980 0.1110 -0.0110 -1.4550 -0.0070 0.0070 -0.0070 -0.0070 -0.0070 -0.0070
0.7957 0.1070 -0.0680 -0.0980 0.1110 -0.0100 -1.4550 -0.0070 -0.0210 -0.0070 0.0070 -0.0070 -0.0070
0.7964 0.1070 -0.0680 -0.0980 0.1110 -0.0110 -1.4550 -0.0070 -0.0070 -0.0070 -0.0070 -0.0210 -0.0070
0.7974 0.1070 -0.0680 -0.0980 0.1110 -0.0100 -1.4550 -0.0070 -0.0070 -0.0210 -0.0210 -0.0070 -0.0070
0.7984 0.1070 -0.0680 -0.0980 0.1110 -0.0100 -1.4550 -0.0070 -0.0070 -0.0210 -0.0210 -0.0070 -0.0070
0.7994 0.1070 -0.0680 -0.0980 0.1110 -0.0100 -1.4550 -0.0070 -0.0070 -0.0210 -0.0210 -0.0070 -0.0070
0.8004 0.1070 -0.0680 -0.0980 0.1110 -0.0100 -1.4550 -0.0070 -0.0070 -0.0210 -0.0210 -0.0070 -0.0070
0.8014 0.1070 -0.0680 -0.0980 0.1110 -0.0100 -1.4550 -0.0070 -0.0070 -0.0210 -0.0210 -0.0070 -0.0070
0.8024 0.1070 -0.0680 -0.0980 0.1110 -0.0100 -1.4550 -0.0070 -0.0070 -0.0210 -0.0210 -0.0070 -0.0070
0.8035 0.1070 -0.0680 -0.0980 0.1110 -0.0100 -1.4550 -0.0070 -0.0070 -0.0210 -0.0210 -0.0070 -0.0070
0.8045 0.1070 -0.0680 -0.0980 0.1110 -0.0100 -1.4550 -0.0070 -0.0070 -0.0210 -0.0210 -0.0070 -0.0070
0.8054 0.1070 -0.0680 -0.0980 0.1110 -0.0100 -1.4550 -0.0070 -0.0070 -0.0210 -0.0210 -0.0070 -0.0070
0.8064 0.1070 -0.0680 -0.0980 0.1110 -0.0100 -1.4550 -0.0070 -0.0070 -0.0210 -0.0210 -0.0070 -0.0070
0.8081 0.1070 -0.0680 -0.0980 0.1110 -0.0100 -1.4550 -0.0070 -0.0070 -0.0070 -0.0070 -0.0070 0.0070
0.8084 0.1070 -0.0680 -0.0980 0.1110 -0.0100 -1.4550 -0.0070 -0.0070 -0.0070 -0.0070 -0.0070 0.0070
0.8094 0.1070 -0.0680 -0.0980 0.1110 -0.0100 -1.4550 -0.0070 -0.0070 -0.0070 -0.0070 -0.0070 0.0070
0.8104 0.1070 -0.0680 -0.0980 0.1110 -0.0100 -1.4550 -0.0070 -0.0070 -0.0070 -0.0070 -0.0070 0.0070
0.8114 0.1070 -0.0680 -0.0980 0.1110 -0.0100 -1.4550 -0.0070 -0.0070 -0.0070 -0.0070 -0.0070 0.0070
0.8124 0.1070 -0.0680 -0.0980 0.1110 -0.0100 -1.4550 -0.0070 -0.0070 -0.0070 -0.0070 -0.0070 0.0070
0.8134 0.1070 -0.0680 -0.0980 0.1110 -0.0100 -1.4550 -0.0070 -0.0070 -0.0070 -0.0070 -0.0070 0.0070
0.8150 0.1070 -0.0680 -0.0980 0.1110 -0.0100 -1.4550 -0.0070 -0.0070 -0.0070 -0.0070 -0.0070 0.0070
0.8154 0.1070 -0.0680 -0.0980 0.1110 -0.0100 -1.4550 -0.0070 -0.0070 -0.0070 -0.0070 -0.0070 0.0070
0.8164 0.1070 -0.0680 -0.0980 0.1110 -0.0100 -1.4550 -0.0070 -0.0070 -0.0070 -0.0070 -0.0070 0.0070
0.8174 0.1070 -0.0680 -0.0980 0.1110 -0.0100 -1.4550 -0.0070 -0.0070 -0.0070 -0.0070 -0.0070 0.0070
0.8188 0.1070 -0.0680 -0.0980 0.1110 -0.0100 -1.4550 -0.0070 -0.0070 -0.0070 -0.0070 -0.0070 0.0070
0.8194 0.1070 -0.0680 -0.0980 0.1110 -0.0100 -1.4550 -0.0070 -0.0070 -0.0070 -0.0070 -0.0070 -0.0070
0.8205 0.1070 -0.0680 -0.0980 0.1110 -0.0100 -1.4550 -0.0070 -0.0210 -0.0070 -0.0070 -0.0070 -0.0070
0.8214 0.1070 -0.0680 -0.0980 0.1110 -0.0100 -1.4550 -0.0070 -0.0210 -0.0070 -0.0070 -0.0070 -0.0070
0.8224 0.1070 -0.0680 -0.0980 0.1110 -0.0100 -1.4550 -0.0070 -0.0210 -0.0070 -0.0070 -0.0070 -0.0070
0.8234 0.1070 -0.0680 -0.0980 0.1110 -0.0100 -1.4550 -0.0070 -0.0210 -0.0070 -0.0070 -0.0070 -0.0070
0.8244 0.1070 -0.0680 -0.0980 0.1110 -0.0100 -1.4550 -0.0070 -0.0210 -0.0070 -0.0070 -0.0070 -0.0070
0.8254 0.1070 -0.0680 -0.0980 0.1110 -0.0100 -1.4550 -0.0070 -0.0210 -0.0070 -0.0070 -0.0070 -0.0070
0.8264 0.1070 -0.0680 -0.0980 0.1110 -0.0100 -1.4550 -0.0070 -0.0210 -0.0070 -0.0070 -0.0070 -0.0070
0.8274 0.1070 -0.0680 -0.0980 0.1110 -0.0100 -1.4550 -0.0070 -0.0210 -0.0070 -0.0070 -0.0070 -0.0070
0.8284 0.1070 -0.0680 -0.0980 0.1110 -0.0100 -1.4550 -0.0070 -0.0210 -0.0070 -0.0070 -0.0070 -0.0070
0.8294 0.1070 -0.0680 -0.0980 0.1110 -0.0100 -1.4550 -0.0070 -0.0210 -0.0070 -0.0070 -0.0070 -0.0070
0.8316 0.1070 -0.0680 -0.0980 0.1110 -0.0100 -1.4550 -0.0070 -0.0210 -0.0070 -0.0070 -0.0070 -0.0070
0.8321 0.1070 -0.0680 -0.0980 0.1110 -0.0100 -1.4550 -0.0070 -0.0210 -0.0070 -0.0070 -0.0070 -0.0070
0.8324 0.1070 -0.0680 -0.0980 0.1110 -0.0100 -1.4550 -0.0070 -0.0210 -0.0070 -0.0070 -0.0070 -0.0070
0.8334 0.1070 -0.0680 -0.0980 0.1110 -0.0100 -1.4550 -0.0070 -0.0210 -0.0070 -0.0070 -0.0070 -0.0070
0.8344 0.1070 -0.0680 -0.0980 0.1110 -0.0100 -1.4550 -0.0070 -0.0210 -0.0070 -0.0070 -0.0070 -0.0070
0.8355 0.1070 -0.0680 -0.0980 0.1110 -0.0100 -1.4550 -0.0070 -0.0210 -0.0070 -0.0070 -0.0070 -0.0070
0.8364 0.1070 -0.0680 -0.0980 0.1110 -0.0100 -1.4550 -0.0070 -0.0210 -0.0070 -0.0070 -0.0070 -0.0070
0.8374 0.1070 -0.0680 -0.0980 0.1110 -0.0100 -1.4550 -0.0070 -0.0210 -0.0070 -0.0070 -0.0070 -0.0070
0.8385 0.1070 -0.0680 -0.0980 0.1110 -0.0100 -1.4550 -0.0070 -0.0210 -0.0070 -0.0070 -0.0070 -0.0070
0.8394 0.1070 -0.0680 -0.0980 0.1110 -0.0100 -1.4550 -0.0070 -0.0210 -0.0070 -0.0070 -0.0070 -0.0070
0.8404 0.1070 -0.0680 -0.0980 0.1110 -0.0100 -1.4550 -0.0070 -0.0210 -0.0070 -0.0070 -0.0070 -0.0070
0.8414 0.1070 -0.0680 -0.0980 0.1110 -0.0100 -1.4550 -0.0070 -0.0210 -0.0070 -0.0070 -0.0070 -0.0070
0.8430 0.1070 -0.0680 -0.0980 0.1110 -0.0100 -1.4550 -0.0070 -0.0070 -0.0210 -0.0070 -0.0210 -0.0070
0.8434 0.1070 -0.0680 -0.0980 0.1110 -0.0100 -1.4550 -0.0070 -0.0070 -0.0210 -0.0070 -0.0210 -0.0070
0.8444 0.1070 -0.0680 -0.0980 0.1110 -0.0100 -1.4550 -0.0070 -0.0070 -0.0210 -0.0070 -0.0210 -0.0070
0.8454 0.1070 -0.0680 -0.0980 0.1110 -0.0100 -1.4550 -0.0070 -0.0070 -0.0210 -0.0070 -0.0210 -0.0070
0.8464 0.1070 -0.0680 -0.0980 0.1110 -0.0100 -1.4550 -0.0070 -0.0070 -0.0210 -0.0070 -0.0210 -0.0070
0.8474 0.1070 -0.0680 -0.0980 0.1110 -0.0100 -1.4550 -0.0070 -0.0070 -0.0210 -0.0070 -0.0210 -0.0070
0.8484 0.1070 -0.0680 -0.0980 0.1110 -0.0100 -1.4550 -0.0070 -0.0070 -0.0210 -0.0070 -0.0210 -0.0070
0.8494 0.1070 -0.0680 -0.0980 0.1110 -0.0100 -1.4550 -0.0070 -0.0070 -0.0210 -0.0070 -0.0210 -0.0070
0.8504 0.1070 -0.0680 -0.0980 0.1110 -0.0100 -1.4550 -0.0070 -0.0070 -0.0210 -0.0070 -0.0210 -0.0070
0.8515 0.1070 -0.0680 -0.0980 0.1110 -0.0100 -1.4550 -0.0070 -0.0070 -0.0210 -0.0070 -0.0210 -0.0070
0.8524 0.1070 -0.0680 -0.0980 0.1110 -0.0100 -1.4550 -0.0070 -0.0070 -0.0210 -0.0070 -0.0210 -0.0070
0.8534 0.1070 -0.0680 -0.0980 0.1110 -0.0100 -1.4550 -0.0070 -0.0070 -0.0210 -0.0070 -0.0210 -0.0070
0.8555 0.1070 -0.0680 -0.0980 0.1110 -0.0100 -1.4550 0.0070 0.0070 -0.0070 -0.0070 -0.0070 -0.0070
0.8556 0.1070 -0.0680 -0.0980 0.1110 -0.0100 -1.4550 0.0070 0.0070 -0.0070 -0.0070 -0.0070 -0.0070
0.8564 0.1070 -0.0680 -0.0980 0.1110 -0.0100 -1.4550 -0.0210 -0.0070 -0.0070 -0.0070 -0.0070 -0.0210
0.8574 0.1070 -0.0680 -0.0980 0.1110 -0.0100 -1.4550 -0.0210 -0.0070 -0.0070 -0.0070 -0.0070 -0.0210
0.8584 0.1070 -0.0680 -0.0980 0.1110 -0.0100 -1.4550 -0.0210 -0.0070 -0.0070 -0.0070 -0.0070 -0.0210
0.8594 0.1070 -0.0680 -0.0980 0.1110 -0.0100 -1.4550 -0.0210 -0.0070 -0.0070 -0.0070 -0.0070 -0.0210
0.8604 0.1070 -0.0680 -0.0980 0.1110 -0.0100 -1.4550 -0.0210 -0.0070 -0.0070 -0.0070 -0.0070 -0.0210
0.8614 0.1070 -0.0680 -0.0980 0.1110 -0.0100 -1.4550 -0.0210 -0.0070 -0.0070 -0.0070 -0.0070 -0.0210
0.8625 0.1070 -0.0680 -0.0980 0.1110 -0.0100 -1.4550 -0.0210 -0.0070 -0.0070 -0.0070 -0.0070 -0.0210
0.8635 0.1070 -0.0680 -0.0980 0.1110 -0.0100 -1.4550 -0.0210 -0.0070 -0.0070 -0.0070 -0.0070 -0.0210
0.8644 0.1070 -0.0680 -0.0980 0.1110 -0.0100 -1.4550 -0.0210 -0.0070 -0.0070 -0.0070 -0.0070 -0.0210
0.8654 0.1070 -0.0680 -0.0980 0.1110 -0.0100 -1.4550 -0.0210 -0.0070 -0.0070 -0.0070 -0.0070 -0.0210
0.8664 0.1070 -0.0680 -0.0980 0.1110 -0.0100 -1.4550 -0.0210 -0.0070 -0.0070 -0.0070 -0.0070 -0.0210
0.8677 0.1070 -0.0680 -0.0980 0.1110 -0.0100 -1.4550 -0.0070 0.0070 -0.0210 0.0070 -0.0070 -0.0210
0.8684 0.1070 -0.0680 -0.0980 0.1110 -0.0100 -1.4550 0.0070 0.0070 -0.0210 -0.0070 0.0070 0.0070
0.8695 0.1070 -0.0680 -0.0980 0.1110 -0.0100 -1.4550 0.0070 0.0070 -0.0210 -0.0070 0.0070 0.0070
0.8705 0.1070 -0.0680 -0.0980 0.1110 -0.0100 -1.4550 0.0070 0.0070 -0.0210 -0.0070 0.0070 0.0070
0.8715 0.1070 -0.0680 -0.0980 0.1110 -0.0100 -1.4550 0.0070 0.0070 -0.0210 -0.0070 0.0070 0.0070
0.8724 0.1070 -0.0680 -0.0980 0.1110 -0.0100 -1.4550 0.0070 0.0070 -0.0210 -0.0070 0.0070 0.0070
0.8734 0.1070 -0.0680 -0.0980 0.1110 -0.0100 -1.4550 0.0070 0.0070 -0.0210 -0.0070 0.0070 0.0070
0.8744 0.1070 -0.0680 -0.0980 0.1110 -0.0100 -1.4550 0.0070 0.0070 -0.0210 -0.0070 0.0070 0.0070
0.8754 0.1070 -0.0680 -0.0980 0.1110 -0.0100 -1.4550 0.0070 0.0070 -0.0210 -0.0070 0.0070 0.0070
0.8764 0.1070 -0.0680 -0.0980 0.1110 -0.0100 -1.4550 0.0070 0.0070 -0.0210 -0.0070 0.0070 0.0070
0.8774 0.1070 -0.0680 -0.0980 0.1110 -0.0100 -1.4550 0.0070 0.0070 -0.0210 -0.0070 0.0070 0.0070
0.8795 0.1070 -0.0680 -0.0980 0.1110 -0.0100 -1.4550 0.0070 0.0070 -0.0210 -0.0070 0.0070 0.0070
0.8797 0.1070 -0.0680 -0.0980 0.1110 -0.0100 -1.4550 -0.0070 0.0070 -0.0210 -0.0070 -0.0070 -0.0070
0.8807 0.1070 -0.0670 -0.0980 0.1110 -0.0100 -1.4550 -0.0070 0.0360 -0.0070 -0.0070 -0.0070 -0.0070
0.8814 0.1070 -0.0670 -0.0980 0.1110 -0.0100 -1.4550 -0.0070 0.0360 -0.0070 -0.0070 -0.0070 -0.0070
0.8825 0.1070 -0.0670 -0.0980 0.1110 -0.0100 -1.4550 -0.0070 0.0360 -0.0070 -0.0070 -0.0070 -0.0070
0.8835 0.1070 -0.0670 -0.0980 0.1110 -0.0100 -1.4550 -0.0070 0.0360 -0.0070 -0.0070 -0.0070 -0.0070
0.8845 0.1070 -0.0670 -0.0980 0.1110 -0.0100 -1.4550 -0.0070 0.0360 -0.0070 -0.0070 -0.0070 -0.0070
0.8854 0.1070 -0.0670 -0.0980 0.1110 -0.0100 -1.4550 -0.0070 0.0360 -0.0070 -0.0070 -0.0070 -0.0070
0.8864 0.1070 -0.0670 -0.0980 0.1110 -0.0100 -1.4550 -0.0070 0.0360 -0.0070 -0.0070 -0.0070 -0.0070
0.8875 0.1070 -0.0670 -0.0980 0.1110 -0.0100 -1.4550 -0.0070 0.0360 -0.0070 -0.0070 -0.0070 -0.0070
0.8884 0.1070 -0.0670 -0.0980 0.1110 -0.0100 -1.4550 -0.0070 0.0360 -0.0070 -0.0070 -0.0070 -0.0070
0.8894 0.1070 -0.0670 -0.0980 0.1110 -0.0100 -1.4550 -0.0070 0.0360 -0.0070 -0.0070 -0.0070 -0.0070
0.8904 0.1070 -0.0670 -0.0980 0.1110 -0.0100 -1.4550 -0.0070 0.0360 -0.0070 -0.0070 -0.0070 -0.0070
0.8922 0.1070 -0.0670 -0.0980 0.1110 -0.0100 -1.4550 -0.0070 0.0360 -0.0070 -0.0070 -0.0070 -0.0070
0.8928 0.1070 -0.0670 -0.0980 0.1110 -0.0100 -1.4550 -0.0070 0.0510 -0.0210 -0.0210 -0.0070 -0.0070
0.8935 0.1070 -0.0670 -0.0980 0.1110 -0.0100 -1.4550 -0.0070 0.0510 -0.0210 -0.0210 -0.0070 -0.0070
0.8944 0.1070 -0.0670 -0.0980 0.1110 -0.0100 -1.4550 -0.0070 0.0510 -0.0210 -0.0210 -0.0070 -0.0070
0.8954 0.1070 -0.0670 -0.0980 0.1110 -0.0100 -1.4550 -0.0070 0.0510 -0.0210 -0.0210 -0.0070 -0.0070
0.8964 0.1070 -0.0670 -0.0980 0.1110 -0.0100 -1.4550 -0.0070 0.0510 -0.0210 -0.0210 -0.0070 -0.0070
0.8974 0.1070 -0.0670 -0.0980 0.1110 -0.0100 -1.4550 -0.0070 0.0510 -0.0210 -0.0210 -0.0070 -0.0070
0.8985 0.1070 -0.0670 -0.0980 0.1110 -0.0100 -1.4550 -0.0070 0.0510 -0.0210 -0.0210 -0.0070 -0.0070
0.8994 0.1070 -0.0670 -0.0980 0.1110 -0.0100 -1.4550 -0.0070 0.0510 -0.0210 -0.0210 -0.0070 -0.0070
0.9004 0.1070 -0.0670 -0.0980 0.1110 -0.0100 -1.4550 -0.0070 0.0510 -0.0210 -0.0210 -0.0070 -0.0070
0.9014 0.1070 -0.0670 -0.0980 0.1110 -0.0100 -1.4550 -0.0070 0.0510 -0.0210 -0.0210 -0.0070 -0.0070
0.9024 0.1070 -0.0670 -0.0980 0.1110 -0.0100 -1.4550 -0.0070 0.0510 -0.0210 -0.0210 -0.0070 -0.0070
0.9048 0.1070 -0.0670 -0.0980 0.1110 -0.0100 -1.4550 -0.0070 0.0510 -0.0210 -0.0210 -0.0070 -0.0070
0.9050 0.1070 -0.0670 -0.0980 0.1110 -0.0100 -1.4550 -0.0070 0.0510 -0.0070 -0.0070 -0.0070 -0.0070
0.9054 0.1070 -0.0670 -0.0980 0.1110 -0.0100 -1.4550 -0.0070 0.0360 -0.0070 -0.0070 -0.0070 -0.0070
0.9064 0.1070 -0.0670 -0.0980 0.1110 -0.0100 -1.4550 -0.0070 0.0360 -0.0070 -0.0070 -0.0070 -0.0070
0.9074 0.1070 -0.0670 -0.0980 0.1110 -0.0100 -1.4550 -0.0070 0.0360 -0.0070 -0.0070 -0.0070 -0.0070
0.9094 0.1070 -0.0670 -0.0980 0.1110 -0.0100 -1.4550 -0.0070 0.0360 -0.0070 -0.0070 -0.0070 -0.0070
0.9118 0.1070 -0.0670 -0.0980 0.1110 -0.0100 -1.4550 -0.0070 0.0360 -0.0070 -0.0070 -0.0070 -0.0070
0.9121 0.1070 -0.0670 -0.0980 0.1110 -0.0100 -1.4550 -0.0070 0.0360 -0.0070 -0.0070 -0.0070 -0.0070
0.9130 0.1070 -0.0670 -0.0980 0.1110 -0.0100 -1.4550 -0.0070 0.0360 -0.0070 -0.0070 -0.0070 -0.0070
0.9140 0.1070 -0.0670 -0.0980 0.1110 -0.0100 -1.4550 -0.0070 0.0360 -0.0070 -0.0070 -0.0070 -0.0070
0.9150 0.1070 -0.0670 -0.0980 0.1110 -0.0100 -1.4550 -0.0070 0.0360 -0.0070 -0.0070 -0.0070 -0.0070
0.9160 0.1070 -0.0670 -0.0980 0.1110 -0.0110 -1.4550 -0.0070 0.0210 -0.0070 0.0070 -0.0070 0.0070
0.9171 0.1070 -0.0670 -0.0980 0.1110 -0.0100 -1.4550 0.0070 0.0210 -0.0070 -0.0210 -0.0070 -0.0070
0.9180 0.1070 -0.0670 -0.0980 0.1110 -0.0110 -1.4550 -0.0070 0.0210 -0.0070 -0.0070 -0.0210 -0.0070
0.9190 0.1070 -0.0670 -0.0980 0.1110 -0.0110 -1.4550 -0.0070 0.0210 -0.0070 -0.0070 -0.0210 -0.0070
0.9200 0.1070 -0.0670 -0.0980 0.1110 -0.0110 -1.4550 -0.0070 0.0210 -0.0070 -0.0070 -0.0210 -0.0070
0.9211 0.1070 -0.0670 -0.0980 0.1110 -0.0110 -1.4550 -0.0070 0.0210 -0.0070 -0.0070 -0.0210 -0.0070
0.9220 0.1070 -0.0670 -0.0980 0.1110 -0.0110 -1.4550 -0.0070 0.0210 -0.0070 -0.0070 -0.0210 -0.0070
0.9230 0.1070 -0.0670 -0.0980 0.1110 -0.0110 -1.4550 -0.0070 0.0210 -0.0070 -0.0070 -0.0210 -0.0070
0.9240 0.1070 -0.0670 -0.0980 0.1110 -0.0110 -1.4550 -0.0070 0.0210 -0.0070 -0.0070 -0.0210 -0.0070
0.9250 0.1070 -0.0670 -0.0980 0.1110 -0.0110 -1.4550 -0.0070 0.0210 -0.0070 -0.0070 -0.0210 -0.0070
0.9260 0.1070 -0.0670 -0.0980 0.1110 -0.0110 -1.4550 -0.0070 0.0210 -0.0070 -0.0070 -0.0210 -0.0070
0.9270 0.1070 -0.0670 -0.0980 0.1110 -0.0110 -1.4550 -0.0070 0.0210 -0.0070 -0.0070 -0.0210 -0.0070
0.9280 0.1070 -0.0670 -0.0980 0.1110 -0.0110 -1.4550 -0.0070 0.0210 -0.0070 -0.0070 -0.0210 -0.0070
0.9290 0.1070 -0.0670 -0.0980 0.1110 -0.0110 -1.4550 -0.0070 0.0210 -0.0070 -0.0070 -0.0210 -0.0070
0.9300 0.1070 -0.0670 -0.0980 0.1110 -0.0110 -1.4550 -0.0070 0.0070 -0.0360 -0.0210 0.0070 -0.0070
0.9310 0.1070 -0.0670 -0.0980 0.1110 -0.0110 -1.4550 -0.0070 0.0070 -0.0360 -0.0210 0.0070 -0.0070
0.9320 0.1070 -0.0670 -0.0980 0.1110 -0.0110 -1.4550 -0.0070 0.0070 -0.0360 -0.0210 0.0070 -0.0070
0.9330 0.1070 -0.0670 -0.0980 0.1110 -0.0110 -1.4550 -0.0070 0.0070 -0.0360 -0.0210 0.0070 -0.0070
0.9340 0.1070 -0.0670 -0.0980 0.1110 -0.0110 -1.4550 -0.0070 0.0070 -0.0360 -0.0210 0.0070 -0.0070
0.9350 0.1070 -0.0670 -0.0980 0.1110 -0.0110 -1.4550 -0.0070 0.0070 -0.0360 -0.0210 0.0070 -0.0070
0.9360 0.1070 -0.0670 -0.0980 0.1110 -0.0110 -1.4550 -0.0070 0.0070 -0.0360 -0.0210 0.0070 -0.0070
0.9370 0.1070 -0.0670 -0.0980 0.1110 -0.0110 -1.4550 -0.0070 0.0070 -0.0360 -0.0210 0.0070 -0.0070
0.9381 0.1070 -0.0670 -0.0980 0.1110 -0.0110 -1.4550 -0.0070 0.0070 -0.0360 -0.0210 0.0070 -0.0070
0.9390 0.1070 -0.0670 -0.0980 0.1110 -0.0110 -1.4550 -0.0070 0.0070 -0.0360 -0.0210 0.0070 -0.0070
0.9400 0.1070 -0.0670 -0.0980 0.1110 -0.0110 -1.4550 -0.0070 0.0070 -0.0360 -0.0210 0.0070 -0.0070
0.9428 0.1070 -0.0670 -0.0980 0.1110 -0.0110 -1.4550 -0.0070 0.0070 -0.0360 -0.0210 0.0070 -0.0070
0.9445 0.1070 -0.0670 -0.0980 0.1110 -0.0100 -1.4550 -0.0070 0.0070 -0.0210 -0.0070 -0.0070 -0.0070
0.9447 0.1070 -0.0670 -0.0980 0.1110 -0.0100 -1.4550 -0.0070 0.0070 -0.0210 -0.0070 -0.0070 -0.0070
0.9450 0.1070 -0.0670 -0.0980 0.1110 -0.0100 -1.4550 -0.0070 0.0070 -0.0210 -0.0070 -0.0070 -0.0070
0.9483 0.1070 -0.0670 -0.0980 0.1110 -0.0100 -1.4550 -0.0070 0.0070 -0.0210 -0.0070 -0.0070 -0.0070
0.9485 0.1070 -0.0670 -0.0980 0.1110 -0.0100 -1.4550 -0.0070 0.0070 -0.0210 -0.0070 -0.0070 -0.0070
0.9496 0.1070 -0.0670 -0.0980 0.1110 -0.0100 -1.4550 -0.0070 0.0070 -0.0210 -0.0070 -0.0070 -0.0070
0.9506 0.1070 -0.0670 -0.0980 0.1110 -0.0100 -1.4550 -0.0070 0.0070 -0.0210 -0.0070 -0.0070 -0.0070
0.9515 0.1070 -0.0670 -0.0980 0.1110 -0.0100 -1.4550 -0.0070 0.0070 -0.0210 -0.0070 -0.0070 -0.0070
0.9525 0.1070 -0.0670 -0.0980 0.1110 -0.0100 -1.4550 -0.0070 0.0070 -0.0210 -0.0070 -0.0070 -0.0070
0.9546 0.1070 -0.0670 -0.0980 0.1110 -0.0110 -1.4550 -0.0070 0.0070 -0.0210 0.0070 -0.0210 -0.0070
0.9554 0.1070 -0.0670 -0.0980 0.1110 -0.0110 -1.4550 -0.0070 0.0070 -0.0210 0.0070 -0.0210 -0.0070
0.9560 0.1070 -0.0670 -0.0980 0.1110 -0.0110 -1.4550 -0.0070 0.0070 -0.0210 0.0070 -0.0210 -0.0070
0.9565 0.1070 -0.0670 -0.0980 0.1110 -0.0100 -1.4550 -0.0210 0.0210 -0.0070 -0.0210 -0.0070 -0.0070
0.9575 0.1070 -0.0670 -0.0980 0.1110 -0.0100 -1.4550 -0.0210 0.0210 -0.0070 -0.0210 -0.0070 -0.0070
0.9585 0.1070 -0.0670 -0.0980 0.1110 -0.0100 -1.4550 -0.0210 0.0210 -0.0070 -0.0210 -0.0070 -0.0070
0.9596 0.1070 -0.0670 -0.0980 0.1110 -0.0100 -1.4550 -0.0210 0.0210 -0.0070 -0.0210 -0.0070 -0.0070
0.9605 0.1070 -0.0670 -0.0980 0.1110 -0.0100 -1.4550 -0.0210 0.0210 -0.0070 -0.0210 -0.0070 -0.0070
0.9615 0.1070 -0.0670 -0.0980 0.1110 -0.0100 -1.4550 -0.0210 0.0210 -0.0070 -0.0210 -0.0070 -0.0070
0.9625 0.1070 -0.0670 -0.0980 0.1110 -0.0100 -1.4550 -0.0210 0.0210 -0.0070 -0.0210 -0.0070 -0.0070
0.9635 0.1070 -0.0670 -0.0980 0.1110 -0.0100 -1.4550 -0.0210 0.0210 -0.0070 -0.0210 -0.0070 -0.0070
0.9646 0.1070 -0.0670 -0.0980 0.1110 -0.0100 -1.4550 -0.0210 0.0210 -0.0070 -0.0210 -0.0070 -0.0070
0.9655 0.1070 -0.0670 -0.0980 0.1110 -0.0100 -1.4550 -0.0210 0.0210 -0.0070 -0.0210 -0.0070 -0.0070
0.9666 0.1070 -0.0670 -0.0980 0.1110 -0.0100 -1.4550 -0.0210 0.0210 -0.0070 -0.0210 -0.0070 -0.0070
0.9676 0.1070 -0.0670 -0.0980 0.1110 -0.0110 -1.4550 -0.0210 -0.0070 -0.0210 -0.0070 -0.0210 -0.0070
0.9685 0.1070 -0.0670 -0.0980 0.1110 -0.0100 -1.4550 -0.0070 0.0070 -0.0070 -0.0070 -0.0070 -0.0070
0.9699 0.1070 -0.0670 -0.0980 0.1110 -0.0100 -1.4550 -0.0070 0.0070 -0.0070 -0.0070 -0.0070 -0.0070
0.9706 0.1070 -0.0670 -0.0980 0.1110 -0.0100 -1.4550 -0.0070 0.0070 -0.0070 -0.0070 -0.0070 -0.0070
0.9716 0.1070 -0.0670 -0.0980 0.1110 -0.0100 -1.4550 -0.0070 0.0070 -0.0070 -0.0070 -0.0070 -0.0070
0.9725 0.1070 -0.0670 -0.0980 0.1110 -0.0100 -1.4550 -0.0070 0.0070 -0.0070 -0.0070 -0.0070 -0.0070
0.9735 0.1070 -0.0670 -0.0980 0.1110 -0.0100 -1.4550 -0.0070 0.0070 -0.0070 -0.0070 -0.0070 -0.0070
0.9745 0.1070 -0.0670 -0.0980 0.1110 -0.0100 -1.4550 -0.0070 0.0070 -0.0070 -0.0070 -0.0070 -0.0070
0.9767 0.1070 -0.0670 -0.0980 0.1110 -0.0100 -1.4550 -0.0070 0.0070 -0.0070 -0.0070 -0.0070 -0.0070
0.9774 0.1070 -0.0670 -0.0980 0.1110 -0.0100 -1.4550 -0.0070 0.0070 -0.0070 -0.0070 -0.0070 -0.0070
0.9776 0.1070 -0.0670 -0.0980 0.1110 -0.0100 -1.4550 -0.0070 0.0070 -0.0070 -0.0070 -0.0070 -0.0070
0.9785 0.1070 -0.0670 -0.0980 0.1110 -0.0100 -1.4550 -0.0070 0.0070 -0.0070 -0.0070 -0.0070 -0.0070
0.9800 0.1070 -0.0670 -0.0980 0.1110 -0.0100 -1.4550 -0.0210 -0.0070 -0.0070 -0.0070 -0.0210 -0.0070
0.9805 0.1070 -0.0670 -0.0980 0.1110 -0.0100 -1.4550 -0.0210 -0.0070 -0.0070 -0.0070 -0.0210 -0.0070
0.9815 0.1070 -0.0670 -0.0980 0.1110 -0.0100 -1.4550 -0.0210 -0.0070 -0.0070 -0.0070 -0.0210 -0.0070
0.9825 0.1070 -0.0670 -0.0980 0.1110 -0.0100 -1.4550 -0.0210 -0.0070 -0.0070 -0.0070 -0.0210 -0.0070
0.9835 0.1070 -0.0670 -0.0980 0.1110 -0.0100 -1.4550 -0.0210 -0.0070 -0.0070 -0.0070 -0.0210 -0.0070
0.9845 0.1070 -0.0670 -0.0980 0.1110 -0.0100 -1.4550 -0.0210 -0.0070 -0.0070 -0.0070 -0.0210 -0.0070
0.9855 0.1070 -0.0670 -0.0980 0.1110 -0.0100 -1.4550 -0.0210 -0.0070 -0.0070 -0.0070 -0.0210 -0.0070
0.9866 0.1070 -0.0670 -0.0980 0.1110 -0.0100 -1.4550 -0.0210 -0.0070 -0.0070 -0.0070 -0.0210 -0.0070
0.9877 0.1070 -0.0670 -0.0980 0.1110 -0.0100 -1.4550 -0.0210 -0.0070 -0.0070 -0.0070 -0.0210 -0.0070
0.9886 0.1070 -0.0670 -0.0980 0.1110 -0.0100 -1.4550 -0.0210 -0.0070 -0.0070 -0.0070 -0.0210 -0.0070
0.9895 0.1070 -0.0670 -0.0980 0.1110 -0.0100 -1.4550 -0.0210 -0.0070 -0.0070 -0.0070 -0.0210 -0.0070
0.9905 0.1070 -0.0670 -0.0980 0.1110 -0.0100 -1.4550 -0.0210 -0.0070 -0.0070 -0.0070 -0.0210 -0.0070
0.9919 0.1070 -0.0660 -0.0980 0.1110 -0.0110 -1.4550 -0.0360 0.0650 -0.0070 0.0070 -0.0070 -0.0070
0.9925 0.1070 -0.0660 -0.0980 0.1110 -0.0110 -1.4550 -0.0360 0.0650 -0.0070 0.0070 -0.0070 -0.0070
0.9935 0.1070 -0.0660 -0.0980 0.1110 -0.0110 -1.4550 -0.0360 0.0650 -0.0070 0.0070 -0.0070 -0.0070
0.9945 0.1070 -0.0660 -0.0980 0.1110 -0.0110 -1.4550 -0.0360 0.0650 -0.0070 0.0070 -0.0070 -0.0070
0.9956 0.1070 -0.0660 -0.0980 0.1110 -0.0110 -1.4550 -0.0360 0.0650 -0.0070 0.0070 -0.0070 -0.0070
0.9966 0.1070 -0.0660 -0.0980 0.1110 -0.0110 -1.4550 -0.0360 0.0650 -0.0070 0.0070 -0.0070 -0.0070
0.9975 0.1070 -0.0660 -0.0980 0.1110 -0.0110 -1.4550 -0.0360 0.0650 -0.0070 0.0070 -0.0070 -0.0070
0.9986 0.1070 -0.0660 -0.0980 0.1110 -0.0110 -1.4550 -0.0360 0.0650 -0.0070 0.0070 -0.0070 -0.0070
0.9995 0.1070 -0.0660 -0.0980 0.1110 -0.0110 -1.4550 -0.0360 0.0650 -0.0070 0.0070 -0.0070 -0.0070
1.0006 0.1070 -0.0660 -0.0980 0.1110 -0.0110 -1.4550 -0.0360 0.0650 -0.0070 0.0070 -0.0070 -0.0070
1.0016 0.1070 -0.0660 -0.0980 0.1110 -0.0110 -1.4550 -0.0360 0.0650 -0.0070 0.0070 -0.0070 -0.0070
1.0025 0.1070 -0.0660 -0.0980 0.1110 -0.0110 -1.4550 -0.1530 0.0650 -0.0070 0.0070 -0.0070 -0.0070
1.0036 0.1070 -0.0660 -0.0980 0.1110 -0.0110 -1.4550 -0.1530 0.1530 -0.0210 0.0070 -0.0070 -0.0070
1.0045 0.1060 -0.0660 -0.0980 0.1110 -0.0100 -1.4550 -0.2410 0.2710 -0.0070 0.0070 0.0070 -0.0070
1.0055 0.1060 -0.0660 -0.0980 0.1110 -0.0100 -1.4550 -0.2410 0.2710 -0.0070 0.0070 0.0070 -0.0070
1.0065 0.1060 -0.0660 -0.0980 0.1110 -0.0100 -1.4550 -0.2410 0.2710 -0.0070 0.0070 0.0070 -0.0070
1.0090 0.1060 -0.0660 -0.0980 0.1110 -0.0100 -1.4550 -0.2410 0.2710 -0.0070 0.0070 0.0070 -0.0070
1.0122 0.1060 -0.0660 -0.0980 0.1110 -0.0100 -1.4550 -0.2410 0.2710 -0.0070 0.0070 0.0070 -0.0070
1.0124 0.1060 -0.0660 -0.0980 0.1110 -0.0100 -1.4550 -0.2410 0.2710 -0.0070 0.0070 0.0070 -0.0070
1.0134 0.1060 -0.0660 -0.0980 0.1110 -0.0100 -1.4550 -0.2410 0.2710 -0.0070 0.0070 0.0070 -0.0070
1.0145 0.1060 -0.0660 -0.0980 0.1110 -0.0100 -1.4550 -0.2410 0.2710 -0.0070 0.0070 0.0070 -0.0070
1.0154 0.1060 -0.0660 -0.0980 0.1110 -0.0100 -1.4550 -0.2410 0.2710 -0.0070 0.0070 0.0070 -0.0070
1.0164 0.1040 -0.0650 -0.0980 0.1110 -0.0100 -1.4550 -0.3880 0.2560 -0.0070 -0.0070 -0.0070 -0.0070
1.0174 0.1040 -0.0650 -0.0980 0.1110 -0.0110 -1.4550 -0.3880 0.1970 -0.0210 0.0070 -0.0070 0.0070
1.0184 0.1040 -0.0650 -0.0980 0.1110 -0.0110 -1.4550 -0.3880 0.1970 -0.0210 0.0070 -0.0070 0.0070
1.0194 0.1040 -0.0650 -0.0980 0.1110 -0.0110 -1.4550 -0.3880 0.1970 -0.0210 0.0070 -0.0070 0.0070
1.0206 0.1040 -0.0650 -0.0980 0.1110 -0.0110 -1.4550 -0.3880 0.1970 -0.0210 0.0070 -0.0070 0.0070
1.0214 0.1040 -0.0650 -0.0980 0.1110 -0.0110 -1.4550 -0.3880 0.1970 -0.0210 0.0070 -0.0070 0.0070
1.0224 0.1040 -0.0650 -0.0980 0.1110 -0.0110 -1.4550 -0.3880 0.1970 -0.0210 0.0070 -0.0070 0.0070
1.0234 0.1040 -0.0650 -0.0980 0.1110 -0.0110 -1.4550 -0.3880 0.1970 -0.0210 0.0070 -0.0070 0.0070
1.0244 0.1040 -0.0650 -0.0980 0.1110 -0.0110 -1.4550 -0.3880 0.1970 -0.0210 0.0070 -0.0070 0.0070
1.0254 0.1040 -0.0650 -0.0980 0.1110 -0.0110 -1.4550 -0.3880 0.1970 -0.0210 0.0070 -0.0070 0.0070
1.0264 0.1040 -0.0650 -0.0980 0.1110 -0.0110 -1.4550 -0.3880 0.1970 -0.0210 0.0070 -0.0070 0.0070
1.0275 0.1040 -0.0650 -0.0980 0.1110 -0.0110 -1.4550 -0.3880 0.1970 -0.0210 0.0070 -0.0070 0.0070
1.0288 0.1030 -0.0650 -0.0980 0.1110 -0.0110 -1.4550 -0.3150 0.1970 -0.0210 0.0070 -0.0070 0.0070
1.0294 0.1020 -0.0630 -0.0980 0.1110 -0.0100 -1.4550 -0.3880 0.2270 -0.0070 0.0210 -0.0070 0.0070
1.0304 0.1020 -0.0630 -0.0980 0.1110 -0.0100 -1.4550 -0.3880 0.2270 -0.0070 0.0210 -0.0070 0.0070
1.0314 0.1020 -0.0630 -0.0980 0.1110 -0.0100 -1.4550 -0.3880 0.2270 -0.0070 0.0210 -0.0070 0.0070
1.0325 0.1020 -0.0630 -0.0980 0.1110 -0.0100 -1.4550 -0.3880 0.2270 -0.0070 0.0210 -0.0070 0.0070
1.0334 0.1020 -0.0630 -0.0980 0.1110 -0.0100 -1.4550 -0.3880 0.2270 -0.0070 0.0210 -0.0070 0.0070
1.0345 0.1020 -0.0630 -0.0980 0.1110 -0.0100 -1.4550 -0.3880 0.2270 -0.0070 0.0210 -0.0070 0.0070
1.0355 0.1020 -0.0630 -0.0980 0.1110 -0.0100 -1.4550 -0.3880 0.2270 -0.0070 0.0210 -0.0070 0.0070
1.0365 0.1020 -0.0630 -0.0980 0.1110 -0.0100 -1.4550 -0.3880 0.2270 -0.0070 0.0210 -0.0070 0.0070
1.0375 0.1020 -0.0630 -0.0980 0.1110 -0.0100 -1.4550 -0.3880 0.2270 -0.0070 0.0210 -0.0070 0.0070
1.0384 0.1020 -0.0630 -0.0980 0.1110 -0.0100 -1.4550 -0.3880 0.2270 -0.0070 0.0210 -0.0070 0.0070
1.0412 0.1010 -0.0630 -0.0980 0.1110 -0.0100 -1.4550 -0.4020 0.1680 -0.0070 0.0070 0.0070 0.0070
1.0414 0.1010 -0.0630 -0.0980 0.1110 -0.0100 -1.4550 -0.4020 0.1680 -0.0070 0.0070 0.0070 0.0070
1.0424 0.1010 -0.0630 -0.0980 0.1110 -0.0100 -1.4550 -0.4020 0.1680 -0.0070 0.0070 0.0070 0.0070
1.0434 0.1010 -0.0630 -0.0980 0.1110 -0.0100 -1.4550 -0.4020 0.1680 -0.0070 0.0070 0.0070 0.0070
1.0444 0.1010 -0.0630 -0.0980 0.1110 -0.0100 -1.4550 -0.4020 0.1680 -0.0070 0.0070 0.0070 0.0070
1.0466 0.1010 -0.0630 -0.0980 0.1110 -0.0100 -1.4550 -0.4020 0.1680 -0.0070 0.0070 0.0070 0.0070
1.0468 0.1010 -0.0630 -0.0980 0.1110 -0.0100 -1.4550 -0.4020 0.1680 -0.0070 0.0070 0.0070 0.0070
1.0474 0.1010 -0.0630 -0.0980 0.1110 -0.0100 -1.4550 -0.4020 0.1680 -0.0070 0.0070 0.0070 0.0070
1.0484 0.1010 -0.0630 -0.0980 0.1110 -0.0100 -1.4550 -0.4020 0.1680 -0.0070 0.0070 0.0070 0.0070
1.0494 0.1010 -0.0630 -0.0980 0.1110 -0.0100 -1.4550 -0.4020 0.1680 -0.0070 0.0070 0.0070 0.0070
1.0504 0.1010 -0.0630 -0.0980 0.1110 -0.0100 -1.4550 -0.4020 0.1680 -0.0070 0.0070 0.0070 0.0070
1.0514 0.1000 -0.0620 -0.0980 0.1110 -0.0110 -1.4550 -0.4320 0.1970 -0.0210 -0.0070 -0.0210 -0.0070
1.0524 0.1000 -0.0620 -0.0980 0.1110 -0.0110 -1.4550 -0.4320 0.1970 -0.0210 -0.0070 -0.0210 -0.0070
1.0534 0.1000 -0.0620 -0.0980 0.1110 -0.0110 -1.4550 -0.4320 0.1970 -0.0210 -0.0070 -0.0210 -0.0070
1.0545 0.1000 -0.0620 -0.0980 0.1110 -0.0110 -1.4550 -0.4320 0.1970 -0.0210 -0.0070 -0.0210 -0.0070
1.0554 0.1000 -0.0620 -0.0980 0.1110 -0.0110 -1.4550 -0.4320 0.1970 -0.0210 -0.0070 -0.0210 -0.0070
1.0564 0.1000 -0.0620 -0.0980 0.1110 -0.0110 -1.4550 -0.4320 0.1970 -0.0210 -0.0070 -0.0210 -0.0070
1.0574 0.1000 -0.0620 -0.0980 0.1110 -0.0110 -1.4550 -0.4320 0.1970 -0.0210 -0.0070 -0.0210 -0.0070
1.0584 0.1000 -0.0620 -0.0980 0.1110 -0.0110 -1.4550 -0.4320 0.1970 -0.0210 -0.0070 -0.0210 -0.0070
1.0594 0.1000 -0.0620 -0.0980 0.1110 -0.0110 -1.4550 -0.4320 0.1970 -0.0210 -0.0070 -0.0210 -0.0070
1.0605 0.1000 -0.0620 -0.0980 0.1110 -0.0110 -1.4550 -0.4320 0.1970 -0.0210 -0.0070 -0.0210 -0.0070
1.0614 0.1000 -0.0620 -0.0980 0.1110 -0.0110 -1.4550 -0.4320 0.1970 -0.0210 -0.0070 -0.0210 -0.0070
1.0625 0.0990 -0.0610 -0.0980 0.1110 -0.0100 -1.4550 -0.4460 0.2270 -0.0070 -0.0070 0.0070 -0.0070
1.0634 0.0980 -0.0610 -0.0980 0.1110 -0.0100 -1.4550 -0.4610 0.3150 -0.0070 -0.0070 -0.0070 -0.0070
1.0644 0.0980 -0.0610 -0.0980 0.1110 -0.0100 -1.4550 -0.4610 0.3150 -0.0070 -0.0070 -0.0070 -0.0070
1.0654 0.0980 -0.0610 -0.0980 0.1110 -0.0100 -1.4550 -0.4610 0.3150 -0.0070 -0.0070 -0.0070 -0.0070
1.0665 0.0980 -0.0610 -0.0980 0.1110 -0.0100 -1.4550 -0.4610 0.3150 -0.0070 -0.0070 -0.0070 -0.0070
1.0675 0.0980 -0.0610 -0.0980 0.1110 -0.0100 -1.4550 -0.4610 0.3150 -0.0070 -0.0070 -0.0070 -0.0070
1.0685 0.0980 -0.0610 -0.0980 0.1110 -0.0100 -1.4550 -0.4610 0.3150 -0.0070 -0.0070 -0.0070 -0.0070
1.0694 0.0980 -0.0610 -0.0980 0.1110 -0.0100 -1.4550 -0.4610 0.3150 -0.0070 -0.0070 -0.0070 -0.0070
1.0705 0.0980 -0.0610 -0.0980 0.1110 -0.0100 -1.4550 -0.4610 0.3150 -0.0070 -0.0070 -0.0070 -0.0070
1.0715 0.0980 -0.0610 -0.0980 0.1110 -0.0100 -1.4550 -0.4610 0.3150 -0.0070 -0.0070 -0.0070 -0.0070
1.0724 0.0980 -0.0610 -0.0980 0.1110 -0.0100 -1.4550 -0.4610 0.3150 -0.0070 -0.0070 -0.0070 -0.0070
1.0736 0.0980 -0.0610 -0.0980 0.1110 -0.0100 -1.4550 -0.4610 0.3150 -0.0070 -0.0070 -0.0070 -0.0070
1.0747 0.0960 -0.0600 -0.0980 0.1110 -0.0110 -1.4550 -0.4170 0.3580 -0.0070 0.0070 -0.0210 0.0070
1.0754 0.0960 -0.0600 -0.0980 0.1110 -0.0110 -1.4550 -0.4170 0.3580 -0.0070 0.0070 -0.0210 0.0070
1.0764 0.0960 -0.0600 -0.0980 0.1110 -0.0110 -1.4550 -0.4170 0.3580 -0.0070 0.0070 -0.0210 0.0070
1.0786 0.0960 -0.0600 -0.0980 0.1110 -0.0110 -1.4550 -0.4170 0.3580 -0.0070 0.0070 -0.0210 0.0070
1.0789 0.0960 -0.0600 -0.0980 0.1110 -0.0110 -1.4550 -0.4170 0.3580 -0.0070 0.0070 -0.0210 0.0070
1.0794 0.0960 -0.0600 -0.0980 0.1110 -0.0110 -1.4550 -0.4170 0.3580 -0.0070 0.0070 -0.0210 0.0070
1.0804 0.0960 -0.0600 -0.0980 0.1110 -0.0110 -1.4550 -0.4170 0.3580 -0.0070 0.0070 -0.0210 0.0070
1.0814 0.0960 -0.0600 -0.0980 0.1110 -0.0110 -1.4550 -0.4170 0.3580 -0.0070 0.0070 -0.0210 0.0070
1.0824 0.0960 -0.0600 -0.0980 0.1110 -0.0110 -1.4550 -0.4170 0.3580 -0.0070 0.0070 -0.0210 0.0070
1.0835 0.0960 -0.0600 -0.0980 0.1110 -0.0110 -1.4550 -0.4170 0.3580 -0.0070 0.0070 -0.0210 0.0070
1.0845 0.0960 -0.0600 -0.0980 0.1110 -0.0110 -1.4550 -0.4170 0.3580 -0.0070 0.0070 -0.0210 0.0070
1.0860 0.0950 -0.0580 -0.0980 0.1110 -0.0100 -1.4550 -0.3880 0.3440 -0.0210 0.0070 0.0070 -0.0070
1.0864 0.0950 -0.0580 -0.0980 0.1110 -0.0100 -1.4550 -0.4020 0.3440 -0.0210 0.0070 0.0070 -0.0070
1.0875 0.0950 -0.0580 -0.0980 0.1110 -0.0100 -1.4550 -0.4020 0.2850 -0.0210 -0.0070 -0.0070 -0.0070
1.0884 0.0950 -0.0580 -0.0980 0.1110 -0.0100 -1.4550 -0.4020 0.2850 -0.0210 -0.0070 -0.0070 -0.0070
1.0894 0.0950 -0.0580 -0.0980 0.1110 -0.0100 -1.4550 -0.4020 0.2850 -0.0210 -0.0070 -0.0070 -0.0070
1.0904 0.0950 -0.0580 -0.0980 0.1110 -0.0100 -1.4550 -0.4020 0.2850 -0.0210 -0.0070 -0.0070 -0.0070
1.0914 0.0950 -0.0580 -0.0980 0.1110 -0.0100 -1.4550 -0.4020 0.2850 -0.0210 -0.0070 -0.0070 -0.0070
1.0924 0.0950 -0.0580 -0.0980 0.1110 -0.0100 -1.4550 -0.4020 0.2850 -0.0210 -0.0070 -0.0070 -0.0070
1.0934 0.0950 -0.0580 -0.0980 0.1110 -0.0100 -1.4550 -0.4020 0.2850 -0.0210 -0.0070 -0.0070 -0.0070
1.0944 0.0950 -0.0580 -0.0980 0.1110 -0.0100 -1.4550 -0.4020 0.2850 -0.0210 -0.0070 -0.0070 -0.0070
1.0954 0.0950 -0.0580 -0.0980 0.1110 -0.0100 -1.4550 -0.4020 0.2850 -0.0210 -0.0070 -0.0070 -0.0070
1.0965 0.0950 -0.0580 -0.0980 0.1110 -0.0100 -1.4550 -0.4020 0.2850 -0.0210 -0.0070 -0.0070 -0.0070
1.0984 0.0950 -0.0580 -0.0980 0.1110 -0.0100 -1.4550 -0.4020 0.2850 -0.0210 -0.0070 -0.0070 -0.0070
1.0986 0.0940 -0.0570 -0.0980 0.1110 -0.0100 -1.4550 -0.3730 0.2560 -0.0360 -0.0070 0.0070 -0.0070
1.0994 0.0940 -0.0570 -0.0980 0.1110 -0.0100 -1.4550 -0.3730 0.2560 -0.0360 -0.0070 0.0070 -0.0070
1.1005 0.0940 -0.0570 -0.0980 0.1110 -0.0100 -1.4550 -0.3730 0.2560 -0.0360 -0.0070 0.0070 -0.0070
1.1014 0.0940 -0.0570 -0.0980 0.1110 -0.0100 -1.4550 -0.3730 0.2560 -0.0360 -0.0070 0.0070 -0.0070
1.1024 0.0940 -0.0570 -0.0980 0.1110 -0.0100 -1.4550 -0.3730 0.2560 -0.0360 -0.0070 0.0070 -0.0070
1.1035 0.0940 -0.0570 -0.0980 0.1110 -0.0100 -1.4550 -0.3730 0.2560 -0.0360 -0.0070 0.0070 -0.0070
1.1045 0.0940 -0.0570 -0.0980 0.1110 -0.0100 -1.4550 -0.3730 0.2560 -0.0360 -0.0070 0.0070 -0.0070
1.1054 0.0940 -0.0570 -0.0980 0.1110 -0.0100 -1.4550 -0.3730 0.2560 -0.0360 -0.0070 0.0070 -0.0070
1.1065 0.0940 -0.0570 -0.0980 0.1110 -0.0100 -1.4550 -0.3730 0.2560 -0.0360 -0.0070 0.0070 -0.0070
1.1087 0.0940 -0.0570 -0.0980 0.1110 -0.0100 -1.4550 -0.3730 0.2560 -0.0360 -0.0070 0.0070 -0.0070
1.1089 0.0940 -0.0570 -0.0980 0.1110 -0.0100 -1.4550 -0.3730 0.2560 -0.0360 -0.0070 0.0070 -0.0070
1.1095 0.0940 -0.0570 -0.0980 0.1110 -0.0100 -1.4550 -0.3730 0.2560 -0.0360 -0.0070 0.0070 -0.0070
1.1105 0.0920 -0.0560 -0.0980 0.1110 -0.0110 -1.4550 -0.4020 0.1530 -0.0510 -0.0210 -0.0070 0.0070
1.1115 0.0920 -0.0560 -0.0980 0.1110 -0.0110 -1.4550 -0.4020 0.1530 -0.0510 -0.0210 -0.0070 0.0070
1.1124 0.0920 -0.0560 -0.0980 0.1110 -0.0110 -1.4550 -0.4020 0.1530 -0.0510 -0.0210 -0.0070 0.0070
1.1134 0.0920 -0.0560 -0.0980 0.1110 -0.0110 -1.4550 -0.4020 0.1530 -0.0510 -0.0210 -0.0070 0.0070
1.1144 0.0920 -0.0560 -0.0980 0.1110 -0.0110 -1.4550 -0.4020 0.1530 -0.0510 -0.0210 -0.0070 0.0070
1.1154 0.0920 -0.0560 -0.0980 0.1110 -0.0110 -1.4550 -0.4020 0.1530 -0.0510 -0.0210 -0.0070 0.0070
1.1164 0.0920 -0.0560 -0.0980 0.1110 -0.0110 -1.4550 -0.4020 0.1530 -0.0510 -0.0210 -0.0070 0.0070
1.1175 0.0920 -0.0560 -0.0980 0.1110 -0.0110 -1.4550 -0.4020 0.1530 -0.0510 -0.0210 -0.0070 0.0070
1.1184 0.0920 -0.0560 -0.0980 0.1110 -0.0110 -1.4550 -0.4020 0.1530 -0.0510 -0.0210 -0.0070 0.0070
1.1195 0.0920 -0.0560 -0.0980 0.1110 -0.0110 -1.4550 -0.4020 0.1530 -0.0510 -0.0210 -0.0070 0.0070
1.1205 0.0920 -0.0560 -0.0980 0.1110 -0.0110 -1.4550 -0.4020 0.1530 -0.0510 -0.0210 -0.0070 0.0070
1.1215 0.0920 -0.0560 -0.0980 0.1110 -0.0110 -1.4550 -0.4020 0.1530 -0.0510 -0.0210 -0.0070 0.0070
1.1228 0.0910 -0.0560 -0.0980 0.1110 -0.0110 -1.4550 -0.4020 0.1830 -0.0510 -0.0070 -0.0070 -0.0070
1.1234 0.0900 -0.0550 -0.0990 0.1110 -0.0100 -1.4550 -0.3880 0.1970 -0.0510 0.0070 0.0070 -0.0070
1.1244 0.0900 -0.0550 -0.0990 0.1110 -0.0100 -1.4550 -0.3880 0.1970 -0.0510 0.0070 0.0070 -0.0070
1.1254 0.0900 -0.0550 -0.0990 0.1110 -0.0100 -1.4550 -0.3880 0.1970 -0.0510 0.0070 0.0070 -0.0070
1.1264 0.0900 -0.0550 -0.0990 0.1110 -0.0100 -1.4550 -0.3880 0.1970 -0.0510 0.0070 0.0070 -0.0070
1.1274 0.0900 -0.0550 -0.0990 0.1110 -0.0100 -1.4550 -0.3880 0.1970 -0.0510 0.0070 0.0070 -0.0070
1.1285 0.0900 -0.0550 -0.0990 0.1110 -0.0100 -1.4550 -0.3880 0.1970 -0.0510 0.0070 0.0070 -0.0070
1.1295 0.0900 -0.0550 -0.0990 0.1110 -0.0100 -1.4550 -0.3880 0.1970 -0.0510 0.0070 0.0070 -0.0070
1.1305 0.0900 -0.0550 -0.0990 0.1110 -0.0100 -1.4550 -0.3880 0.1970 -0.0510 0.0070 0.0070 -0.0070
1.1314 0.0900 -0.0550 -0.0990 0.1110 -0.0100 -1.4550 -0.3880 0.1970 -0.0510 0.0070 0.0070 -0.0070
1.1325 0.0900 -0.0550 -0.0990 0.1110 -0.0100 -1.4550 -0.3880 0.1970 -0.0510 0.0070 0.0070 -0.0070
1.1334 0.0900 -0.0550 -0.0990 0.1110 -0.0100 -1.4550 -0.3880 0.1970 -0.0510 0.0070 0.0070 -0.0070
1.1344 0.0890 -0.0550 -0.0990 0.1110 -0.0110 -1.4550 -0.3730 0.1970 -0.0510 0.0070 -0.0210 0.0070
1.1354 0.0890 -0.0550 -0.0990 0.1110 -0.0100 -1.4550 -0.3730 0.2710 -0.0210 0.0360 -0.0210 -0.0070
1.1364 0.0890 -0.0550 -0.0990 0.1110 -0.0100 -1.4550 -0.3730 0.2710 -0.0210 0.0360 -0.0210 -0.0070
1.1375 0.0890 -0.0550 -0.0990 0.1110 -0.0100 -1.4550 -0.3730 0.2710 -0.0210 0.0360 -0.0210 -0.0070
1.1384 0.0890 -0.0550 -0.0990 0.1110 -0.0100 -1.4550 -0.3730 0.2710 -0.0210 0.0360 -0.0210 -0.0070
1.1394 0.0890 -0.0550 -0.0990 0.1110 -0.0100 -1.4550 -0.3730 0.2710 -0.0210 0.0360 -0.0210 -0.0070
1.1405 0.0890 -0.0550 -0.0990 0.1110 -0.0100 -1.4550 -0.3730 0.2710 -0.0210 0.0360 -0.0210 -0.0070
1.1415 0.0890 -0.0550 -0.0990 0.1110 -0.0100 -1.4550 -0.3730 0.2710 -0.0210 0.0360 -0.0210 -0.0070
1.1424 0.0890 -0.0550 -0.0990 0.1110 -0.0100 -1.4550 -0.3730 0.2710 -0.0210 0.0360 -0.0210 -0.0070
1.1434 0.0890 -0.0550 -0.0990 0.1110 -0.0100 -1.4550 -0.3730 0.2710 -0.0210 0.0360 -0.0210 -0.0070
1.1445 0.0890 -0.0550 -0.0990 0.1110 -0.0100 -1.4550 -0.3730 0.2710 -0.0210 0.0360 -0.0210 -0.0070
1.1454 0.0890 -0.0550 -0.0990 0.1110 -0.0100 -1.4550 -0.3730 0.2710 -0.0210 0.0360 -0.0210 -0.0070
1.1465 0.0890 -0.0550 -0.0990 0.1110 -0.0100 -1.4550 -0.3730 0.2710 -0.0210 0.0360 -0.0210 -0.0070
1.1475 0.0880 -0.0530 -0.0990 0.1110 -0.0100 -1.4550 -0.3580 0.2710 -0.0210 0.0360 -0.0070 -0.0070
1.1484 0.0880 -0.0530 -0.0990 0.1110 -0.0100 -1.4550 -0.3580 0.2710 -0.0210 0.0360 -0.0070 -0.0070
1.1494 0.0870 -0.0530 -0.0990 0.1120 -0.0100 -1.4550 -0.3440 0.2710 -0.0070 0.0210 -0.0070 -0.0070
1.1504 0.0870 -0.0530 -0.0990 0.1120 -0.0100 -1.4550 -0.3440 0.2710 -0.0070 0.0210 -0.0070 -0.0070
1.1514 0.0870 -0.0530 -0.0990 0.1120 -0.0100 -1.4550 -0.3440 0.2710 -0.0070 0.0210 -0.0070 -0.0070
1.1524 0.0870 -0.0530 -0.0990 0.1120 -0.0100 -1.4550 -0.3440 0.2710 -0.0070 0.0210 -0.0070 -0.0070
1.1534 0.0870 -0.0530 -0.0990 0.1120 -0.0100 -1.4550 -0.3440 0.2710 -0.0070 0.0210 -0.0070 -0.0070
1.1545 0.0870 -0.0530 -0.0990 0.1120 -0.0100 -1.4550 -0.3440 0.2710 -0.0070 0.0210 -0.0070 -0.0070
1.1554 0.0870 -0.0530 -0.0990 0.1120 -0.0100 -1.4550 -0.3440 0.2710 -0.0070 0.0210 -0.0070 -0.0070
1.1564 0.0870 -0.0530 -0.0990 0.1120 -0.0100 -1.4550 -0.3440 0.2710 -0.0070 0.0210 -0.0070 -0.0070
1.1574 0.0870 -0.0530 -0.0990 0.1120 -0.0100 -1.4550 -0.3440 0.2710 -0.0070 0.0210 -0.0070 -0.0070
1.1584 0.0870 -0.0530 -0.0990 0.1120 -0.0100 -1.4550 -0.3440 0.2710 -0.0070 0.0210 -0.0070 -0.0070
1.1600 0.0870 -0.0530 -0.0990 0.1120 -0.0100 -1.4550 -0.3730 0.2710 -0.0070 0.0210 -0.0070 -0.0070
1.1604 0.0860 -0.0520 -0.0990 0.1120 -0.0100 -1.4550 -0.3580 0.2850 -0.0070 -0.0070 0.0070 -0.0070
1.1614 0.0860 -0.0520 -0.0990 0.1120 -0.0100 -1.4550 -0.3580 0.2850 -0.0070 -0.0070 0.0070 -0.0070
1.1625 0.0860 -0.0520 -0.0990 0.1120 -0.0100 -1.4550 -0.3580 0.2850 -0.0070 -0.0070 0.0070 -0.0070
1.1635 0.0860 -0.0520 -0.0990 0.1120 -0.0100 -1.4550 -0.3580 0.2850 -0.0070 -0.0070 0.0070 -0.0070
1.1644 0.0860 -0.0520 -0.0990 0.1120 -0.0100 -1.4550 -0.3580 0.2850 -0.0070 -0.0070 0.0070 -0.0070
1.1656 0.0860 -0.0520 -0.0990 0.1120 -0.0100 -1.4550 -0.3580 0.2850 -0.0070 -0.0070 0.0070 -0.0070
1.1664 0.0860 -0.0520 -0.0990 0.1120 -0.0100 -1.4550 -0.3580 0.2850 -0.0070 -0.0070 0.0070 -0.0070
1.1674 0.0860 -0.0520 -0.0990 0.1120 -0.0100 -1.4550 -0.3580 0.2850 -0.0070 -0.0070 0.0070 -0.0070
1.1684 0.0860 -0.0520 -0.0990 0.1120 -0.0100 -1.4550 -0.3580 0.2850 -0.0070 -0.0070 0.0070 -0.0070
1.1695 0.0860 -0.0520 -0.0990 0.1120 -0.0100 -1.4550 -0.3580 0.2850 -0.0070 -0.0070 0.0070 -0.0070
1.1734 0.0840 -0.0510 -0.0990 0.1120 -0.0100 -1.4550 -0.3730 0.2410 -0.0210 0.0070 -0.0070 -0.0070
1.1736 0.0840 -0.0510 -0.0990 0.1120 -0.0100 -1.4550 -0.3730 0.2410 -0.0210 0.0070 -0.0070 -0.0070
1.1746 0.0840 -0.0510 -0.0990 0.1120 -0.0100 -1.4550 -0.3730 0.2410 -0.0210 0.0070 -0.0070 -0.0070
1.1756 0.0840 -0.0510 -0.0990 0.1120 -0.0100 -1.4550 -0.3730 0.2410 -0.0210 0.0070 -0.0070 -0.0070
1.1774 0.0840 -0.0510 -0.0990 0.1120 -0.0100 -1.4550 -0.3730 0.2410 -0.0210 0.0070 -0.0070 -0.0070
1.1776 0.0840 -0.0510 -0.0990 0.1120 -0.0100 -1.4550 -0.3730 0.2410 -0.0210 0.0070 -0.0070 -0.0070
1.1786 0.0840 -0.0510 -0.0990 0.1120 -0.0100 -1.4550 -0.3730 0.2410 -0.0210 0.0070 -0.0070 -0.0070
1.1796 0.0840 -0.0510 -0.0990 0.1120 -0.0100 -1.4550 -0.3730 0.2410 -0.0210 0.0070 -0.0070 -0.0070
1.1807 0.0840 -0.0510 -0.0990 0.1120 -0.0100 -1.4550 -0.3730 0.2410 -0.0210 0.0070 -0.0070 -0.0070
1.1816 0.0840 -0.0510 -0.0990 0.1120 -0.0100 -1.4550 -0.3730 0.2410 -0.0210 0.0070 -0.0070 -0.0070
1.1826 0.0840 -0.0510 -0.0990 0.1120 -0.0100 -1.4550 -0.3730 0.2410 -0.0210 0.0070 -0.0070 -0.0070
1.1837 0.0840 -0.0510 -0.0990 0.1120 -0.0100 -1.4550 -0.3730 0.2410 -0.0210 0.0070 -0.0070 -0.0070
1.1846 0.0840 -0.0510 -0.0990 0.1120 -0.0100 -1.4550 -0.3730 0.2410 -0.0210 0.0070 -0.0070 -0.0070
1.1856 0.0840 -0.0510 -0.0990 0.1120 -0.0100 -1.4550 -0.3730 0.2410 -0.0210 0.0070 -0.0070 -0.0070
1.1886 0.0820 -0.0500 -0.0990 0.1120 -0.0100 -1.4550 -0.3440 0.1830 -0.0070 -0.0210 -0.0070 -0.0070
1.1894 0.0820 -0.0500 -0.0990 0.1120 -0.0100 -1.4550 -0.3440 0.1830 -0.0070 -0.0210 -0.0070 -0.0070
1.1898 0.0820 -0.0500 -0.0990 0.1120 -0.0100 -1.4550 -0.3440 0.1830 -0.0070 -0.0210 -0.0070 -0.0070
1.1909 0.0820 -0.0500 -0.0990 0.1120 -0.0100 -1.4550 -0.3440 0.1830 -0.0070 -0.0210 -0.0070 -0.0070
1.1918 0.0820 -0.0500 -0.0990 0.1120 -0.0100 -1.4550 -0.3440 0.1830 -0.0070 -0.0210 -0.0070 -0.0070
1.1929 0.0820 -0.0500 -0.0990 0.1120 -0.0100 -1.4550 -0.3440 0.1830 -0.0070 -0.0210 -0.0070 -0.0070
1.1939 0.0820 -0.0500 -0.0990 0.1120 -0.0100 -1.4550 -0.3440 0.1830 -0.0070 -0.0210 -0.0070 -0.0070
1.1949 0.0820 -0.0500 -0.0990 0.1120 -0.0100 -1.4550 -0.3440 0.1830 -0.0070 -0.0210 -0.0070 -0.0070
1.1959 0.0820 -0.0500 -0.0990 0.1120 -0.0100 -1.4550 -0.3440 0.1830 -0.0070 -0.0210 -0.0070 -0.0070
1.1969 0.0820 -0.0500 -0.0990 0.1120 -0.0100 -1.4550 -0.3440 0.1830 -0.0070 -0.0210 -0.0070 -0.0070
1.1979 0.0820 -0.0500 -0.0990 0.1120 -0.0100 -1.4550 -0.3440 0.1830 -0.0070 -0.0210 -0.0070 -0.0070
1.1989 0.0820 -0.0500 -0.0990 0.1120 -0.0100 -1.4550 -0.3440 0.1830 -0.0070 -0.0210 -0.0070 -0.0070
1.2001 0.0820 -0.0500 -0.0990 0.1120 -0.0100 -1.4550 -0.3440 0.1830 -0.0070 -0.0210 -0.0070 -0.0070
1.2012 0.0820 -0.0500 -0.0990 0.1120 -0.0100 -1.4550 -0.3440 0.1830 -0.0070 -0.0210 -0.0070 -0.0070
1.2018 0.0820 -0.0500 -0.0990 0.1120 -0.0100 -1.4550 -0.3440 0.1830 -0.0070 -0.0210 -0.0070 -0.0070
1.2074 0.0820 -0.0500 -0.0990 0.1120 -0.0100 -1.4550 -0.3440 0.1830 -0.0070 -0.0210 -0.0070 -0.0070
1.2094 0.0810 -0.0490 -0.0980 0.1110 -0.0100 -1.4550 -0.3290 0.1830 0.0650 -0.2710 -0.0070 -0.0070
1.2102 0.0810 -0.0490 -0.0980 0.1110 -0.0100 -1.4550 -0.3290 0.1830 0.0650 -0.2710 -0.0070 -0.0070
1.2111 0.0810 -0.0490 -0.0980 0.1110 -0.0100 -1.4550 -0.3290 0.1830 0.0650 -0.2710 -0.0070 -0.0070
1.2119 0.0810 -0.0490 -0.0980 0.1110 -0.0100 -1.4550 -0.3290 0.1830 0.0650 -0.2710 -0.0070 -0.0070
1.2129 0.0810 -0.0490 -0.0980 0.1110 -0.0100 -1.4550 -0.3290 0.1830 0.0650 -0.2710 -0.0070 -0.0070
1.2139 0.0810 -0.0490 -0.0980 0.1110 -0.0100 -1.4550 -0.3290 0.1830 0.0650 -0.2710 -0.0070 -0.0070
1.2149 0.0810 -0.0490 -0.0980 0.1110 -0.0100 -1.4550 -0.3290 0.1830 0.0650 -0.2710 -0.0070 -0.0070
1.2159 0.0810 -0.0490 -0.0980 0.1110 -0.0100 -1.4550 -0.3290 0.1830 0.0650 -0.2710 -0.0070 -0.0070
1.2169 0.0810 -0.0490 -0.0980 0.1110 -0.0100 -1.4550 -0.3290 0.1830 0.0650 -0.2710 -0.0070 -0.0070
1.2203 0.0810 -0.0490 -0.0980 0.1110 -0.0100 -1.4550 -0.3290 0.1830 0.0650 -0.2710 -0.0070 -0.0070
1.2223 0.0810 -0.0490 -0.0980 0.1100 -0.0110 -1.4550 -0.3290 0.1970 0.1390 -0.3880 -0.0070 -0.0070
1.2242 0.0810 -0.0490 -0.0980 0.1100 -0.0110 -1.4550 -0.3000 0.1970 0.1390 -0.3880 -0.0070 -0.0070
1.2254 0.0800 -0.0490 -0.0980 0.1100 -0.0100 -1.4550 -0.3290 0.2270 0.2120 -0.3730 0.0070 -0.0070
1.2264 0.0800 -0.0490 -0.0980 0.1100 -0.0100 -1.4550 -0.3290 0.2270 0.2120 -0.3730 0.0070 -0.0070
1.2266 0.0800 -0.0480 -0.0970 0.1090 -0.0100 -1.4550 -0.3290 0.2120 0.3000 -0.3290 -0.0070 -0.0070
1.2276 0.0800 -0.0480 -0.0970 0.1090 -0.0100 -1.4550 -0.3290 0.2120 0.3000 -0.3290 -0.0070 -0.0070
1.2286 0.0790 -0.0480 -0.0970 0.1090 -0.0100 -1.4550 -0.3440 0.2120 0.3000 -0.3290 -0.0070 -0.0070
1.2296 0.0790 -0.0480 -0.0970 0.1090 -0.0100 -1.4550 -0.3440 0.2120 0.3000 -0.3290 -0.0070 -0.0070
1.2307 0.0790 -0.0480 -0.0970 0.1090 -0.0100 -1.4550 -0.3440 0.2410 0.3580 -0.3580 -0.0070 -0.0210
1.2349 0.0790 -0.0480 -0.0970 0.1090 -0.0100 -1.4550 -0.3440 0.2410 0.3580 -0.3580 -0.0070 -0.0210
1.2359 0.0790 -0.0480 -0.0970 0.1090 -0.0100 -1.4550 -0.3440 0.2410 0.3580 -0.3580 -0.0070 -0.0210
1.2368 0.0790 -0.0480 -0.0970 0.1090 -0.0100 -1.4550 -0.3440 0.2410 0.3580 -0.3580 -0.0070 -0.0210
1.2378 0.0790 -0.0480 -0.0970 0.1090 -0.0100 -1.4550 -0.3440 0.2410 0.3580 -0.3580 -0.0070 -0.0210
1.2389 0.0790 -0.0480 -0.0970 0.1090 -0.0100 -1.4550 -0.3440 0.2410 0.3580 -0.3580 -0.0070 -0.0210
1.2405 0.0790 -0.0480 -0.0970 0.1090 -0.0100 -1.4550 -0.3440 0.2410 0.3580 -0.3580 -0.0070 -0.0210
1.2418 0.0790 -0.0480 -0.0970 0.1090 -0.0100 -1.4550 -0.3440 0.2410 0.3580 -0.3580 -0.0070 -0.0210
1.2431 0.0790 -0.0480 -0.0970 0.1090 -0.0100 -1.4550 -0.3440 0.2410 0.3580 -0.3580 -0.0070 -0.0210
1.2454 0.0790 -0.0480 -0.0970 0.1090 -0.0100 -1.4550 -0.3440 0.2410 0.3580 -0.3580 -0.0070 -0.0210
1.2573 0.0790 -0.0480 -0.0970 0.1090 -0.0100 -1.4550 -0.3440 0.2410 0.3580 -0.3580 -0.0070 -0.0210
1.2585 0.0790 -0.0480 -0.0970 0.1090 -0.0100 -1.4550 -0.3440 0.2410 0.3580 -0.3580 -0.0070 -0.0210
1.2591 0.0790 -0.0480 -0.0970 0.1090 -0.0100 -1.4550 -0.3440 0.2410 0.3580 -0.3580 -0.0070 -0.0210
1.2602 0.0790 -0.0470 -0.0960 0.1080 -0.0100 -1.4550 -0.3440 0.3000 0.3440 -0.3580 -0.0070 -0.0070
1.2617 0.0790 -0.0470 -0.0960 0.1080 -0.0100 -1.4550 -0.3440 0.3000 0.3440 -0.3580 -0.0070 -0.0070
1.2629 0.0780 -0.0470 -0.0960 0.1080 -0.0100 -1.4550 -0.3440 0.3000 0.3440 -0.3580 -0.0070 -0.0070
1.2639 0.0780 -0.0470 -0.0960 0.1080 -0.0100 -1.4550 -0.3440 0.3000 0.3440 -0.3580 -0.0070 -0.0070
1.2643 0.0780 -0.0470 -0.0960 0.1080 -0.0100 -1.4550 -0.3440 0.3000 0.3440 -0.3580 -0.0070 -0.0070
1.2653 0.0780 -0.0470 -0.0960 0.1080 -0.0100 -1.4550 -0.3440 0.3000 0.3440 -0.3580 -0.0070 -0.0070
1.2665 0.0780 -0.0470 -0.0960 0.1080 -0.0100 -1.4550 -0.3440 0.3000 0.3440 -0.3580 -0.0070 -0.0070
1.2684 0.0770 -0.0450 -0.0950 0.1060 -0.0100 -1.4550 -0.3290 0.3290 0.2710 -0.4610 -0.0070 -0.0070
1.2714 0.0760 -0.0450 -0.0940 0.1040 -0.0100 -1.4550 -0.3150 0.2270 0.3290 -0.4610 -0.0070 -0.0210
1.2727 0.0760 -0.0450 -0.0940 0.1040 -0.0100 -1.4550 -0.3150 0.2270 0.3290 -0.4610 -0.0070 -0.0210
1.2754 0.0760 -0.0440 -0.0930 0.1040 -0.0100 -1.4550 -0.3290 0.1830 0.3580 -0.4020 -0.0210 0.0070
1.2767 0.0760 -0.0440 -0.0930 0.1040 -0.0100 -1.4550 -0.3290 0.1830 0.3580 -0.4020 -0.0210 0.0070
1.2779 0.0760 -0.0440 -0.0930 0.1040 -0.0100 -1.4550 -0.3290 0.1830 0.3580 -0.4020 -0.0210 0.0070
1.2789 0.0760 -0.0440 -0.0930 0.1040 -0.0100 -1.4550 -0.3290 0.1830 0.3580 -0.4020 -0.0210 0.0070
1.2793 0.0760 -0.0440 -0.0930 0.1040 -0.0100 -1.4550 -0.3290 0.1830 0.3580 -0.4020 -0.0210 0.0070
1.2802 0.0760 -0.0440 -0.0930 0.1040 -0.0100 -1.4550 -0.3290 0.1830 0.3580 -0.4020 -0.0210 0.0070
1.2812 0.0760 -0.0440 -0.0930 0.1040 -0.0100 -1.4550 -0.3290 0.1830 0.3580 -0.4020 -0.0210 0.0070
1.2823 0.0760 -0.0440 -0.0930 0.1040 -0.0100 -1.4550 -0.3290 0.1830 0.3580 -0.4020 -0.0210 0.0070
1.2832 0.0760 -0.0440 -0.0930 0.1040 -0.0100 -1.4550 -0.3290 0.1830 0.3580 -0.4020 -0.0210 0.0070
1.2842 0.0760 -0.0440 -0.0930 0.1040 -0.0100 -1.4550 -0.3290 0.1830 0.3580 -0.4020 -0.0210 0.0070
1.2852 0.0760 -0.0440 -0.0930 0.1040 -0.0100 -1.4550 -0.3290 0.1830 0.3580 -0.4020 -0.0210 0.0070
1.2862 0.0760 -0.0440 -0.0930 0.1040 -0.0100 -1.4550 -0.3290 0.1830 0.3580 -0.4020 -0.0210 0.0070
1.2910 0.0760 -0.0440 -0.0930 0.1040 -0.0100 -1.4550 -0.3290 0.1830 0.3580 -0.4020 -0.0210 0.0070
1.2928 0.0720 -0.0420 -0.0890 0.1000 -0.0110 -1.4550 -0.3290 0.2120 0.3150 -0.4320 -0.0070 -0.0070
1.2959 0.0720 -0.0420 -0.0890 0.1000 -0.0110 -1.4550 -0.3290 0.2120 0.3150 -0.4320 -0.0070 -0.0070
1.2962 0.0720 -0.0420 -0.0890 0.1000 -0.0110 -1.4550 -0.3290 0.2120 0.3150 -0.4320 -0.0070 -0.0070
1.2972 0.0720 -0.0420 -0.0890 0.1000 -0.0110 -1.4550 -0.3290 0.2120 0.3150 -0.4320 -0.0070 -0.0070
1.2982 0.0720 -0.0420 -0.0890 0.1000 -0.0110 -1.4550 -0.3290 0.2120 0.3150 -0.4320 -0.0070 -0.0070
1.2992 0.0720 -0.0420 -0.0890 0.1000 -0.0110 -1.4550 -0.3290 0.2120 0.3150 -0.4320 -0.0070 -0.0070
1.3002 0.0720 -0.0420 -0.0890 0.1000 -0.0110 -1.4550 -0.3290 0.2120 0.3150 -0.4320 -0.0070 -0.0070
1.3013 0.0720 -0.0420 -0.0890 0.1000 -0.0110 -1.4550 -0.3290 0.2120 0.3150 -0.4320 -0.0070 -0.0070
1.3022 0.0720 -0.0420 -0.0890 0.1000 -0.0110 -1.4550 -0.3580 0.2120 0.3150 -0.4320 -0.0070 -0.0070
1.3039 0.0720 -0.0410 -0.0880 0.0980 -0.0100 -1.4550 -0.3150 0.2410 0.3290 -0.4900 -0.0070 -0.0070
1.3053 0.0710 -0.0410 -0.0870 0.0970 -0.0110 -1.4550 -0.3150 0.2270 0.3440 -0.4460 -0.0210 -0.0070
1.3063 0.0710 -0.0410 -0.0870 0.0970 -0.0110 -1.4550 -0.3150 0.2270 0.3440 -0.4460 -0.0210 -0.0070
1.3073 0.0710 -0.0410 -0.0870 0.0970 -0.0110 -1.4550 -0.3150 0.2270 0.3440 -0.4460 -0.0210 -0.0070
1.3088 0.0710 -0.0410 -0.0870 0.0970 -0.0110 -1.4550 -0.3150 0.2270 0.3440 -0.4460 -0.0210 -0.0070
1.3093 0.0710 -0.0410 -0.0870 0.0970 -0.0110 -1.4550 -0.3150 0.2270 0.3440 -0.4460 -0.0210 -0.0070
1.3103 0.0710 -0.0410 -0.0870 0.0970 -0.0110 -1.4550 -0.3150 0.2270 0.3440 -0.4460 -0.0210 -0.0070
1.3113 0.0710 -0.0410 -0.0870 0.0970 -0.0110 -1.4550 -0.3150 0.2270 0.3440 -0.4460 -0.0210 -0.0070
1.3123 0.0710 -0.0410 -0.0870 0.0970 -0.0110 -1.4550 -0.3150 0.2270 0.3440 -0.4460 -0.0210 -0.0070
1.3133 0.0710 -0.0410 -0.0870 0.0970 -0.0110 -1.4550 -0.3150 0.2270 0.3440 -0.4460 -0.0210 -0.0070
1.3143 0.0710 -0.0410 -0.0870 0.0970 -0.0110 -1.4550 -0.3150 0.2270 0.3440 -0.4460 -0.0210 -0.0070
1.3153 0.0710 -0.0410 -0.0870 0.0970 -0.0110 -1.4550 -0.3150 0.2270 0.3440 -0.4460 -0.0210 -0.0070
1.3163 0.0710 -0.0410 -0.0870 0.0970 -0.0110 -1.4550 -0.3150 0.2270 0.3440 -0.4460 -0.0210 -0.0070
1.3173 0.0710 -0.0410 -0.0870 0.0970 -0.0110 -1.4550 -0.3150 0.2270 0.3440 -0.4460 -0.0210 -0.0070
1.3183 0.0700 -0.0400 -0.0860 0.0960 -0.0110 -1.4550 -0.2560 0.2560 0.3440 -0.3000 -0.0070 -0.0070
1.3194 0.0700 -0.0400 -0.0860 0.0960 -0.0110 -1.4550 -0.2560 0.2560 0.3440 -0.3000 -0.0070 -0.0070
1.3203 0.0700 -0.0400 -0.0860 0.0960 -0.0110 -1.4550 -0.2560 0.2560 0.3440 -0.3000 -0.0070 -0.0070
1.3238 0.0700 -0.0400 -0.0860 0.0960 -0.0110 -1.4550 -0.2560 0.2560 0.3440 -0.3000 -0.0070 -0.0070
1.3241 0.0700 -0.0400 -0.0860 0.0960 -0.0110 -1.4550 -0.2560 0.2560 0.3440 -0.3000 -0.0070 -0.0070
1.3251 0.0700 -0.0400 -0.0860 0.0960 -0.0110 -1.4550 -0.2560 0.2560 0.3440 -0.3000 -0.0070 -0.0070
1.3260 0.0700 -0.0400 -0.0860 0.0960 -0.0110 -1.4550 -0.2560 0.2560 0.3440 -0.3000 -0.0070 -0.0070
1.3270 0.0700 -0.0400 -0.0860 0.0960 -0.0110 -1.4550 -0.2560 0.2560 0.3440 -0.3000 -0.0070 -0.0070
1.3280 0.0700 -0.0400 -0.0860 0.0960 -0.0110 -1.4550 -0.2560 0.2560 0.3440 -0.3000 -0.0070 -0.0070
1.3290 0.0700 -0.0400 -0.0860 0.0960 -0.0110 -1.4550 -0.2560 0.2560 0.3440 -0.3000 -0.0070 -0.0070
1.3300 0.0680 -0.0390 -0.0850 0.0940 -0.0110 -1.4550 -0.2710 0.2120 0.2560 -0.3580 -0.0210 -0.0070
1.3310 0.0680 -0.0390 -0.0850 0.0940 -0.0110 -1.4550 -0.2710 0.2120 0.2560 -0.3580 -0.0210 -0.0070
1.3320 0.0680 -0.0390 -0.0850 0.0940 -0.0110 -1.4550 -0.2710 0.2120 0.2560 -0.3580 -0.0210 -0.0070
1.3330 0.0680 -0.0390 -0.0850 0.0940 -0.0110 -1.4550 -0.2710 0.2120 0.2560 -0.3580 -0.0210 -0.0070
1.3340 0.0680 -0.0390 -0.0850 0.0940 -0.0110 -1.4550 -0.2710 0.2120 0.2560 -0.3580 -0.0210 -0.0070
1.3350 0.0680 -0.0390 -0.0850 0.0940 -0.0110 -1.4550 -0.2710 0.2120 0.2560 -0.3580 -0.0210 -0.0070
1.3360 0.0680 -0.0390 -0.0850 0.0940 -0.0110 -1.4550 -0.2710 0.2120 0.2560 -0.3580 -0.0210 -0.0070
1.3371 0.0680 -0.0390 -0.0850 0.0940 -0.0110 -1.4550 -0.2710 0.2120 0.2560 -0.3580 -0.0210 -0.0070
1.3381 0.0680 -0.0390 -0.0850 0.0940 -0.0110 -1.4550 -0.2710 0.2120 0.2560 -0.3580 -0.0210 -0.0070
1.3391 0.0680 -0.0390 -0.0850 0.0940 -0.0110 -1.4550 -0.2710 0.2120 0.2560 -0.3580 -0.0210 -0.0070
1.3401 0.0680 -0.0390 -0.0850 0.0940 -0.0110 -1.4550 -0.2710 0.2120 0.2560 -0.3580 -0.0210 -0.0070
1.3411 0.0680 -0.0390 -0.0850 0.0940 -0.0110 -1.4550 -0.2710 0.2120 0.2560 -0.3580 -0.0210 -0.0070
1.3420 0.0680 -0.0380 -0.0840 0.0930 -0.0110 -1.4550 -0.2560 0.1830 0.3580 -0.4460 -0.0210 -0.0070
1.3430 0.0670 -0.0380 -0.0830 0.0930 -0.0110 -1.4550 -0.2850 0.1970 0.3150 -0.4460 -0.0070 0.0070
1.3440 0.0670 -0.0380 -0.0830 0.0930 -0.0110 -1.4550 -0.2850 0.1970 0.3150 -0.4460 -0.0070 0.0070
1.3450 0.0670 -0.0380 -0.0830 0.0930 -0.0110 -1.4550 -0.2850 0.1970 0.3150 -0.4460 -0.0070 0.0070
1.3460 0.0670 -0.0380 -0.0830 0.0930 -0.0110 -1.4550 -0.2850 0.1970 0.3150 -0.4460 -0.0070 0.0070
1.3470 0.0670 -0.0380 -0.0830 0.0930 -0.0110 -1.4550 -0.2850 0.1970 0.3150 -0.4460 -0.0070 0.0070
1.3481 0.0670 -0.0380 -0.0830 0.0930 -0.0110 -1.4550 -0.2850 0.1970 0.3150 -0.4460 -0.0070 0.0070
1.3491 0.0670 -0.0380 -0.0830 0.0930 -0.0110 -1.4550 -0.2850 0.1970 0.3150 -0.4460 -0.0070 0.0070
1.3501 0.0670 -0.0380 -0.0830 0.0930 -0.0110 -1.4550 -0.2850 0.1970 0.3150 -0.4460 -0.0070 0.0070
1.3511 0.0670 -0.0380 -0.0830 0.0930 -0.0110 -1.4550 -0.2850 0.1970 0.3150 -0.4460 -0.0070 0.0070
1.3521 0.0670 -0.0380 -0.0830 0.0930 -0.0110 -1.4550 -0.2850 0.1970 0.3150 -0.4460 -0.0070 0.0070
1.3530 0.0670 -0.0380 -0.0830 0.0930 -0.0110 -1.4550 -0.2850 0.1970 0.3150 -0.4460 -0.0070 0.0070
1.3547 0.0660 -0.0370 -0.0830 0.0930 -0.0110 -1.4550 -0.3000 0.1970 0.2710 -0.4460 -0.0210 0.0070
1.3552 0.0660 -0.0370 -0.0820 0.0930 -0.0110 -1.4550 -0.3000 0.1240 0.2850 -0.4460 -0.0070 -0.0070
1.3561 0.0660 -0.0370 -0.0820 0.0930 -0.0110 -1.4550 -0.3000 0.1240 0.2850 -0.4460 -0.0070 -0.0070
1.3571 0.0660 -0.0370 -0.0820 0.0930 -0.0110 -1.4550 -0.3000 0.1240 0.2850 -0.4460 -0.0070 -0.0070
1.3581 0.0660 -0.0370 -0.0820 0.0930 -0.0110 -1.4550 -0.3000 0.1240 0.2850 -0.4460 -0.0070 -0.0070
1.3592 0.0660 -0.0370 -0.0820 0.0930 -0.0110 -1.4550 -0.3000 0.1240 0.2850 -0.4460 -0.0070 -0.0070
1.3600 0.0660 -0.0370 -0.0820 0.0930 -0.0110 -1.4550 -0.3000 0.1240 0.2850 -0.4460 -0.0070 -0.0070
1.3611 0.0660 -0.0370 -0.0820 0.0930 -0.0110 -1.4550 -0.3000 0.1240 0.2850 -0.4460 -0.0070 -0.0070
1.3621 0.0660 -0.0370 -0.0820 0.0930 -0.0110 -1.4550 -0.3000 0.1240 0.2850 -0.4460 -0.0070 -0.0070
1.3647 0.0660 -0.0370 -0.0820 0.0930 -0.0110 -1.4550 -0.3000 0.1240 0.2850 -0.4460 -0.0070 -0.0070
1.3649 0.0660 -0.0370 -0.0820 0.0930 -0.0110 -1.4550 -0.3000 0.1240 0.2850 -0.4460 -0.0070 -0.0070
1.3650 0.0660 -0.0370 -0.0820 0.0930 -0.0110 -1.4550 -0.3000 0.1240 0.2850 -0.4460 -0.0070 -0.0070
1.3675 0.0660 -0.0370 -0.0820 0.0930 -0.0110 -1.4550 -0.2710 0.1090 0.3290 -0.4460 -0.0070 -0.0070
1.3677 0.0650 -0.0370 -0.0810 0.0930 -0.0110 -1.4550 -0.3000 0.1390 0.2850 -0.4460 -0.0210 -0.0070
1.3680 0.0650 -0.0370 -0.0810 0.0930 -0.0110 -1.4550 -0.3000 0.1830 0.2850 -0.4460 -0.0070 -0.0070
1.3691 0.0650 -0.0370 -0.0810 0.0930 -0.0110 -1.4550 -0.3000 0.1830 0.2850 -0.4460 -0.0070 -0.0070
1.3700 0.0650 -0.0370 -0.0810 0.0930 -0.0110 -1.4550 -0.3000 0.1830 0.2850 -0.4460 -0.0070 -0.0070
1.3711 0.0650 -0.0370 -0.0810 0.0930 -0.0110 -1.4550 -0.3000 0.1830 0.2850 -0.4460 -0.0070 -0.0070
1.3722 0.0650 -0.0370 -0.0810 0.0930 -0.0110 -1.4550 -0.3000 0.1830 0.2850 -0.4460 -0.0070 -0.0070
1.3731 0.0650 -0.0370 -0.0810 0.0930 -0.0110 -1.4550 -0.3000 0.1830 0.2850 -0.4460 -0.0070 -0.0070
1.3741 0.0650 -0.0370 -0.0810 0.0930 -0.0110 -1.4550 -0.3000 0.1830 0.2850 -0.4460 -0.0070 -0.0070
1.3751 0.0650 -0.0370 -0.0810 0.0930 -0.0110 -1.4550 -0.3000 0.1830 0.2850 -0.4460 -0.0070 -0.0070
1.3761 0.0650 -0.0370 -0.0810 0.0930 -0.0110 -1.4550 -0.3000 0.1830 0.2850 -0.4460 -0.0070 -0.0070
1.3770 0.0650 -0.0370 -0.0810 0.0930 -0.0110 -1.4550 -0.3000 0.1830 0.2850 -0.4460 -0.0070 -0.0070
1.3782 0.0650 -0.0370 -0.0810 0.0930 -0.0110 -1.4550 -0.3000 0.1830 0.2850 -0.4460 -0.0070 -0.0070
1.3794 0.0630 -0.0360 -0.0790 0.0880 -0.0110 -1.4550 -0.2410 0.1680 0.3150 -0.3580 -0.0070 -0.0070
1.3800 0.0630 -0.0360 -0.0790 0.0880 -0.0110 -1.4550 -0.2410 0.1680 0.3150 -0.3580 -0.0070 -0.0070
1.3810 0.0630 -0.0360 -0.0790 0.0880 -0.0110 -1.4550 -0.2410 0.1680 0.3150 -0.3580 -0.0070 -0.0070
1.3821 0.0630 -0.0360 -0.0790 0.0880 -0.0110 -1.4550 -0.2410 0.1680 0.3150 -0.3580 -0.0070 -0.0070
1.3830 0.0630 -0.0360 -0.0790 0.0880 -0.0110 -1.4550 -0.2410 0.1680 0.3150 -0.3580 -0.0070 -0.0070
1.3841 0.0630 -0.0360 -0.0790 0.0880 -0.0110 -1.4550 -0.2410 0.1680 0.3150 -0.3580 -0.0070 -0.0070
1.3851 0.0630 -0.0360 -0.0790 0.0880 -0.0110 -1.4550 -0.2410 0.1680 0.3150 -0.3580 -0.0070 -0.0070
1.3860 0.0630 -0.0360 -0.0790 0.0880 -0.0110 -1.4550 -0.2410 0.1680 0.3150 -0.3580 -0.0070 -0.0070
1.3871 0.0630 -0.0360 -0.0790 0.0880 -0.0110 -1.4550 -0.2410 0.1680 0.3150 -0.3580 -0.0070 -0.0070
1.3881 0.0630 -0.0360 -0.0790 0.0880 -0.0110 -1.4550 -0.2410 0.1680 0.3150 -0.3580 -0.0070 -0.0070
1.3890 0.0630 -0.0360 -0.0790 0.0880 -0.0110 -1.4550 -0.2410 0.1680 0.3150 -0.3580 -0.0070 -0.0070
1.3903 0.0630 -0.0360 -0.0790 0.0880 -0.0110 -1.4550 -0.2410 0.1680 0.3150 -0.3580 -0.0070 -0.0070
1.3920 0.0630 -0.0360 -0.0790 0.0880 -0.0110 -1.4550 -0.2410 0.1680 0.3150 -0.3580 -0.0070 -0.0070
1.3921 0.0630 -0.0360 -0.0790 0.0880 -0.0110 -1.4550 -0.2410 0.1530 0.2270 -0.3580 -0.0070 -0.0070
1.3931 0.0630 -0.0360 -0.0780 0.0870 -0.0110 -1.4550 -0.2710 0.0950 0.3290 -0.3580 -0.0070 0.1240
1.3941 0.0630 -0.0360 -0.0780 0.0870 -0.0110 -1.4550 -0.2710 0.0950 0.3290 -0.3580 -0.0070 0.1240
1.3951 0.0630 -0.0360 -0.0780 0.0870 -0.0110 -1.4550 -0.2710 0.0950 0.3290 -0.3580 -0.0070 0.1240
1.3961 0.0630 -0.0360 -0.0780 0.0870 -0.0110 -1.4550 -0.2710 0.0950 0.3290 -0.3580 -0.0070 0.1240
1.3971 0.0630 -0.0360 -0.0780 0.0870 -0.0110 -1.4550 -0.2710 0.0950 0.3290 -0.3580 -0.0070 0.1240
1.3981 0.0630 -0.0360 -0.0780 0.0870 -0.0110 -1.4550 -0.2710 0.0950 0.3290 -0.3580 -0.0070 0.1240
1.3991 0.0630 -0.0360 -0.0780 0.0870 -0.0110 -1.4550 -0.2710 0.0950 0.3290 -0.3580 -0.0070 0.1240
1.4001 0.0630 -0.0360 -0.0780 0.0870 -0.0110 -1.4550 -0.2710 0.0950 0.3290 -0.3580 -0.0070 0.1240
1.4011 0.0630 -0.0360 -0.0780 0.0870 -0.0110 -1.4550 -0.2710 0.0950 0.3290 -0.3580 -0.0070 0.1240
1.4021 0.0630 -0.0360 -0.0780 0.0870 -0.0110 -1.4550 -0.2710 0.0950 0.3290 -0.3580 -0.0070 0.1240
1.4068 0.0630 -0.0360 -0.0780 0.0870 -0.0110 -1.4550 -0.2710 0.0950 0.3290 -0.3580 -0.0070 0.1240
1.4076 0.0620 -0.0350 -0.0770 0.0850 -0.0110 -1.4520 -0.2410 0.1680 0.2270 -0.4020 -0.0070 0.7250
1.4089 0.0620 -0.0350 -0.0770 0.0850 -0.0110 -1.4520 -0.2410 0.1680 0.2270 -0.4020 -0.0070 0.7250
1.4094 0.0620 -0.0350 -0.0770 0.0850 -0.0110 -1.4520 -0.2410 0.1680 0.2270 -0.4020 -0.0070 0.7250
1.4135 0.0620 -0.0350 -0.0770 0.0850 -0.0110 -1.4520 -0.2410 0.1680 0.2270 -0.4020 -0.0070 0.7250
1.4153 0.0620 -0.0350 -0.0770 0.0850 -0.0110 -1.4520 -0.2410 0.1680 0.2270 -0.4020 -0.0070 0.7250
1.4185 0.0620 -0.0350 -0.0770 0.0850 -0.0110 -1.4520 -0.2410 0.1680 0.2270 -0.4020 -0.0070 0.7250
1.4194 0.0620 -0.0350 -0.0770 0.0850 -0.0110 -1.4520 -0.2410 0.1680 0.2270 -0.4020 -0.0070 0.7250
1.4257 0.0620 -0.0350 -0.0770 0.0850 -0.0110 -1.4520 -0.2410 0.1680 0.2270 -0.4020 -0.0070 0.7250
1.4263 0.0610 -0.0340 -0.0770 0.0840 -0.0110 -1.4510 -0.2560 0.2120 0.3150 -0.3730 -0.0070 0.8710
1.4292 0.0610 -0.0340 -0.0770 0.0840 -0.0110 -1.4510 -0.2560 0.2120 0.3150 -0.3730 -0.0070 0.8710
1.4302 0.0610 -0.0340 -0.0770 0.0840 -0.0110 -1.4510 -0.2560 0.2120 0.3150 -0.3730 -0.0070 0.8710
1.4325 0.0610 -0.0340 -0.0760 0.0840 -0.0110 -1.4490 -0.2560 0.1830 0.3580 -0.3150 -0.0070 0.9300
1.4361 0.0610 -0.0340 -0.0760 0.0840 -0.0110 -1.4490 -0.2410 0.1830 0.3580 -0.3150 -0.0070 0.9300
1.4385 0.0610 -0.0340 -0.0760 0.0840 -0.0110 -1.4490 -0.2410 0.1830 0.3580 -0.3150 -0.0070 0.9300
1.4394 0.0610 -0.0340 -0.0760 0.0840 -0.0110 -1.4480 -0.2410 0.1830 0.2710 -0.2560 -0.0070 0.9150
1.4401 0.0610 -0.0340 -0.0760 0.0840 -0.0110 -1.4480 -0.2410 0.1830 0.2710 -0.2560 -0.0070 0.9150
1.4419 0.0610 -0.0340 -0.0760 0.0840 -0.0110 -1.4480 -0.2410 0.1830 0.2710 -0.2560 -0.0070 0.9150
1.4424 0.0610 -0.0340 -0.0760 0.0840 -0.0110 -1.4480 -0.2410 0.1830 0.2710 -0.2560 -0.0070 0.9150
1.4430 0.0600 -0.0340 -0.0750 0.0830 -0.0110 -1.4460 -0.2120 0.0950 0.3000 -0.2850 0.0210 0.8710
1.4440 0.0600 -0.0340 -0.0750 0.0830 -0.0110 -1.4460 -0.2120 0.0950 0.3000 -0.2850 0.0210 0.8710
1.4450 0.0600 -0.0340 -0.0750 0.0830 -0.0110 -1.4460 -0.2120 0.0950 0.3000 -0.2850 0.0210 0.8710
1.4460 0.0600 -0.0340 -0.0750 0.0830 -0.0110 -1.4460 -0.2120 0.0950 0.3000 -0.2850 0.0210 0.8710
1.4494 0.0600 -0.0340 -0.0750 0.0830 -0.0110 -1.4460 -0.2120 0.0950 0.3000 -0.2850 0.0210 0.8710
1.4497 0.0600 -0.0340 -0.0750 0.0830 -0.0110 -1.4460 -0.2120 0.0950 0.3000 -0.2850 0.0210 0.8710
1.4507 0.0600 -0.0340 -0.0750 0.0830 -0.0110 -1.4460 -0.2120 0.0950 0.3000 -0.2850 0.0210 0.8710
1.4517 0.0600 -0.0340 -0.0750 0.0830 -0.0110 -1.4460 -0.2120 0.0950 0.3000 -0.2850 0.0210 0.8710
1.4531 0.0600 -0.0340 -0.0750 0.0830 -0.0110 -1.4460 -0.2120 0.0950 0.3000 -0.2850 0.0210 0.8710
1.4540 0.0600 -0.0340 -0.0750 0.0830 -0.0110 -1.4460 -0.2120 0.0950 0.3000 -0.2850 0.0210 0.8710
1.4549 0.0600 -0.0340 -0.0750 0.0830 -0.0110 -1.4460 -0.2120 0.0950 0.3000 -0.2850 0.0210 0.8710
1.4559 0.0600 -0.0340 -0.0750 0.0830 -0.0110 -1.4460 -0.2710 0.0950 0.3000 -0.2850 0.0210 0.8710
1.4567 0.0600 -0.0340 -0.0740 0.0830 -0.0110 -1.4450 -0.2710 0.1090 0.3290 -0.2850 -0.0070 0.8420
1.4579 0.0590 -0.0330 -0.0740 0.0820 -0.0110 -1.4440 -0.3000 0.1390 0.3290 -0.3150 -0.0070 0.9300
1.4587 0.0580 -0.0330 -0.0730 0.0820 -0.0100 -1.4420 -0.2410 0.1830 0.2850 -0.2710 0.0070 0.9300
1.4597 0.0580 -0.0320 -0.0720 0.0810 -0.0100 -1.4390 -0.2560 0.2120 0.3580 -0.4020 0.0070 0.8570
1.4607 0.0580 -0.0320 -0.0720 0.0810 -0.0100 -1.4370 -0.2560 0.1390 0.2410 -0.4020 0.0210 0.8570
1.4617 0.0570 -0.0320 -0.0720 0.0790 -0.0100 -1.4360 -0.2410 0.0650 0.2270 -0.4610 0.0210 0.9300
1.4627 0.0570 -0.0320 -0.0720 0.0790 -0.0100 -1.4360 -0.2410 0.0650 0.2270 -0.4610 0.0210 0.9300
1.4637 0.0570 -0.0320 -0.0720 0.0790 -0.0100 -1.4360 -0.2410 0.0650 0.2270 -0.4610 0.0210 0.9300
1.4647 0.0570 -0.0320 -0.0720 0.0790 -0.0100 -1.4360 -0.2410 0.0650 0.2270 -0.4610 0.0210 0.9300
1.4657 0.0570 -0.0320 -0.0720 0.0790 -0.0100 -1.4360 -0.2410 0.0650 0.2270 -0.4610 0.0210 0.9300
1.4689 0.0570 -0.0320 -0.0720 0.0790 -0.0100 -1.4360 -0.2410 0.0650 0.2270 -0.4610 0.0210 0.9300
1.4691 0.0570 -0.0320 -0.0720 0.0790 -0.0100 -1.4360 -0.2410 0.0650 0.2270 -0.4610 0.0210 0.9300
1.4702 0.0570 -0.0320 -0.0720 0.0790 -0.0100 -1.4360 -0.2410 0.0650 0.2270 -0.4610 0.0210 0.9300
1.4712 0.0570 -0.0320 -0.0720 0.0790 -0.0100 -1.4360 -0.2410 0.0650 0.2270 -0.4610 0.0210 0.9300
1.4722 0.0570 -0.0320 -0.0720 0.0790 -0.0100 -1.4360 -0.2410 0.0650 0.2270 -0.4610 0.0210 0.9300
1.4732 0.0570 -0.0320 -0.0720 0.0790 -0.0100 -1.4360 -0.2410 0.0650 0.2270 -0.4610 0.0210 0.9300
1.4742 0.0570 -0.0320 -0.0720 0.0790 -0.0100 -1.4360 -0.2560 0.0650 0.2270 -0.4610 0.0210 0.9300
1.4752 0.0570 -0.0320 -0.0710 0.0780 -0.0100 -1.4330 -0.2120 0.0510 0.3150 -0.3880 0.0070 0.8710
1.4762 0.0560 -0.0320 -0.0700 0.0780 -0.0100 -1.4310 -0.2270 0.0650 0.2850 -0.3000 0.0210 0.8570
1.4772 0.0560 -0.0320 -0.0700 0.0780 -0.0100 -1.4310 -0.2410 0.0650 0.2850 -0.3000 0.0210 0.8570
1.4782 0.0560 -0.0320 -0.0700 0.0780 -0.0100 -1.4310 -0.2410 0.0650 0.2850 -0.3000 0.0210 0.8570
1.4792 0.0560 -0.0320 -0.0700 0.0780 -0.0100 -1.4310 -0.2410 0.0650 0.2850 -0.3000 0.0210 0.8570
1.4802 0.0560 -0.0320 -0.0700 0.0780 -0.0100 -1.4310 -0.2410 0.0650 0.2850 -0.3000 0.0210 0.8570
1.4812 0.0560 -0.0320 -0.0700 0.0780 -0.0100 -1.4310 -0.2410 0.0650 0.2850 -0.3000 0.0210 0.8570
1.4821 0.0560 -0.0320 -0.0700 0.0780 -0.0100 -1.4310 -0.2410 0.0650 0.2850 -0.3000 0.0210 0.8570
1.4831 0.0560 -0.0320 -0.0700 0.0780 -0.0100 -1.4310 -0.2410 0.0650 0.2850 -0.3000 0.0210 0.8570
1.4842 0.0560 -0.0320 -0.0700 0.0780 -0.0100 -1.4310 -0.2410 0.0650 0.2850 -0.3000 0.0210 0.8570
1.4852 0.0560 -0.0320 -0.0700 0.0780 -0.0100 -1.4310 -0.2410 0.0650 0.2850 -0.3000 0.0210 0.8570
1.4862 0.0560 -0.0320 -0.0700 0.0780 -0.0100 -1.4310 -0.2410 0.0650 0.2850 -0.3000 0.0210 0.8570
1.4872 0.0560 -0.0320 -0.0700 0.0780 -0.0100 -1.4310 -0.2410 0.0650 0.2850 -0.3000 0.0210 0.8570
1.4886 0.0560 -0.0320 -0.0700 0.0780 -0.0100 -1.4310 -0.2410 0.0650 0.2850 -0.3000 0.0210 0.8570
1.4896 0.0550 -0.0310 -0.0690 0.0770 -0.0100 -1.4280 -0.2410 0.1390 0.2710 -0.3150 0.0210 0.9450
1.4901 0.0550 -0.0310 -0.0690 0.0760 -0.0100 -1.4270 -0.2410 0.1680 0.3150 -0.2270 0.0360 0.9150
1.4912 0.0550 -0.0310 -0.0690 0.0760 -0.0100 -1.4270 -0.2410 0.1680 0.3150 -0.2270 0.0360 0.9150
1.4922 0.0550 -0.0310 -0.0690 0.0760 -0.0100 -1.4270 -0.2410 0.1680 0.3150 -0.2270 0.0360 0.9150
1.4932 0.0550 -0.0310 -0.0690 0.0760 -0.0100 -1.4270 -0.2410 0.1680 0.3150 -0.2270 0.0360 0.9150
1.4942 0.0550 -0.0310 -0.0690 0.0760 -0.0100 -1.4270 -0.2410 0.1680 0.3150 -0.2270 0.0360 0.9150
1.4952 0.0550 -0.0310 -0.0690 0.0760 -0.0100 -1.4270 -0.2410 0.1680 0.3150 -0.2270 0.0360 0.9150
1.4962 0.0550 -0.0310 -0.0690 0.0760 -0.0100 -1.4270 -0.2410 0.1680 0.3150 -0.2270 0.0360 0.9150
1.4971 0.0550 -0.0310 -0.0690 0.0760 -0.0100 -1.4270 -0.2410 0.1680 0.3150 -0.2270 0.0360 0.9150
1.4982 0.0550 -0.0310 -0.0690 0.0760 -0.0100 -1.4270 -0.2410 0.1680 0.3150 -0.2270 0.0360 0.9150
1.4991 0.0550 -0.0310 -0.0690 0.0760 -0.0100 -1.4270 -0.2410 0.1680 0.3150 -0.2270 0.0360 0.9150
1.5002 0.0550 -0.0310 -0.0680 0.0760 -0.0100 -1.4250 -0.1970 0.1680 0.2710 -0.2270 0.0360 0.8420
1.5011 0.0540 -0.0300 -0.0680 0.0740 -0.0100 -1.4220 -0.2410 0.1240 0.2410 -0.3000 0.0650 0.9300
1.5021 0.0540 -0.0300 -0.0680 0.0740 -0.0100 -1.4220 -0.2410 0.1240 0.2410 -0.3000 0.0650 0.9300
1.5032 0.0540 -0.0300 -0.0680 0.0740 -0.0100 -1.4220 -0.2410 0.1240 0.2410 -0.3000 0.0650 0.9300
1.5042 0.0540 -0.0300 -0.0680 0.0740 -0.0100 -1.4220 -0.2410 0.1240 0.2410 -0.3000 0.0650 0.9300
1.5052 0.0540 -0.0300 -0.0680 0.0740 -0.0100 -1.4220 -0.2410 0.1240 0.2410 -0.3000 0.0650 0.9300
1.5062 0.0540 -0.0300 -0.0680 0.0740 -0.0100 -1.4220 -0.2410 0.1240 0.2410 -0.3000 0.0650 0.9300
1.5072 0.0540 -0.0300 -0.0680 0.0740 -0.0100 -1.4220 -0.2410 0.1240 0.2410 -0.3000 0.0650 0.9300
1.5083 0.0540 -0.0300 -0.0680 0.0740 -0.0100 -1.4220 -0.2410 0.1240 0.2410 -0.3000 0.0650 0.9300
1.5093 0.0540 -0.0300 -0.0680 0.0740 -0.0100 -1.4220 -0.2410 0.1240 0.2410 -0.3000 0.0650 0.9300
1.5107 0.0540 -0.0300 -0.0680 0.0740 -0.0100 -1.4220 -0.2410 0.1240 0.2410 -0.3000 0.0650 0.9300
1.5111 0.0540 -0.0300 -0.0680 0.0740 -0.0100 -1.4220 -0.2410 0.1240 0.2410 -0.3000 0.0650 0.9300
1.5121 0.0540 -0.0300 -0.0680 0.0740 -0.0100 -1.4220 -0.2410 0.1240 0.2410 -0.3000 0.0650 0.9300
1.5134 0.0530 -0.0300 -0.0680 0.0740 -0.0100 -1.4220 -0.2120 0.1240 0.2410 -0.3000 0.0650 0.9300
1.5163 0.0530 -0.0300 -0.0660 0.0730 -0.0100 -1.4200 -0.2410 0.0800 0.2560 -0.3730 0.0360 0.8570
1.5165 0.0530 -0.0300 -0.0660 0.0730 -0.0100 -1.4200 -0.2410 0.0800 0.2560 -0.3730 0.0360 0.8570
1.5175 0.0530 -0.0300 -0.0660 0.0730 -0.0100 -1.4200 -0.2410 0.0800 0.2560 -0.3730 0.0360 0.8570
1.5185 0.0530 -0.0300 -0.0660 0.0730 -0.0100 -1.4200 -0.2410 0.0800 0.2560 -0.3730 0.0360 0.8570
1.5196 0.0530 -0.0300 -0.0660 0.0730 -0.0100 -1.4200 -0.2410 0.0800 0.2560 -0.3730 0.0360 0.8570
1.5206 0.0530 -0.0300 -0.0660 0.0730 -0.0100 -1.4200 -0.2410 0.0800 0.2560 -0.3730 0.0360 0.8570
1.5216 0.0530 -0.0300 -0.0660 0.0730 -0.0100 -1.4200 -0.2410 0.0800 0.2560 -0.3730 0.0360 0.8570
1.5226 0.0530 -0.0300 -0.0660 0.0730 -0.0100 -1.4200 -0.2410 0.0800 0.2560 -0.3730 0.0360 0.8570
1.5236 0.0530 -0.0300 -0.0660 0.0730 -0.0100 -1.4200 -0.2410 0.0800 0.2560 -0.3730 0.0360 0.8570
1.5246 0.0530 -0.0300 -0.0660 0.0730 -0.0100 -1.4200 -0.2410 0.0800 0.2560 -0.3730 0.0360 0.8570
1.5256 0.0530 -0.0300 -0.0660 0.0730 -0.0100 -1.4200 -0.2410 0.0800 0.2560 -0.3730 0.0360 0.8570
1.5286 0.0530 -0.0300 -0.0660 0.0730 -0.0100 -1.4180 -0.1830 0.0510 0.1680 -0.3880 0.0210 0.8570
1.5294 0.0520 -0.0290 -0.0650 0.0720 -0.0100 -1.4150 -0.2270 0.1090 0.2560 -0.3440 0.0070 0.9300
1.5298 0.0520 -0.0290 -0.0650 0.0720 -0.0100 -1.4150 -0.2270 0.1090 0.2560 -0.3440 0.0070 0.9300
1.5308 0.0520 -0.0290 -0.0650 0.0720 -0.0100 -1.4150 -0.2270 0.1090 0.2560 -0.3440 0.0070 0.9300
1.5318 0.0520 -0.0290 -0.0650 0.0720 -0.0100 -1.4150 -0.2270 0.1090 0.2560 -0.3440 0.0070 0.9300
1.5328 0.0520 -0.0290 -0.0650 0.0720 -0.0100 -1.4150 -0.2270 0.1090 0.2560 -0.3440 0.0070 0.9300
1.5338 0.0520 -0.0290 -0.0650 0.0720 -0.0100 -1.4150 -0.2270 0.1090 0.2560 -0.3440 0.0070 0.9300
1.5348 0.0520 -0.0290 -0.0650 0.0720 -0.0100 -1.4150 -0.2270 0.1090 0.2560 -0.3440 0.0070 0.9300
1.5360 0.0520 -0.0290 -0.0650 0.0720 -0.0100 -1.4150 -0.2270 0.1090 0.2560 -0.3440 0.0070 0.9300
1.5368 0.0520 -0.0290 -0.0650 0.0720 -0.0100 -1.4150 -0.2270 0.1090 0.2560 -0.3440 0.0070 0.9300
1.5378 0.0520 -0.0290 -0.0650 0.0720 -0.0100 -1.4150 -0.2270 0.1090 0.2560 -0.3440 0.0070 0.9300
1.5388 0.0520 -0.0290 -0.0650 0.0720 -0.0100 -1.4150 -0.2270 0.1090 0.2560 -0.3440 0.0070 0.9300
1.5419 0.0520 -0.0290 -0.0650 0.0720 -0.0100 -1.4150 -0.2120 0.1090 0.2560 -0.3440 0.0070 0.9300
1.5422 0.0510 -0.0290 -0.0640 0.0710 -0.0100 -1.4100 -0.1970 0.1390 0.1830 -0.2270 0.0070 0.8860
1.5431 0.0510 -0.0290 -0.0640 0.0710 -0.0100 -1.4100 -0.1970 0.1390 0.1830 -0.2270 0.0070 0.8860
1.5441 0.0510 -0.0290 -0.0640 0.0710 -0.0100 -1.4100 -0.1970 0.1390 0.1830 -0.2270 0.0070 0.8860
1.5451 0.0510 -0.0290 -0.0640 0.0710 -0.0100 -1.4100 -0.1970 0.1390 0.1830 -0.2270 0.0070 0.8860
1.5461 0.0510 -0.0290 -0.0640 0.0710 -0.0100 -1.4100 -0.1970 0.1390 0.1830 -0.2270 0.0070 0.8860
1.5472 0.0510 -0.0290 -0.0640 0.0710 -0.0100 -1.4100 -0.1970 0.1390 0.1830 -0.2270 0.0070 0.8860
1.5481 0.0510 -0.0290 -0.0640 0.0710 -0.0100 -1.4100 -0.1970 0.1390 0.1830 -0.2270 0.0070 0.8860
1.5491 0.0510 -0.0290 -0.0640 0.0710 -0.0100 -1.4100 -0.1970 0.1390 0.1830 -0.2270 0.0070 0.8860
1.5501 0.0510 -0.0290 -0.0640 0.0710 -0.0100 -1.4100 -0.1970 0.1390 0.1830 -0.2270 0.0070 0.8860
1.5511 0.0510 -0.0290 -0.0640 0.0710 -0.0100 -1.4100 -0.1970 0.1390 0.1830 -0.2270 0.0070 0.8860
1.5521 0.0510 -0.0290 -0.0640 0.0710 -0.0100 -1.4100 -0.1970 0.1390 0.1830 -0.2270 0.0070 0.8860
1.5543 0.0510 -0.0290 -0.0640 0.0710 -0.0100 -1.4100 -0.1970 0.1390 0.1830 -0.2270 0.0070 0.8860
1.5547 0.0500 -0.0280 -0.0630 0.0710 -0.0100 -1.4070 -0.2270 0.1390 0.3150 -0.2270 0.0210 0.8860
1.5551 0.0500 -0.0280 -0.0630 0.0710 -0.0100 -1.4070 -0.2270 0.1390 0.3150 -0.2270 0.0210 0.8860
1.5561 0.0500 -0.0280 -0.0630 0.0710 -0.0100 -1.4070 -0.2270 0.1390 0.3150 -0.2270 0.0210 0.8860
1.5571 0.0500 -0.0280 -0.0630 0.0710 -0.0100 -1.4070 -0.2270 0.1390 0.3150 -0.2270 0.0210 0.8860
1.5585 0.0500 -0.0280 -0.0630 0.0710 -0.0100 -1.4070 -0.2270 0.1390 0.3150 -0.2270 0.0210 0.8860
1.5591 0.0500 -0.0280 -0.0630 0.0710 -0.0100 -1.4070 -0.2270 0.1390 0.3150 -0.2270 0.0210 0.8860
1.5601 0.0500 -0.0280 -0.0630 0.0710 -0.0100 -1.4070 -0.2270 0.1390 0.3150 -0.2270 0.0210 0.8860
1.5611 0.0500 -0.0280 -0.0630 0.0710 -0.0100 -1.4070 -0.2270 0.1390 0.3150 -0.2270 0.0210 0.8860
1.5621 0.0500 -0.0280 -0.0630 0.0710 -0.0100 -1.4070 -0.2270 0.1390 0.3150 -0.2270 0.0210 0.8860
1.5631 0.0500 -0.0280 -0.0630 0.0710 -0.0100 -1.4070 -0.2270 0.1390 0.3150 -0.2270 0.0210 0.8860
1.5641 0.0500 -0.0280 -0.0630 0.0710 -0.0100 -1.4070 -0.2270 0.1390 0.3150 -0.2270 0.0210 0.8860
1.5651 0.0500 -0.0280 -0.0630 0.0710 -0.0100 -1.4070 -0.2270 0.1390 0.3150 -0.2270 0.0210 0.8860
1.5709 0.0500 -0.0280 -0.0630 0.0710 -0.0100 -1.4070 -0.2270 0.1390 0.3150 -0.2270 0.0210 0.8860
1.5714 0.0490 -0.0280 -0.0620 0.0690 -0.0090 -1.4040 -0.1970 0.0800 0.2120 -0.2120 0.0510 0.8710
1.5722 0.0490 -0.0280 -0.0620 0.0680 -0.0090 -1.4030 -0.1970 0.0650 0.2560 -0.2560 0.0360 0.9300
1.5732 0.0490 -0.0280 -0.0620 0.0680 -0.0090 -1.4030 -0.1970 0.0650 0.2560 -0.2560 0.0360 0.9300
1.5742 0.0490 -0.0280 -0.0620 0.0680 -0.0090 -1.4030 -0.1970 0.0650 0.2560 -0.2560 0.0360 0.9300
1.5753 0.0490 -0.0280 -0.0620 0.0680 -0.0090 -1.4030 -0.1970 0.0650 0.2560 -0.2560 0.0360 0.9300
1.5764 0.0490 -0.0280 -0.0620 0.0680 -0.0090 -1.4030 -0.1970 0.0650 0.2560 -0.2560 0.0360 0.9300
1.5771 0.0490 -0.0280 -0.0620 0.0680 -0.0090 -1.4030 -0.1970 0.0650 0.2560 -0.2560 0.0360 0.9300
1.5781 0.0490 -0.0280 -0.0620 0.0680 -0.0090 -1.4030 -0.1970 0.0650 0.2560 -0.2560 0.0360 0.9300
1.5791 0.0490 -0.0280 -0.0620 0.0680 -0.0090 -1.4030 -0.1970 0.0650 0.2560 -0.2560 0.0360 0.9300
1.5801 0.0490 -0.0280 -0.0620 0.0680 -0.0090 -1.4030 -0.1970 0.0650 0.2560 -0.2560 0.0360 0.9300
1.5811 0.0490 -0.0280 -0.0620 0.0680 -0.0090 -1.4030 -0.1970 0.0650 0.2560 -0.2560 0.0360 0.9300
1.5821 0.0490 -0.0280 -0.0620 0.0680 -0.0090 -1.4030 -0.1970 0.0650 0.2560 -0.2560 0.0360 0.9300
1.5854 0.0490 -0.0280 -0.0620 0.0680 -0.0090 -1.4030 -0.1970 0.0650 0.2560 -0.2560 0.0360 0.9300
1.5855 0.0490 -0.0280 -0.0610 0.0680 -0.0090 -1.4010 -0.1970 0.0950 0.3150 -0.2560 0.0360 0.9010
1.5866 0.0490 -0.0270 -0.0610 0.0670 -0.0090 -1.4000 -0.2270 0.1680 0.2710 -0.3290 0.0360 0.8570
1.5876 0.0490 -0.0270 -0.0610 0.0670 -0.0090 -1.4000 -0.2270 0.1530 0.1680 -0.3440 0.0510 0.8570
1.5890 0.0490 -0.0270 -0.0610 0.0670 -0.0090 -1.4000 -0.2270 0.1530 0.1680 -0.3440 0.0510 0.8570
1.5900 0.0490 -0.0270 -0.0610 0.0670 -0.0090 -1.4000 -0.2270 0.1530 0.1680 -0.3440 0.0510 0.8570
1.5905 0.0490 -0.0270 -0.0610 0.0670 -0.0090 -1.4000 -0.2270 0.1530 0.1680 -0.3440 0.0510 0.8570
1.5915 0.0490 -0.0270 -0.0610 0.0670 -0.0090 -1.4000 -0.2270 0.1530 0.1680 -0.3440 0.0510 0.8570
1.5926 0.0490 -0.0270 -0.0610 0.0670 -0.0090 -1.4000 -0.2270 0.1530 0.1680 -0.3440 0.0510 0.8570
1.5935 0.0490 -0.0270 -0.0610 0.0670 -0.0090 -1.4000 -0.2270 0.1530 0.1680 -0.3440 0.0510 0.8570
1.5945 0.0490 -0.0270 -0.0610 0.0670 -0.0090 -1.4000 -0.2270 0.1530 0.1680 -0.3440 0.0510 0.8570
1.5956 0.0490 -0.0270 -0.0610 0.0670 -0.0090 -1.4000 -0.2270 0.1530 0.1680 -0.3440 0.0510 0.8570
1.5966 0.0490 -0.0270 -0.0610 0.0670 -0.0090 -1.4000 -0.2270 0.1530 0.1680 -0.3440 0.0510 0.8570
1.5982 0.0480 -0.0270 -0.0600 0.0660 -0.0090 -1.3970 -0.1970 0.1830 0.2120 -0.3440 0.0510 0.9150
1.5990 0.0470 -0.0260 -0.0600 0.0660 -0.0090 -1.3960 -0.1830 0.1830 0.2270 -0.3440 0.0210 0.9150
1.5995 0.0470 -0.0260 -0.0590 0.0650 -0.0090 -1.3940 -0.1830 0.1680 0.2560 -0.2710 0.0210 0.9010
1.6005 0.0470 -0.0260 -0.0590 0.0650 -0.0090 -1.3940 -0.1830 0.1680 0.2560 -0.2710 0.0210 0.9010
1.6015 0.0470 -0.0260 -0.0590 0.0650 -0.0090 -1.3940 -0.1830 0.1680 0.2560 -0.2710 0.0210 0.9010
1.6025 0.0470 -0.0260 -0.0590 0.0650 -0.0090 -1.3940 -0.1830 0.1680 0.2560 -0.2710 0.0210 0.9010
1.6035 0.0470 -0.0260 -0.0590 0.0650 -0.0090 -1.3940 -0.1830 0.1680 0.2560 -0.2710 0.0210 0.9010
1.6046 0.0470 -0.0260 -0.0590 0.0650 -0.0090 -1.3940 -0.1830 0.1680 0.2560 -0.2710 0.0210 0.9010
1.6055 0.0470 -0.0260 -0.0590 0.0650 -0.0090 -1.3940 -0.1830 0.1680 0.2560 -0.2710 0.0210 0.9010
1.6066 0.0470 -0.0260 -0.0590 0.0650 -0.0090 -1.3940 -0.1830 0.1680 0.2560 -0.2710 0.0210 0.9010
1.6075 0.0470 -0.0260 -0.0590 0.0650 -0.0090 -1.3940 -0.1830 0.1680 0.2560 -0.2710 0.0210 0.9010
1.6085 0.0470 -0.0260 -0.0590 0.0650 -0.0090 -1.3940 -0.1830 0.1680 0.2560 -0.2710 0.0210 0.9010
1.6095 0.0470 -0.0260 -0.0590 0.0650 -0.0090 -1.3940 -0.1830 0.1680 0.2560 -0.2710 0.0210 0.9010
1.6105 0.0470 -0.0260 -0.0590 0.0650 -0.0090 -1.3940 -0.1830 0.1680 0.2560 -0.2710 0.0210 0.9010
1.6135 0.0470 -0.0260 -0.0590 0.0650 -0.0090 -1.3920 -0.1830 0.1090 0.2270 -0.2710 0.0210 0.8710
1.6145 0.0470 -0.0250 -0.0580 0.0650 -0.0080 -1.3890 -0.2120 0.1390 0.2410 -0.2710 0.0210 0.9300
1.6153 0.0470 -0.0250 -0.0580 0.0650 -0.0080 -1.3890 -0.2120 0.1390 0.2410 -0.2710 0.0210 0.9300
1.6157 0.0470 -0.0250 -0.0580 0.0650 -0.0080 -1.3890 -0.2120 0.1390 0.2410 -0.2710 0.0210 0.9300
1.6167 0.0470 -0.0250 -0.0580 0.0650 -0.0080 -1.3890 -0.2120 0.1390 0.2410 -0.2710 0.0210 0.9300
1.6177 0.0470 -0.0250 -0.0580 0.0650 -0.0080 -1.3890 -0.2120 0.1390 0.2410 -0.2710 0.0210 0.9300
1.6187 0.0470 -0.0250 -0.0580 0.0650 -0.0080 -1.3890 -0.2120 0.1390 0.2410 -0.2710 0.0210 0.9300
1.6198 0.0470 -0.0250 -0.0580 0.0650 -0.0080 -1.3890 -0.2120 0.1390 0.2410 -0.2710 0.0210 0.9300
1.6208 0.0470 -0.0250 -0.0580 0.0650 -0.0080 -1.3890 -0.2120 0.1390 0.2410 -0.2710 0.0210 0.9300
1.6229 0.0460 -0.0250 -0.0580 0.0650 -0.0080 -1.3880 -0.2410 0.1240 0.3000 -0.2710 0.0210 0.9010
1.6231 0.0460 -0.0250 -0.0570 0.0630 -0.0080 -1.3860 -0.2410 0.1390 0.3290 -0.1830 0.0210 0.8420
1.6237 0.0460 -0.0250 -0.0570 0.0630 -0.0080 -1.3860 -0.2410 0.1390 0.3290 -0.1830 0.0210 0.8420
1.6247 0.0460 -0.0250 -0.0570 0.0630 -0.0080 -1.3860 -0.2410 0.1390 0.3290 -0.1830 0.0210 0.8420
1.6257 0.0460 -0.0250 -0.0570 0.0630 -0.0080 -1.3860 -0.2410 0.1390 0.3290 -0.1830 0.0210 0.8420
1.6267 0.0460 -0.0250 -0.0570 0.0630 -0.0080 -1.3860 -0.2410 0.1390 0.3290 -0.1830 0.0210 0.8420
1.6277 0.0460 -0.0250 -0.0570 0.0630 -0.0080 -1.3860 -0.2410 0.1390 0.3290 -0.1830 0.0210 0.8420
1.6287 0.0460 -0.0250 -0.0570 0.0630 -0.0080 -1.3860 -0.2410 0.1390 0.3290 -0.1830 0.0210 0.8420
1.6297 0.0460 -0.0250 -0.0570 0.0630 -0.0080 -1.3860 -0.2410 0.1390 0.3290 -0.1830 0.0210 0.8420
1.6307 0.0460 -0.0250 -0.0570 0.0630 -0.0080 -1.3860 -0.2410 0.1390 0.3290 -0.1830 0.0210 0.8420
1.6317 0.0460 -0.0250 -0.0570 0.0630 -0.0080 -1.3860 -0.2410 0.1390 0.3290 -0.1830 0.0210 0.8420
1.6327 0.0460 -0.0250 -0.0570 0.0630 -0.0080 -1.3860 -0.2410 0.1390 0.3290 -0.1830 0.0210 0.8420
1.6337 0.0460 -0.0250 -0.0570 0.0630 -0.0080 -1.3860 -0.2410 0.1390 0.3290 -0.1830 0.0210 0.8420
1.6347 0.0450 -0.0240 -0.0570 0.0630 -0.0080 -1.3830 -0.1830 0.1090 0.2270 -0.2710 0.0360 0.9150
1.6357 0.0450 -0.0240 -0.0570 0.0630 -0.0080 -1.3830 -0.2120 0.1090 0.2270 -0.2710 0.0360 0.9150
1.6367 0.0450 -0.0240 -0.0570 0.0630 -0.0080 -1.3830 -0.2120 0.1090 0.2270 -0.2710 0.0360 0.9150
1.6378 0.0450 -0.0240 -0.0570 0.0630 -0.0080 -1.3830 -0.2120 0.1090 0.2270 -0.2710 0.0360 0.9150
1.6387 0.0450 -0.0240 -0.0570 0.0630 -0.0080 -1.3830 -0.2120 0.1090 0.2270 -0.2710 0.0360 0.9150
1.6398 0.0450 -0.0240 -0.0570 0.0630 -0.0080 -1.3830 -0.2120 0.1090 0.2270 -0.2710 0.0360 0.9150
1.6407 0.0450 -0.0240 -0.0570 0.0630 -0.0080 -1.3830 -0.2120 0.1090 0.2270 -0.2710 0.0360 0.9150
1.6417 0.0450 -0.0240 -0.0570 0.0630 -0.0080 -1.3830 -0.2120 0.1090 0.2270 -0.2710 0.0360 0.9150
1.6427 0.0450 -0.0240 -0.0570 0.0630 -0.0080 -1.3830 -0.2120 0.1090 0.2270 -0.2710 0.0360 0.9150
1.6437 0.0450 -0.0240 -0.0570 0.0630 -0.0080 -1.3830 -0.2120 0.1090 0.2270 -0.2710 0.0360 0.9150
1.6447 0.0450 -0.0240 -0.0570 0.0630 -0.0080 -1.3830 -0.2120 0.1090 0.2270 -0.2710 0.0360 0.9150
1.6463 0.0440 -0.0240 -0.0550 0.0620 -0.0080 -1.3800 -0.2270 0.0650 0.2710 -0.3150 0.0510 0.8710
1.6469 0.0440 -0.0240 -0.0550 0.0610 -0.0080 -1.3790 -0.2270 0.0650 0.2120 -0.2410 0.0650 0.8420
1.6477 0.0440 -0.0240 -0.0550 0.0610 -0.0080 -1.3790 -0.2270 0.0650 0.2120 -0.2410 0.0650 0.8420
1.6487 0.0440 -0.0240 -0.0550 0.0610 -0.0080 -1.3790 -0.2270 0.0650 0.2120 -0.2410 0.0650 0.8420
1.6497 0.0440 -0.0240 -0.0550 0.0610 -0.0080 -1.3790 -0.2270 0.0650 0.2120 -0.2410 0.0650 0.8420
1.6507 0.0440 -0.0240 -0.0550 0.0610 -0.0080 -1.3790 -0.2270 0.0650 0.2120 -0.2410 0.0650 0.8420
1.6517 0.0440 -0.0240 -0.0550 0.0610 -0.0080 -1.3790 -0.2270 0.0650 0.2120 -0.2410 0.0650 0.8420
1.6528 0.0440 -0.0240 -0.0550 0.0610 -0.0080 -1.3790 -0.2270 0.0650 0.2120 -0.2410 0.0650 0.8420
1.6538 0.0440 -0.0240 -0.0550 0.0610 -0.0080 -1.3790 -0.2270 0.0650 0.2120 -0.2410 0.0650 0.8420
1.6547 0.0440 -0.0240 -0.0550 0.0610 -0.0080 -1.3790 -0.2270 0.0650 0.2120 -0.2410 0.0650 0.8420
1.6557 0.0440 -0.0240 -0.0550 0.0610 -0.0080 -1.3790 -0.2270 0.0650 0.2120 -0.2410 0.0650 0.8420
1.6578 0.0440 -0.0240 -0.0550 0.0610 -0.0080 -1.3770 -0.1680 0.0510 0.1680 -0.2850 0.0650 0.9010
1.6580 0.0440 -0.0240 -0.0550 0.0600 -0.0080 -1.3760 -0.1680 0.0650 0.1970 -0.3580 0.0510 0.9300
1.6587 0.0440 -0.0240 -0.0550 0.0600 -0.0080 -1.3760 -0.1680 0.0650 0.1970 -0.3580 0.0510 0.9300
1.6597 0.0440 -0.0240 -0.0550 0.0600 -0.0080 -1.3760 -0.1680 0.0650 0.1970 -0.3580 0.0510 0.9300
1.6607 0.0440 -0.0240 -0.0550 0.0600 -0.0080 -1.3760 -0.1680 0.0650 0.1970 -0.3580 0.0510 0.9300
1.6617 0.0440 -0.0240 -0.0550 0.0600 -0.0080 -1.3760 -0.1680 0.0650 0.1970 -0.3580 0.0510 0.9300
1.6627 0.0440 -0.0240 -0.0550 0.0600 -0.0080 -1.3760 -0.1680 0.0650 0.1970 -0.3580 0.0510 0.9300
1.6637 0.0440 -0.0240 -0.0550 0.0600 -0.0080 -1.3760 -0.1680 0.0650 0.1970 -0.3580 0.0510 0.9300
1.6647 0.0440 -0.0240 -0.0550 0.0600 -0.0080 -1.3760 -0.1680 0.0650 0.1970 -0.3580 0.0510 0.9300
1.6657 0.0440 -0.0240 -0.0550 0.0600 -0.0080 -1.3760 -0.1680 0.0650 0.1970 -0.3580 0.0510 0.9300
1.6667 0.0440 -0.0240 -0.0550 0.0600 -0.0080 -1.3760 -0.1680 0.0650 0.1970 -0.3580 0.0510 0.9300
1.6677 0.0440 -0.0240 -0.0550 0.0600 -0.0080 -1.3760 -0.1680 0.0650 0.1970 -0.3580 0.0510 0.9300
1.6693 0.0430 -0.0240 -0.0550 0.0600 -0.0080 -1.3750 -0.1970 0.1240 0.1970 -0.3580 0.0070 0.8710
1.6697 0.0430 -0.0230 -0.0540 0.0590 -0.0080 -1.3730 -0.1970 0.1240 0.2410 -0.2850 0.0210 0.8570
1.6707 0.0430 -0.0230 -0.0540 0.0590 -0.0080 -1.3730 -0.1970 0.1240 0.2410 -0.2850 0.0210 0.8570
1.6717 0.0430 -0.0230 -0.0540 0.0590 -0.0080 -1.3730 -0.1970 0.1240 0.2410 -0.2850 0.0210 0.8570
1.6727 0.0430 -0.0230 -0.0540 0.0590 -0.0080 -1.3730 -0.1970 0.1240 0.2410 -0.2850 0.0210 0.8570
1.6742 0.0430 -0.0230 -0.0540 0.0590 -0.0080 -1.3730 -0.1970 0.1240 0.2410 -0.2850 0.0210 0.8570
1.6747 0.0430 -0.0230 -0.0540 0.0590 -0.0080 -1.3730 -0.1970 0.1240 0.2410 -0.2850 0.0210 0.8570
1.6757 0.0430 -0.0230 -0.0540 0.0590 -0.0080 -1.3730 -0.1970 0.1240 0.2410 -0.2850 0.0210 0.8570
1.6767 0.0430 -0.0230 -0.0540 0.0590 -0.0080 -1.3730 -0.1970 0.1240 0.2410 -0.2850 0.0210 0.8570
1.6777 0.0430 -0.0230 -0.0540 0.0590 -0.0080 -1.3730 -0.1970 0.1240 0.2410 -0.2850 0.0210 0.8570
1.6787 0.0430 -0.0230 -0.0540 0.0590 -0.0080 -1.3730 -0.1970 0.1240 0.2410 -0.2850 0.0210 0.8570
1.6797 0.0430 -0.0230 -0.0540 0.0590 -0.0080 -1.3730 -0.1970 0.1240 0.2410 -0.2850 0.0210 0.8570
1.6808 0.0430 -0.0230 -0.0540 0.0590 -0.0080 -1.3730 -0.1680 0.1240 0.2410 -0.2850 0.0210 0.8570
1.6817 0.0420 -0.0230 -0.0530 0.0580 -0.0080 -1.3680 -0.1830 0.0510 0.1970 -0.2710 0.0210 0.9010
1.6827 0.0420 -0.0230 -0.0530 0.0580 -0.0080 -1.3680 -0.1830 0.0510 0.1970 -0.2710 0.0210 0.9010
1.6837 0.0420 -0.0230 -0.0530 0.0580 -0.0080 -1.3680 -0.1830 0.0510 0.1970 -0.2710 0.0210 0.9010
1.6847 0.0420 -0.0230 -0.0530 0.0580 -0.0080 -1.3680 -0.1830 0.0510 0.1970 -0.2710 0.0210 0.9010
1.6857 0.0420 -0.0230 -0.0530 0.0580 -0.0080 -1.3680 -0.1830 0.0510 0.1970 -0.2710 0.0210 0.9010
1.6867 0.0420 -0.0230 -0.0530 0.0580 -0.0080 -1.3680 -0.1830 0.0510 0.1970 -0.2710 0.0210 0.9010
1.6878 0.0420 -0.0230 -0.0530 0.0580 -0.0080 -1.3680 -0.1830 0.0510 0.1970 -0.2710 0.0210 0.9010
1.6887 0.0420 -0.0230 -0.0530 0.0580 -0.0080 -1.3680 -0.1830 0.0510 0.1970 -0.2710 0.0210 0.9010
1.6897 0.0420 -0.0230 -0.0530 0.0580 -0.0080 -1.3680 -0.1830 0.0510 0.1970 -0.2710 0.0210 0.9010
1.6907 0.0420 -0.0230 -0.0530 0.0580 -0.0080 -1.3680 -0.1830 0.0510 0.1970 -0.2710 0.0210 0.9010
1.6917 0.0420 -0.0230 -0.0530 0.0580 -0.0080 -1.3680 -0.1830 0.0510 0.1970 -0.2710 0.0210 0.9010
1.6934 0.0420 -0.0230 -0.0520 0.0580 -0.0080 -1.3670 -0.1390 0.0800 0.2120 -0.1530 0.0070 0.8570
1.6940 0.0420 -0.0230 -0.0520 0.0570 -0.0080 -1.3650 -0.1390 0.0800 0.2270 -0.2120 0.0210 0.8860
1.6947 0.0420 -0.0230 -0.0520 0.0570 -0.0080 -1.3650 -0.1390 0.0800 0.2270 -0.2120 0.0210 0.8860
1.6957 0.0420 -0.0230 -0.0520 0.0570 -0.0080 -1.3650 -0.1390 0.0800 0.2270 -0.2120 0.0210 0.8860
1.6967 0.0420 -0.0230 -0.0520 0.0570 -0.0080 -1.3650 -0.1390 0.0800 0.2270 -0.2120 0.0210 0.8860
1.6977 0.0420 -0.0230 -0.0520 0.0570 -0.0080 -1.3650 -0.1390 0.0800 0.2270 -0.2120 0.0210 0.8860
1.6987 0.0420 -0.0230 -0.0520 0.0570 -0.0080 -1.3650 -0.1390 0.0800 0.2270 -0.2120 0.0210 0.8860
1.6997 0.0420 -0.0230 -0.0520 0.0570 -0.0080 -1.3650 -0.1390 0.0800 0.2270 -0.2120 0.0210 0.8860
1.7007 0.0420 -0.0230 -0.0520 0.0570 -0.0080 -1.3650 -0.1390 0.0800 0.2270 -0.2120 0.0210 0.8860
1.7017 0.0420 -0.0230 -0.0520 0.0570 -0.0080 -1.3650 -0.1390 0.0800 0.2270 -0.2120 0.0210 0.8860
1.7027 0.0420 -0.0230 -0.0520 0.0570 -0.0080 -1.3650 -0.1390 0.0800 0.2270 -0.2120 0.0210 0.8860
1.7038 0.0420 -0.0230 -0.0520 0.0570 -0.0080 -1.3650 -0.1390 0.0800 0.2270 -0.2120 0.0210 0.8860
1.7078 0.0410 -0.0230 -0.0520 0.0570 -0.0070 -1.3620 -0.1830 0.0510 0.1390 -0.2120 0.0360 0.9150
1.7079 0.0410 -0.0230 -0.0510 0.0570 -0.0070 -1.3610 -0.1830 0.0210 0.1830 -0.2120 0.0360 0.8710
1.7090 0.0410 -0.0230 -0.0510 0.0570 -0.0070 -1.3610 -0.1830 0.0210 0.1830 -0.2120 0.0360 0.8710
1.7117 0.0410 -0.0230 -0.0510 0.0570 -0.0070 -1.3610 -0.1830 0.0210 0.1830 -0.2120 0.0360 0.8710
1.7134 0.0410 -0.0230 -0.0510 0.0570 -0.0070 -1.3610 -0.1830 0.0210 0.1830 -0.2120 0.0360 0.8710
1.7144 0.0410 -0.0230 -0.0510 0.0570 -0.0070 -1.3610 -0.1830 0.0210 0.1830 -0.2120 0.0360 0.8710
1.7146 0.0410 -0.0230 -0.0510 0.0570 -0.0070 -1.3610 -0.1830 0.0210 0.1830 -0.2120 0.0360 0.8710
1.7156 0.0410 -0.0230 -0.0510 0.0570 -0.0070 -1.3610 -0.1830 0.0210 0.1830 -0.2120 0.0360 0.8710
1.7166 0.0410 -0.0230 -0.0510 0.0570 -0.0070 -1.3610 -0.1830 0.0210 0.1830 -0.2120 0.0360 0.8710
1.7175 0.0410 -0.0230 -0.0510 0.0570 -0.0070 -1.3610 -0.1830 0.0210 0.1830 -0.2120 0.0360 0.8710
1.7186 0.0410 -0.0230 -0.0510 0.0570 -0.0070 -1.3610 -0.1830 0.0210 0.1830 -0.2120 0.0360 0.8710
1.7195 0.0400 -0.0230 -0.0510 0.0570 -0.0070 -1.3590 -0.1830 0.0210 0.1830 -0.2120 0.0510 0.8570
1.7206 0.0400 -0.0230 -0.0500 0.0560 -0.0070 -1.3580 -0.1530 0.0360 0.2410 -0.1830 0.0360 0.9010
1.7216 0.0400 -0.0230 -0.0500 0.0560 -0.0070 -1.3580 -0.1530 0.0360 0.2410 -0.1830 0.0360 0.9010
1.7226 0.0400 -0.0230 -0.0500 0.0560 -0.0070 -1.3580 -0.1530 0.0360 0.2410 -0.1830 0.0360 0.9010
1.7236 0.0400 -0.0230 -0.0500 0.0560 -0.0070 -1.3580 -0.1530 0.0360 0.2410 -0.1830 0.0360 0.9010
1.7246 0.0400 -0.0230 -0.0500 0.0560 -0.0070 -1.3580 -0.1530 0.0360 0.2410 -0.1830 0.0360 0.9010
1.7255 0.0400 -0.0230 -0.0500 0.0560 -0.0070 -1.3580 -0.1530 0.0360 0.2410 -0.1830 0.0360 0.9010
1.7266 0.0400 -0.0230 -0.0500 0.0560 -0.0070 -1.3580 -0.1530 0.0360 0.2410 -0.1830 0.0360 0.9010
1.7276 0.0400 -0.0230 -0.0500 0.0560 -0.0070 -1.3580 -0.1530 0.0360 0.2410 -0.1830 0.0360 0.9010
1.7285 0.0400 -0.0230 -0.0500 0.0560 -0.0070 -1.3580 -0.1530 0.0360 0.2410 -0.1830 0.0360 0.9010
1.7296 0.0400 -0.0230 -0.0500 0.0560 -0.0070 -1.3580 -0.1530 0.0360 0.2410 -0.1830 0.0360 0.9010
1.7306 0.0400 -0.0220 -0.0500 0.0550 -0.0070 -1.3550 -0.1680 0.0360 0.1680 -0.2710 0.0650 0.8860
1.7315 0.0390 -0.0220 -0.0490 0.0540 -0.0070 -1.3540 -0.1970 0.0210 0.1830 -0.3290 0.0510 0.8710
1.7325 0.0390 -0.0220 -0.0490 0.0540 -0.0070 -1.3540 -0.1970 0.0210 0.1830 -0.3290 0.0510 0.8710
1.7335 0.0390 -0.0220 -0.0490 0.0540 -0.0070 -1.3540 -0.1970 0.0210 0.1830 -0.3290 0.0510 0.8710
1.7346 0.0390 -0.0220 -0.0490 0.0540 -0.0070 -1.3540 -0.1970 0.0210 0.1830 -0.3290 0.0510 0.8710
1.7355 0.0390 -0.0220 -0.0490 0.0540 -0.0070 -1.3540 -0.1970 0.0210 0.1830 -0.3290 0.0510 0.8710
1.7366 0.0390 -0.0220 -0.0490 0.0540 -0.0070 -1.3540 -0.1970 0.0210 0.1830 -0.3290 0.0510 0.8710
1.7376 0.0390 -0.0220 -0.0490 0.0540 -0.0070 -1.3540 -0.1970 0.0210 0.1830 -0.3290 0.0510 0.8710
1.7386 0.0390 -0.0220 -0.0490 0.0540 -0.0070 -1.3540 -0.1970 0.0210 0.1830 -0.3290 0.0510 0.8710
1.7396 0.0390 -0.0220 -0.0490 0.0540 -0.0070 -1.3540 -0.1970 0.0210 0.1830 -0.3290 0.0510 0.8710
1.7406 0.0390 -0.0220 -0.0490 0.0540 -0.0070 -1.3540 -0.1970 0.0210 0.1830 -0.3290 0.0510 0.8710
1.7416 0.0390 -0.0220 -0.0490 0.0540 -0.0070 -1.3540 -0.1970 0.0210 0.1830 -0.3290 0.0510 0.8710
1.7439 0.0390 -0.0220 -0.0490 0.0530 -0.0070 -1.3500 -0.1830 0.0510 0.2560 -0.3000 0.0210 0.9300
1.7441 0.0390 -0.0220 -0.0490 0.0530 -0.0070 -1.3500 -0.1830 0.0510 0.2560 -0.3000 0.0210 0.9300
1.7445 0.0390 -0.0220 -0.0490 0.0530 -0.0070 -1.3500 -0.1830 0.0510 0.2560 -0.3000 0.0210 0.9300
1.7455 0.0390 -0.0220 -0.0490 0.0530 -0.0070 -1.3500 -0.1830 0.0510 0.2560 -0.3000 0.0210 0.9300
1.7465 0.0390 -0.0220 -0.0490 0.0530 -0.0070 -1.3500 -0.1830 0.0510 0.2560 -0.3000 0.0210 0.9300
1.7476 0.0390 -0.0220 -0.0490 0.0530 -0.0070 -1.3500 -0.1830 0.0510 0.2560 -0.3000 0.0210 0.9300
1.7485 0.0390 -0.0220 -0.0490 0.0530 -0.0070 -1.3500 -0.1830 0.0510 0.2560 -0.3000 0.0210 0.9300
1.7495 0.0390 -0.0220 -0.0490 0.0530 -0.0070 -1.3500 -0.1830 0.0510 0.2560 -0.3000 0.0210 0.9300
1.7506 0.0390 -0.0220 -0.0490 0.0530 -0.0070 -1.3500 -0.1830 0.0510 0.2560 -0.3000 0.0210 0.9300
1.7516 0.0390 -0.0220 -0.0490 0.0530 -0.0070 -1.3500 -0.1830 0.0510 0.2560 -0.3000 0.0210 0.9300
1.7540 0.0390 -0.0220 -0.0490 0.0530 -0.0070 -1.3500 -0.1830 0.0510 0.2560 -0.3000 0.0210 0.9300
1.7546 0.0380 -0.0220 -0.0490 0.0530 -0.0070 -1.3490 -0.2120 0.1090 0.2850 -0.2850 0.0210 0.9150
1.7549 0.0380 -0.0220 -0.0480 0.0520 -0.0070 -1.3470 -0.1530 0.1240 0.1830 -0.2560 0.0070 0.8860
1.7556 0.0380 -0.0220 -0.0480 0.0520 -0.0070 -1.3470 -0.1530 0.1240 0.1830 -0.2560 0.0070 0.8860
1.7566 0.0380 -0.0220 -0.0480 0.0520 -0.0070 -1.3470 -0.1530 0.1240 0.1830 -0.2560 0.0070 0.8860
1.7576 0.0380 -0.0220 -0.0480 0.0520 -0.0070 -1.3470 -0.1530 0.1240 0.1830 -0.2560 0.0070 0.8860
1.7586 0.0380 -0.0220 -0.0480 0.0520 -0.0070 -1.3470 -0.1530 0.1240 0.1830 -0.2560 0.0070 0.8860
1.7596 0.0380 -0.0220 -0.0480 0.0520 -0.0070 -1.3470 -0.1530 0.1240 0.1830 -0.2560 0.0070 0.8860
1.7606 0.0380 -0.0220 -0.0480 0.0520 -0.0070 -1.3470 -0.1530 0.1240 0.1830 -0.2560 0.0070 0.8860
1.7616 0.0380 -0.0220 -0.0480 0.0520 -0.0070 -1.3470 -0.1530 0.1240 0.1830 -0.2560 0.0070 0.8860
1.7626 0.0380 -0.0220 -0.0480 0.0520 -0.0070 -1.3470 -0.1530 0.1240 0.1830 -0.2560 0.0070 0.8860
1.7636 0.0380 -0.0220 -0.0480 0.0520 -0.0070 -1.3470 -0.1530 0.1240 0.1830 -0.2560 0.0070 0.8860
1.7646 0.0380 -0.0220 -0.0480 0.0520 -0.0070 -1.3470 -0.1530 0.1240 0.1830 -0.2560 0.0070 0.8860
1.7656 0.0380 -0.0220 -0.0480 0.0520 -0.0070 -1.3470 -0.1530 0.1240 0.1830 -0.2560 0.0070 0.8860
1.7666 0.0370 -0.0210 -0.0470 0.0520 -0.0070 -1.3440 -0.1830 0.0800 0.2120 -0.2410 0.0210 0.9150
1.7675 0.0370 -0.0210 -0.0470 0.0520 -0.0070 -1.3430 -0.1830 0.0650 0.2270 -0.2270 0.0070 0.9300
1.7685 0.0370 -0.0210 -0.0470 0.0520 -0.0070 -1.3430 -0.1830 0.0650 0.2270 -0.2270 0.0070 0.9300
1.7696 0.0370 -0.0210 -0.0470 0.0520 -0.0070 -1.3430 -0.1830 0.0650 0.2270 -0.2270 0.0070 0.9300
1.7706 0.0370 -0.0210 -0.0470 0.0520 -0.0070 -1.3430 -0.1830 0.0650 0.2270 -0.2270 0.0070 0.9300
1.7716 0.0370 -0.0210 -0.0470 0.0520 -0.0070 -1.3430 -0.1830 0.0650 0.2270 -0.2270 0.0070 0.9300
1.7726 0.0370 -0.0210 -0.0470 0.0520 -0.0070 -1.3430 -0.1830 0.0650 0.2270 -0.2270 0.0070 0.9300
1.7736 0.0370 -0.0210 -0.0470 0.0520 -0.0070 -1.3430 -0.1830 0.0650 0.2270 -0.2270 0.0070 0.9300
1.7746 0.0370 -0.0210 -0.0470 0.0520 -0.0070 -1.3430 -0.1830 0.0650 0.2270 -0.2270 0.0070 0.9300
1.7775 0.0370 -0.0210 -0.0470 0.0520 -0.0070 -1.3430 -0.1830 0.0650 0.2270 -0.2270 0.0070 0.9300
1.7785 0.0370 -0.0210 -0.0460 0.0510 -0.0070 -1.3410 -0.1680 0.0950 0.2850 -0.2270 0.0210 0.8710
1.7797 0.0370 -0.0210 -0.0460 0.0510 -0.0070 -1.3400 -0.1680 0.0650 0.1530 -0.2270 0.0070 0.8420
1.7799 0.0370 -0.0210 -0.0460 0.0510 -0.0070 -1.3400 -0.1680 0.0650 0.1530 -0.2270 0.0070 0.8420
1.7807 0.0370 -0.0210 -0.0460 0.0510 -0.0070 -1.3400 -0.1680 0.0650 0.1530 -0.2270 0.0070 0.8420
1.7817 0.0370 -0.0210 -0.0460 0.0510 -0.0070 -1.3400 -0.1680 0.0650 0.1530 -0.2270 0.0070 0.8420
1.7827 0.0370 -0.0210 -0.0460 0.0510 -0.0070 -1.3400 -0.1680 0.0650 0.1530 -0.2270 0.0070 0.8420
1.7837 0.0370 -0.0210 -0.0460 0.0510 -0.0070 -1.3400 -0.1680 0.0650 0.1530 -0.2270 0.0070 0.8420
1.7847 0.0370 -0.0210 -0.0460 0.0510 -0.0070 -1.3400 -0.1680 0.0650 0.1530 -0.2270 0.0070 0.8420
1.7857 0.0370 -0.0210 -0.0460 0.0510 -0.0070 -1.3400 -0.1680 0.0650 0.1530 -0.2270 0.0070 0.8420
1.7867 0.0370 -0.0210 -0.0460 0.0510 -0.0070 -1.3400 -0.1680 0.0650 0.1530 -0.2270 0.0070 0.8420
1.7877 0.0370 -0.0210 -0.0460 0.0510 -0.0070 -1.3400 -0.1680 0.0650 0.1530 -0.2270 0.0070 0.8420
1.7887 0.0370 -0.0210 -0.0460 0.0510 -0.0070 -1.3400 -0.1680 0.0650 0.1530 -0.2270 0.0070 0.8420
1.7897 0.0370 -0.0210 -0.0460 0.0510 -0.0070 -1.3400 -0.1680 0.0650 0.1530 -0.2270 0.0070 0.8420
1.7907 0.0370 -0.0210 -0.0460 0.0510 -0.0070 -1.3400 -0.1680 0.0650 0.1530 -0.2270 0.0070 0.8420
1.7919 0.0370 -0.0210 -0.0460 0.0510 -0.0070 -1.3400 -0.1680 0.0650 0.1530 -0.2270 0.0070 0.8420
1.7927 0.0360 -0.0210 -0.0450 0.0500 -0.0070 -1.3370 -0.1240 0.0360 0.2560 -0.1680 -0.0070 0.9450
1.7936 0.0360 -0.0210 -0.0450 0.0500 -0.0070 -1.3350 -0.1240 0.0360 0.2410 -0.2120 0.0210 0.9010
1.7947 0.0360 -0.0210 -0.0450 0.0500 -0.0070 -1.3350 -0.1240 0.0360 0.2410 -0.2120 0.0210 0.9010
1.7957 0.0360 -0.0210 -0.0450 0.0500 -0.0070 -1.3350 -0.1240 0.0360 0.2410 -0.2120 0.0210 0.9010
1.7967 0.0360 -0.0210 -0.0450 0.0500 -0.0070 -1.3350 -0.1240 0.0360 0.2410 -0.2120 0.0210 0.9010
1.7977 0.0360 -0.0210 -0.0450 0.0500 -0.0070 -1.3350 -0.1240 0.0360 0.2410 -0.2120 0.0210 0.9010
1.7987 0.0360 -0.0210 -0.0450 0.0500 -0.0070 -1.3350 -0.1240 0.0360 0.2410 -0.2120 0.0210 0.9010
1.7997 0.0360 -0.0210 -0.0450 0.0500 -0.0070 -1.3350 -0.1240 0.0360 0.2410 -0.2120 0.0210 0.9010
1.8007 0.0360 -0.0210 -0.0450 0.0500 -0.0070 -1.3350 -0.1240 0.0360 0.2410 -0.2120 0.0210 0.9010
1.8017 0.0360 -0.0210 -0.0450 0.0500 -0.0070 -1.3350 -0.1240 0.0360 0.2410 -0.2120 0.0210 0.9010
1.8027 0.0360 -0.0210 -0.0450 0.0500 -0.0070 -1.3350 -0.1240 0.0360 0.2410 -0.2120 0.0210 0.9010
1.8046 0.0360 -0.0210 -0.0450 0.0500 -0.0070 -1.3350 -0.1240 0.0360 0.2410 -0.2120 0.0210 0.9010
1.8048 0.0360 -0.0210 -0.0450 0.0500 -0.0070 -1.3350 -0.1240 0.0360 0.2410 -0.2120 0.0210 0.9010
1.8059 0.0360 -0.0210 -0.0440 0.0500 -0.0070 -1.3340 -0.1240 0.0360 0.2560 -0.2560 0.0070 0.8420
1.8067 0.0360 -0.0210 -0.0440 0.0490 -0.0070 -1.3330 -0.1530 0.0210 0.1830 -0.2560 0.0210 0.8710
1.8077 0.0360 -0.0210 -0.0440 0.0490 -0.0070 -1.3330 -0.1530 0.0210 0.1830 -0.2560 0.0210 0.8710
1.8087 0.0360 -0.0210 -0.0440 0.0490 -0.0070 -1.3330 -0.1530 0.0210 0.1830 -0.2560 0.0210 0.8710
1.8097 0.0360 -0.0210 -0.0440 0.0490 -0.0070 -1.3330 -0.1530 0.0210 0.1830 -0.2560 0.0210 0.8710
1.8107 0.0360 -0.0210 -0.0440 0.0490 -0.0070 -1.3330 -0.1530 0.0210 0.1830 -0.2560 0.0210 0.8710
1.8117 0.0360 -0.0210 -0.0440 0.0490 -0.0070 -1.3330 -0.1530 0.0210 0.1830 -0.2560 0.0210 0.8710
1.8126 0.0360 -0.0210 -0.0440 0.0490 -0.0070 -1.3330 -0.1530 0.0210 0.1830 -0.2560 0.0210 0.8710
1.8137 0.0360 -0.0210 -0.0440 0.0490 -0.0070 -1.3330 -0.1530 0.0210 0.1830 -0.2560 0.0210 0.8710
1.8147 0.0360 -0.0210 -0.0440 0.0490 -0.0070 -1.3330 -0.1530 0.0210 0.1830 -0.2560 0.0210 0.8710
1.8157 0.0360 -0.0210 -0.0440 0.0490 -0.0070 -1.3330 -0.1530 0.0210 0.1830 -0.2560 0.0210 0.8710
1.8178 0.0350 -0.0210 -0.0430 0.0490 -0.0060 -1.3290 -0.1390 0.0070 0.2710 -0.2120 0.0210 0.9150
1.8180 0.0350 -0.0210 -0.0430 0.0480 -0.0060 -1.3280 -0.1830 0.0210 0.2560 -0.2410 0.0510 0.8710
1.8187 0.0350 -0.0210 -0.0430 0.0480 -0.0060 -1.3280 -0.1830 0.0210 0.2560 -0.2410 0.0510 0.8710
1.8197 0.0350 -0.0210 -0.0430 0.0480 -0.0060 -1.3280 -0.1830 0.0210 0.2560 -0.2410 0.0510 0.8710
1.8207 0.0350 -0.0210 -0.0430 0.0480 -0.0060 -1.3280 -0.1830 0.0210 0.2560 -0.2410 0.0510 0.8710
1.8217 0.0350 -0.0210 -0.0430 0.0480 -0.0060 -1.3280 -0.1830 0.0210 0.2560 -0.2410 0.0510 0.8710
1.8227 0.0350 -0.0210 -0.0430 0.0480 -0.0060 -1.3280 -0.1830 0.0210 0.2560 -0.2410 0.0510 0.8710
1.8237 0.0350 -0.0210 -0.0430 0.0480 -0.0060 -1.3280 -0.1830 0.0210 0.2560 -0.2410 0.0510 0.8710
1.8247 0.0350 -0.0210 -0.0430 0.0480 -0.0060 -1.3280 -0.1830 0.0210 0.2560 -0.2410 0.0510 0.8710
1.8257 0.0350 -0.0210 -0.0430 0.0480 -0.0060 -1.3280 -0.1830 0.0210 0.2560 -0.2410 0.0510 0.8710
1.8267 0.0350 -0.0210 -0.0430 0.0480 -0.0060 -1.3280 -0.1830 0.0210 0.2560 -0.2410 0.0510 0.8710
1.8277 0.0350 -0.0210 -0.0430 0.0480 -0.0060 -1.3280 -0.1830 0.0210 0.2560 -0.2410 0.0510 0.8710
1.8286 0.0350 -0.0210 -0.0430 0.0480 -0.0060 -1.3280 -0.1830 0.0210 0.2560 -0.2410 0.0510 0.8710
1.8297 0.0350 -0.0210 -0.0430 0.0480 -0.0060 -1.3280 -0.1830 0.0210 0.2560 -0.2410 0.0510 0.8710
1.8306 0.0340 -0.0210 -0.0420 0.0470 -0.0060 -1.3250 -0.1240 0.0210 0.1830 -0.3290 0.0360 0.9150
1.8316 0.0340 -0.0210 -0.0420 0.0470 -0.0060 -1.3250 -0.1240 0.0210 0.1830 -0.3290 0.0360 0.9150
1.8326 0.0340 -0.0210 -0.0420 0.0470 -0.0060 -1.3250 -0.1240 0.0210 0.1830 -0.3290 0.0360 0.9150
1.8337 0.0340 -0.0210 -0.0420 0.0470 -0.0060 -1.3250 -0.1240 0.0210 0.1830 -0.3290 0.0360 0.9150
1.8347 0.0340 -0.0210 -0.0420 0.0470 -0.0060 -1.3250 -0.1240 0.0210 0.1830 -0.3290 0.0360 0.9150
1.8357 0.0340 -0.0210 -0.0420 0.0470 -0.0060 -1.3250 -0.1240 0.0210 0.1830 -0.3290 0.0360 0.9150
1.8367 0.0340 -0.0210 -0.0420 0.0470 -0.0060 -1.3250 -0.1240 0.0210 0.1830 -0.3290 0.0360 0.9150
1.8378 0.0340 -0.0210 -0.0420 0.0470 -0.0060 -1.3250 -0.1240 0.0210 0.1830 -0.3290 0.0360 0.9150
1.8387 0.0340 -0.0210 -0.0420 0.0470 -0.0060 -1.3250 -0.1240 0.0210 0.1830 -0.3290 0.0360 0.9150
1.8397 0.0340 -0.0210 -0.0420 0.0470 -0.0060 -1.3250 -0.1240 0.0210 0.1830 -0.3290 0.0360 0.9150
1.8415 0.0340 -0.0210 -0.0410 0.0470 -0.0060 -1.3220 -0.1830 -0.0070 0.2710 -0.3290 0.0070 0.8710
1.8417 0.0340 -0.0210 -0.0410 0.0460 -0.0060 -1.3200 -0.1830 0.0210 0.3000 -0.2410 0.0070 0.8570
1.8427 0.0340 -0.0210 -0.0410 0.0460 -0.0060 -1.3200 -0.1830 0.0210 0.3000 -0.2410 0.0070 0.8570
1.8437 0.0340 -0.0210 -0.0410 0.0460 -0.0060 -1.3200 -0.1830 0.0210 0.3000 -0.2410 0.0070 0.8570
1.8447 0.0340 -0.0210 -0.0410 0.0460 -0.0060 -1.3200 -0.1830 0.0210 0.3000 -0.2410 0.0070 0.8570
1.8457 0.0340 -0.0210 -0.0410 0.0460 -0.0060 -1.3200 -0.1830 0.0210 0.3000 -0.2410 0.0070 0.8570
1.8467 0.0340 -0.0210 -0.0410 0.0460 -0.0060 -1.3200 -0.1830 0.0210 0.3000 -0.2410 0.0070 0.8570
1.8477 0.0340 -0.0210 -0.0410 0.0460 -0.0060 -1.3200 -0.1830 0.0210 0.3000 -0.2410 0.0070 0.8570
1.8487 0.0340 -0.0210 -0.0410 0.0460 -0.0060 -1.3200 -0.1830 0.0210 0.3000 -0.2410 0.0070 0.8570
1.8497 0.0340 -0.0210 -0.0410 0.0460 -0.0060 -1.3200 -0.1830 0.0210 0.3000 -0.2410 0.0070 0.8570
1.8507 0.0340 -0.0210 -0.0410 0.0460 -0.0060 -1.3200 -0.1830 0.0210 0.3000 -0.2410 0.0070 0.8570
1.8516 0.0340 -0.0210 -0.0410 0.0460 -0.0060 -1.3200 -0.1830 0.0210 0.3000 -0.2410 0.0070 0.8570
1.8530 0.0340 -0.0210 -0.0410 0.0460 -0.0060 -1.3200 -0.1830 0.0210 0.3000 -0.2410 0.0070 0.8570
1.8547 0.0330 -0.0200 -0.0400 0.0450 -0.0060 -1.3170 -0.1830 0.0210 0.1830 -0.1970 -0.0070 0.9150
1.8550 0.0330 -0.0200 -0.0400 0.0450 -0.0060 -1.3170 -0.1830 0.0210 0.1830 -0.1970 -0.0070 0.9150
1.8557 0.0330 -0.0200 -0.0400 0.0450 -0.0060 -1.3170 -0.1830 0.0210 0.1830 -0.1970 -0.0070 0.9150
1.8567 0.0330 -0.0200 -0.0400 0.0450 -0.0060 -1.3170 -0.1830 0.0210 0.1830 -0.1970 -0.0070 0.9150
1.8577 0.0330 -0.0200 -0.0400 0.0450 -0.0060 -1.3170 -0.1830 0.0210 0.1830 -0.1970 -0.0070 0.9150
1.8587 0.0330 -0.0200 -0.0400 0.0450 -0.0060 -1.3170 -0.1830 0.0210 0.1830 -0.1970 -0.0070 0.9150
1.8597 0.0330 -0.0200 -0.0400 0.0450 -0.0060 -1.3170 -0.1830 0.0210 0.1830 -0.1970 -0.0070 0.9150
1.8607 0.0330 -0.0200 -0.0400 0.0450 -0.0060 -1.3170 -0.1830 0.0210 0.1830 -0.1970 -0.0070 0.9150
1.8617 0.0330 -0.0200 -0.0400 0.0450 -0.0060 -1.3170 -0.1830 0.0210 0.1830 -0.1970 -0.0070 0.9150
1.8627 0.0330 -0.0200 -0.0400 0.0450 -0.0060 -1.3170 -0.1830 0.0210 0.1830 -0.1970 -0.0070 0.9150
1.8637 0.0330 -0.0200 -0.0400 0.0450 -0.0060 -1.3170 -0.1830 0.0210 0.1830 -0.1970 -0.0070 0.9150
1.8646 0.0330 -0.0200 -0.0400 0.0450 -0.0060 -1.3170 -0.1830 0.0210 0.1830 -0.1970 -0.0070 0.9150
1.8657 0.0330 -0.0200 -0.0390 0.0450 -0.0060 -1.3160 -0.2120 0.0070 0.2120 -0.1530 0.0070 0.9150
1.8666 0.0320 -0.0200 -0.0390 0.0440 -0.0060 -1.3130 -0.1240 0.0210 0.2410 -0.1970 0.0070 0.8710
1.8676 0.0320 -0.0200 -0.0390 0.0440 -0.0060 -1.3130 -0.1240 0.0210 0.2410 -0.1970 0.0070 0.8710
1.8687 0.0320 -0.0200 -0.0390 0.0440 -0.0060 -1.3130 -0.1240 0.0210 0.2410 -0.1970 0.0070 0.8710
1.8697 0.0320 -0.0200 -0.0390 0.0440 -0.0060 -1.3130 -0.1240 0.0210 0.2410 -0.1970 0.0070 0.8710
1.8707 0.0320 -0.0200 -0.0390 0.0440 -0.0060 -1.3130 -0.1240 0.0210 0.2410 -0.1970 0.0070 0.8710
1.8717 0.0320 -0.0200 -0.0390 0.0440 -0.0060 -1.3130 -0.1240 0.0210 0.2410 -0.1970 0.0070 0.8710
1.8727 0.0320 -0.0200 -0.0390 0.0440 -0.0060 -1.3130 -0.1240 0.0210 0.2410 -0.1970 0.0070 0.8710
1.8737 0.0320 -0.0200 -0.0390 0.0440 -0.0060 -1.3130 -0.1240 0.0210 0.2410 -0.1970 0.0070 0.8710
1.8747 0.0320 -0.0200 -0.0390 0.0440 -0.0060 -1.3130 -0.1240 0.0210 0.2410 -0.1970 0.0070 0.8710
1.8758 0.0320 -0.0200 -0.0390 0.0440 -0.0060 -1.3130 -0.1240 0.0210 0.2410 -0.1970 0.0070 0.8710
1.8767 0.0320 -0.0200 -0.0390 0.0440 -0.0060 -1.3130 -0.1240 0.0210 0.2410 -0.1970 0.0070 0.8710
1.8783 0.0320 -0.0200 -0.0390 0.0440 -0.0060 -1.3130 -0.1240 0.0210 0.2410 -0.1970 0.0070 0.8710
1.8787 0.0320 -0.0200 -0.0390 0.0440 -0.0060 -1.3130 -0.1240 0.0210 0.2410 -0.1970 0.0070 0.8710
1.8797 0.0320 -0.0200 -0.0380 0.0440 -0.0060 -1.3100 -0.1970 0.0510 0.1530 -0.1970 0.0210 0.9150
1.8807 0.0320 -0.0200 -0.0380 0.0440 -0.0060 -1.3100 -0.1970 0.0510 0.1530 -0.1970 0.0210 0.9150
1.8817 0.0320 -0.0200 -0.0380 0.0440 -0.0060 -1.3100 -0.1970 0.0510 0.1530 -0.1970 0.0210 0.9150
1.8827 0.0320 -0.0200 -0.0380 0.0440 -0.0060 -1.3100 -0.1970 0.0510 0.1530 -0.1970 0.0210 0.9150
1.9079 0.0310 -0.0200 -0.0360 0.0420 -0.0050 -1.3020 -0.1240 0.0070 0.1530 -0.2270 0.0360 0.8860
1.9090 0.0310 -0.0200 -0.0360 0.0420 -0.0050 -1.3020 -0.1240 0.0070 0.1530 -0.2270 0.0360 0.8860
1.9099 0.0310 -0.0200 -0.0360 0.0420 -0.0050 -1.3020 -0.1240 0.0070 0.1530 -0.2270 0.0360 0.8860
1.9110 0.0310 -0.0200 -0.0360 0.0420 -0.0050 -1.3020 -0.1240 0.0070 0.1530 -0.2270 0.0360 0.8860
1.9119 0.0310 -0.0200 -0.0360 0.0420 -0.0050 -1.3020 -0.1240 0.0070 0.1530 -0.2270 0.0360 0.8860
1.9134 0.0310 -0.0200 -0.0360 0.0420 -0.0050 -1.3010 -0.0950 0.0070 0.1830 -0.2270 0.0210 0.8570
1.9140 0.0310 -0.0200 -0.0360 0.0410 -0.0050 -1.2990 -0.0950 0.0210 0.1970 -0.2560 0.0510 0.8860
1.9150 0.0310 -0.0200 -0.0360 0.0410 -0.0050 -1.2990 -0.0950 0.0210 0.1970 -0.2560 0.0510 0.8860
1.9160 0.0310 -0.0200 -0.0360 0.0410 -0.0050 -1.2990 -0.0950 0.0210 0.1970 -0.2560 0.0510 0.8860
1.9170 0.0310 -0.0200 -0.0360 0.0410 -0.0050 -1.2990 -0.0950 0.0210 0.1970 -0.2560 0.0510 0.8860
1.9179 0.0310 -0.0200 -0.0360 0.0410 -0.0050 -1.2990 -0.0950 0.0210 0.1970 -0.2560 0.0510 0.8860
1.9189 0.0310 -0.0200 -0.0360 0.0410 -0.0050 -1.2990 -0.0950 0.0210 0.1970 -0.2560 0.0510 0.8860
1.9200 0.0310 -0.0200 -0.0360 0.0410 -0.0050 -1.2990 -0.0950 0.0210 0.1970 -0.2560 0.0510 0.8860
1.9211 0.0310 -0.0200 -0.0360 0.0410 -0.0050 -1.2990 -0.0950 0.0210 0.1970 -0.2560 0.0510 0.8860
1.9220 0.0310 -0.0200 -0.0360 0.0410 -0.0050 -1.2990 -0.0950 0.0210 0.1970 -0.2560 0.0510 0.8860
1.9229 0.0310 -0.0200 -0.0360 0.0410 -0.0050 -1.2990 -0.0950 0.0210 0.1970 -0.2560 0.0510 0.8860
1.9239 0.0310 -0.0200 -0.0360 0.0410 -0.0050 -1.2990 -0.0950 0.0210 0.1970 -0.2560 0.0510 0.8860
1.9249 0.0300 -0.0200 -0.0350 0.0410 -0.0050 -1.2980 -0.1680 0.0070 0.1970 -0.2410 0.0360 0.9010
1.9259 0.0300 -0.0200 -0.0350 0.0400 -0.0050 -1.2960 -0.1390 0.0210 0.2120 -0.2410 0.0360 0.9010
1.9269 0.0300 -0.0200 -0.0350 0.0400 -0.0050 -1.2960 -0.1390 0.0210 0.2120 -0.2410 0.0360 0.9010
1.9279 0.0300 -0.0200 -0.0350 0.0400 -0.0050 -1.2960 -0.1390 0.0210 0.2120 -0.2410 0.0360 0.9010
1.9290 0.0300 -0.0200 -0.0350 0.0400 -0.0050 -1.2960 -0.1390 0.0210 0.2120 -0.2410 0.0360 0.9010
1.9300 0.0300 -0.0200 -0.0350 0.0400 -0.0050 -1.2960 -0.1390 0.0210 0.2120 -0.2410 0.0360 0.9010
1.9310 0.0300 -0.0200 -0.0350 0.0400 -0.0050 -1.2960 -0.1390 0.0210 0.2120 -0.2410 0.0360 0.9010
1.9320 0.0300 -0.0200 -0.0350 0.0400 -0.0050 -1.2960 -0.1390 0.0210 0.2120 -0.2410 0.0360 0.9010
1.9330 0.0300 -0.0200 -0.0350 0.0400 -0.0050 -1.2960 -0.1390 0.0210 0.2120 -0.2410 0.0360 0.9010
1.9340 0.0300 -0.0200 -0.0350 0.0400 -0.0050 -1.2960 -0.1390 0.0210 0.2120 -0.2410 0.0360 0.9010
1.9350 0.0300 -0.0200 -0.0350 0.0400 -0.0050 -1.2960 -0.1390 0.0210 0.2120 -0.2410 0.0360 0.9010
1.9359 0.0300 -0.0200 -0.0350 0.0400 -0.0050 -1.2960 -0.1390 0.0210 0.2120 -0.2410 0.0360 0.9010
1.9370 0.0300 -0.0200 -0.0350 0.0400 -0.0050 -1.2960 -0.1390 0.0210 0.2120 -0.2410 0.0360 0.9010
1.9388 0.0300 -0.0200 -0.0350 0.0400 -0.0050 -1.2960 -0.1390 0.0210 0.2120 -0.2410 0.0360 0.9010
1.9390 0.0290 -0.0200 -0.0340 0.0390 -0.0050 -1.2920 -0.1530 0.0210 0.1970 -0.1680 0.0070 0.9450
1.9399 0.0290 -0.0200 -0.0340 0.0390 -0.0050 -1.2920 -0.1530 0.0210 0.1970 -0.1680 0.0070 0.9450
1.9409 0.0290 -0.0200 -0.0340 0.0390 -0.0050 -1.2920 -0.1530 0.0210 0.1970 -0.1680 0.0070 0.9450
1.9420 0.0290 -0.0200 -0.0340 0.0390 -0.0050 -1.2920 -0.1530 0.0210 0.1970 -0.1680 0.0070 0.9450
1.9429 0.0290 -0.0200 -0.0340 0.0390 -0.0050 -1.2920 -0.1530 0.0210 0.1970 -0.1680 0.0070 0.9450
1.9439 0.0290 -0.0200 -0.0340 0.0390 -0.0050 -1.2920 -0.1530 0.0210 0.1970 -0.1680 0.0070 0.9450
1.9449 0.0290 -0.0200 -0.0340 0.0390 -0.0050 -1.2920 -0.1530 0.0210 0.1970 -0.1680 0.0070 0.9450
1.9460 0.0290 -0.0200 -0.0340 0.0390 -0.0050 -1.2920 -0.1530 0.0210 0.1970 -0.1680 0.0070 0.9450
1.9470 0.0290 -0.0200 -0.0340 0.0390 -0.0050 -1.2920 -0.1530 0.0210 0.1970 -0.1680 0.0070 0.9450
1.9480 0.0290 -0.0200 -0.0340 0.0390 -0.0050 -1.2920 -0.1530 0.0210 0.1970 -0.1680 0.0070 0.9450
1.9496 0.0290 -0.0200 -0.0330 0.0390 -0.0050 -1.2890 -0.1090 0.0210 0.1680 -0.2270 0.0070 0.8710
1.9499 0.0290 -0.0200 -0.0330 0.0390 -0.0050 -1.2890 -0.1090 0.0210 0.1680 -0.2270 0.0070 0.8710
1.9509 0.0290 -0.0200 -0.0330 0.0390 -0.0050 -1.2890 -0.1090 0.0210 0.1680 -0.2270 0.0070 0.8710
1.9519 0.0290 -0.0200 -0.0330 0.0390 -0.0050 -1.2890 -0.1090 0.0210 0.1680 -0.2270 0.0070 0.8710
1.9530 0.0290 -0.0200 -0.0330 0.0390 -0.0050 -1.2890 -0.1090 0.0210 0.1680 -0.2270 0.0070 0.8710
1.9540 0.0290 -0.0200 -0.0330 0.0390 -0.0050 -1.2890 -0.1090 0.0210 0.1680 -0.2270 0.0070 0.8710
1.9550 0.0290 -0.0200 -0.0330 0.0390 -0.0050 -1.2890 -0.1090 0.0210 0.1680 -0.2270 0.0070 0.8710
1.9559 0.0290 -0.0200 -0.0330 0.0390 -0.0050 -1.2890 -0.1090 0.0210 0.1680 -0.2270 0.0070 0.8710
1.9569 0.0290 -0.0200 -0.0330 0.0390 -0.0050 -1.2890 -0.1090 0.0210 0.1680 -0.2270 0.0070 0.8710
1.9580 0.0290 -0.0200 -0.0330 0.0390 -0.0050 -1.2890 -0.1090 0.0210 0.1680 -0.2270 0.0070 0.8710
1.9590 0.0290 -0.0200 -0.0330 0.0390 -0.0050 -1.2890 -0.1090 0.0210 0.1680 -0.2270 0.0070 0.8710
1.9613 0.0290 -0.0190 -0.0330 0.0380 -0.0050 -1.2880 -0.0950 0.0360 0.1830 -0.1390 0.0210 0.8570
1.9614 0.0290 -0.0190 -0.0320 0.0380 -0.0050 -1.2840 -0.1090 0.0360 0.1090 -0.1390 0.0070 0.9300
1.9619 0.0290 -0.0190 -0.0320 0.0380 -0.0050 -1.2840 -0.1090 0.0360 0.1090 -0.1390 0.0070 0.9300
1.9630 0.0290 -0.0190 -0.0320 0.0380 -0.0050 -1.2840 -0.1090 0.0360 0.1090 -0.1390 0.0070 0.9300
1.9640 0.0290 -0.0190 -0.0320 0.0380 -0.0050 -1.2840 -0.1090 0.0360 0.1090 -0.1390 0.0070 0.9300
1.9649 0.0290 -0.0190 -0.0320 0.0380 -0.0050 -1.2840 -0.1090 0.0360 0.1090 -0.1390 0.0070 0.9300
1.9659 0.0290 -0.0190 -0.0320 0.0380 -0.0050 -1.2840 -0.1090 0.0360 0.1090 -0.1390 0.0070 0.9300
1.9669 0.0290 -0.0190 -0.0320 0.0380 -0.0050 -1.2840 -0.1090 0.0360 0.1090 -0.1390 0.0070 0.9300
1.9679 0.0290 -0.0190 -0.0320 0.0380 -0.0050 -1.2840 -0.1090 0.0360 0.1090 -0.1390 0.0070 0.9300
1.9690 0.0290 -0.0190 -0.0320 0.0380 -0.0050 -1.2840 -0.1090 0.0360 0.1090 -0.1390 0.0070 0.9300
1.9699 0.0290 -0.0190 -0.0320 0.0380 -0.0050 -1.2840 -0.1090 0.0360 0.1090 -0.1390 0.0070 0.9300
1.9717 0.0280 -0.0190 -0.0320 0.0370 -0.0050 -1.2830 -0.1530 0.0070 0.1680 -0.1240 0.0210 0.9010
1.9719 0.0280 -0.0190 -0.0320 0.0370 -0.0050 -1.2810 -0.1530 0.0210 0.1970 -0.1090 0.0070 0.8710
1.9729 0.0280 -0.0190 -0.0320 0.0370 -0.0050 -1.2810 -0.1530 0.0210 0.1970 -0.1090 0.0070 0.8710
1.9740 0.0280 -0.0190 -0.0320 0.0370 -0.0050 -1.2810 -0.1530 0.0210 0.1970 -0.1090 0.0070 0.8710
1.9750 0.0280 -0.0190 -0.0320 0.0370 -0.0050 -1.2810 -0.1530 0.0210 0.1970 -0.1090 0.0070 0.8710
1.9759 0.0280 -0.0190 -0.0320 0.0370 -0.0050 -1.2810 -0.1530 0.0210 0.1970 -0.1090 0.0070 0.8710
1.9770 0.0280 -0.0190 -0.0320 0.0370 -0.0050 -1.2810 -0.1530 0.0210 0.1970 -0.1090 0.0070 0.8710
1.9779 0.0280 -0.0190 -0.0320 0.0370 -0.0050 -1.2810 -0.1530 0.0210 0.1970 -0.1090 0.0070 0.8710
1.9790 0.0280 -0.0190 -0.0320 0.0370 -0.0050 -1.2810 -0.1530 0.0210 0.1970 -0.1090 0.0070 0.8710
1.9799 0.0280 -0.0190 -0.0320 0.0370 -0.0050 -1.2810 -0.1530 0.0210 0.1970 -0.1090 0.0070 0.8710
1.9810 0.0280 -0.0190 -0.0320 0.0370 -0.0050 -1.2810 -0.1530 0.0210 0.1970 -0.1090 0.0070 0.8710
1.9820 0.0280 -0.0190 -0.0320 0.0370 -0.0050 -1.2810 -0.1530 0.0210 0.1970 -0.1090 0.0070 0.8710
1.9831 0.0280 -0.0190 -0.0320 0.0370 -0.0050 -1.2800 -0.1680 0.0210 0.1830 -0.1090 0.0070 0.9010
1.9839 0.0280 -0.0190 -0.0310 0.0370 -0.0050 -1.2800 -0.1680 0.0210 0.1680 -0.1680 0.0070 0.9010
1.9849 0.0280 -0.0190 -0.0310 0.0370 -0.0050 -1.2800 -0.1680 0.0210 0.1680 -0.1680 0.0070 0.9010
1.9860 0.0280 -0.0190 -0.0310 0.0370 -0.0050 -1.2800 -0.1680 0.0210 0.1680 -0.1680 0.0070 0.9010
1.9870 0.0280 -0.0190 -0.0310 0.0370 -0.0050 -1.2800 -0.1680 0.0210 0.1680 -0.1680 0.0070 0.9010
1.9880 0.0280 -0.0190 -0.0310 0.0370 -0.0050 -1.2800 -0.1680 0.0210 0.1680 -0.1680 0.0070 0.9010
1.9890 0.0280 -0.0190 -0.0310 0.0370 -0.0050 -1.2800 -0.1680 0.0210 0.1680 -0.1680 0.0070 0.9010
1.9900 0.0280 -0.0190 -0.0310 0.0370 -0.0050 -1.2800 -0.1680 0.0210 0.1680 -0.1680 0.0070 0.9010
1.9910 0.0280 -0.0190 -0.0310 0.0370 -0.0050 -1.2800 -0.1680 0.0210 0.1680 -0.1680 0.0070 0.9010
1.9920 0.0280 -0.0190 -0.0310 0.0370 -0.0050 -1.2800 -0.1680 0.0210 0.1680 -0.1680 0.0070 0.9010
1.9930 0.0280 -0.0190 -0.0310 0.0370 -0.0050 -1.2800 -0.1680 0.0210 0.1680 -0.1680 0.0070 0.9010
1.9939 0.0280 -0.0190 -0.0310 0.0370 -0.0050 -1.2800 -0.1680 0.0210 0.1680 -0.1680 0.0070 0.9010
1.9949 0.0270 -0.0190 -0.0310 0.0370 -0.0050 -1.2770 -0.1390 0.0210 0.1680 -0.1830 -0.0070 0.8860
1.9959 0.0270 -0.0190 -0.0310 0.0360 -0.0050 -1.2750 -0.1090 0.0070 0.1090 -0.1830 0.0070 0.8570
1.9970 0.0270 -0.0190 -0.0310 0.0360 -0.0050 -1.2750 -0.1090 0.0070 0.1090 -0.1830 0.0070 0.8570
1.9980 0.0270 -0.0190 -0.0310 0.0360 -0.0050 -1.2750 -0.1090 0.0070 0.1090 -0.1830 0.0070 0.8570
1.9990 0.0270 -0.0190 -0.0310 0.0360 -0.0050 -1.2750 -0.1090 0.0070 0.1090 -0.1830 0.0070 0.8570
2.0000 0.0270 -0.0190 -0.0310 0.0360 -0.0050 -1.2750 -0.1090 0.0070 0.1090 -0.1830 0.0070 0.8570
2.0010 0.0270 -0.0190 -0.0310 0.0360 -0.0050 -1.2750 -0.1090 0.0070 0.1090 -0.1830 0.0070 0.8570
2.0020 0.0270 -0.0190 -0.0310 0.0360 -0.0050 -1.2750 -0.1090 0.0070 0.1090 -0.1830 0.0070 0.8570
2.0029 0.0270 -0.0190 -0.0310 0.0360 -0.0050 -1.2750 -0.1090 0.0070 0.1090 -0.1830 0.0070 0.8570
2.0040 0.0270 -0.0190 -0.0310 0.0360 -0.0050 -1.2750 -0.1090 0.0070 0.1090 -0.1830 0.0070 0.8570
2.0050 0.0270 -0.0190 -0.0310 0.0360 -0.0050 -1.2750 -0.1090 0.0070 0.1090 -0.1830 0.0070 0.8570
2.0063 0.0270 -0.0190 -0.0310 0.0360 -0.0050 -1.2740 -0.1090 0.0210 0.1090 -0.1970 0.0210 0.8710
2.0069 0.0270 -0.0190 -0.0300 0.0360 -0.0050 -1.2720 -0.1090 0.0070 0.1680 -0.1830 0.0210 0.9010
2.0079 0.0270 -0.0190 -0.0300 0.0360 -0.0050 -1.2720 -0.1090 0.0070 0.1680 -0.1830 0.0210 0.9010
2.0093 0.0270 -0.0190 -0.0300 0.0360 -0.0050 -1.2710 -0.1390 0.0210 0.1830 -0.1240 0.0360 0.9300
2.0099 0.0270 -0.0190 -0.0300 0.0360 -0.0050 -1.2710 -0.1390 0.0210 0.1830 -0.1240 0.0360 0.9300
2.0109 0.0270 -0.0190 -0.0300 0.0360 -0.0050 -1.2710 -0.1390 0.0210 0.1830 -0.1240 0.0360 0.9300
2.0120 0.0270 -0.0190 -0.0300 0.0360 -0.0050 -1.2710 -0.1390 0.0210 0.1830 -0.1240 0.0360 0.9300
2.0130 0.0270 -0.0190 -0.0300 0.0360 -0.0050 -1.2710 -0.1390 0.0210 0.1830 -0.1240 0.0360 0.9300
2.0140 0.0270 -0.0190 -0.0300 0.0360 -0.0050 -1.2710 -0.1390 0.0210 0.1830 -0.1240 0.0360 0.9300
2.0150 0.0270 -0.0190 -0.0300 0.0360 -0.0050 -1.2710 -0.1390 0.0210 0.1830 -0.1240 0.0360 0.9300
2.0160 0.0270 -0.0190 -0.0300 0.0360 -0.0050 -1.2710 -0.1390 0.0210 0.1830 -0.1240 0.0360 0.9300
2.0170 0.0270 -0.0190 -0.0300 0.0360 -0.0050 -1.2710 -0.1390 0.0210 0.1830 -0.1240 0.0360 0.9300
2.0180 0.0270 -0.0190 -0.0300 0.0360 -0.0050 -1.2710 -0.1390 0.0210 0.1830 -0.1240 0.0360 0.9300
2.0190 0.0270 -0.0190 -0.0300 0.0360 -0.0050 -1.2710 -0.1390 0.0210 0.1830 -0.1240 0.0360 0.9300
2.0199 0.0270 -0.0190 -0.0300 0.0360 -0.0050 -1.2710 -0.1390 0.0210 0.1830 -0.1240 0.0360 0.9300
2.0209 0.0270 -0.0190 -0.0300 0.0360 -0.0050 -1.2710 -0.1390 0.0210 0.1830 -0.1240 0.0360 0.9300
2.0221 0.0260 -0.0190 -0.0290 0.0340 -0.0040 -1.2670 -0.1530 0.0070 0.1680 -0.2270 0.0650 0.8860
2.0230 0.0260 -0.0190 -0.0290 0.0340 -0.0040 -1.2670 -0.1530 0.0070 0.1680 -0.2270 0.0650 0.8860
2.0240 0.0260 -0.0190 -0.0290 0.0340 -0.0040 -1.2670 -0.1530 0.0070 0.1680 -0.2270 0.0650 0.8860
2.0250 0.0260 -0.0190 -0.0290 0.0340 -0.0040 -1.2670 -0.1530 0.0070 0.1680 -0.2270 0.0650 0.8860
2.0260 0.0260 -0.0190 -0.0290 0.0340 -0.0040 -1.2670 -0.1530 0.0070 0.1680 -0.2270 0.0650 0.8860
2.0270 0.0260 -0.0190 -0.0290 0.0340 -0.0040 -1.2670 -0.1530 0.0070 0.1680 -0.2270 0.0650 0.8860
2.0280 0.0260 -0.0190 -0.0290 0.0340 -0.0040 -1.2670 -0.1530 0.0070 0.1680 -0.2270 0.0650 0.8860
2.0290 0.0260 -0.0190 -0.0290 0.0340 -0.0040 -1.2670 -0.1530 0.0070 0.1680 -0.2270 0.0650 0.8860
2.0300 0.0260 -0.0190 -0.0290 0.0340 -0.0040 -1.2670 -0.1530 0.0070 0.1680 -0.2270 0.0650 0.8860
2.0310 0.0260 -0.0190 -0.0290 0.0340 -0.0040 -1.2670 -0.1530 0.0070 0.1680 -0.2270 0.0650 0.8860
2.0321 0.0260 -0.0190 -0.0290 0.0340 -0.0040 -1.2670 -0.1530 0.0070 0.1680 -0.2270 0.0650 0.8860
2.0329 0.0250 -0.0180 -0.0290 0.0340 -0.0040 -1.2630 -0.1680 0.0360 0.1090 -0.2270 0.0210 0.9010
2.0339 0.0250 -0.0180 -0.0290 0.0340 -0.0040 -1.2630 -0.1680 0.0360 0.1090 -0.2270 0.0210 0.9010
2.0349 0.0250 -0.0180 -0.0290 0.0340 -0.0040 -1.2630 -0.1680 0.0360 0.1090 -0.2270 0.0210 0.9010
2.0360 0.0250 -0.0180 -0.0290 0.0340 -0.0040 -1.2630 -0.1680 0.0360 0.1090 -0.2270 0.0210 0.9010
2.0370 0.0250 -0.0180 -0.0290 0.0340 -0.0040 -1.2630 -0.1680 0.0360 0.1090 -0.2270 0.0210 0.9010
2.0380 0.0250 -0.0180 -0.0290 0.0340 -0.0040 -1.2630 -0.1680 0.0360 0.1090 -0.2270 0.0210 0.9010
2.0390 0.0250 -0.0180 -0.0290 0.0340 -0.0040 -1.2630 -0.1680 0.0360 0.1090 -0.2270 0.0210 0.9010
2.0400 0.0250 -0.0180 -0.0290 0.0340 -0.0040 -1.2630 -0.1680 0.0360 0.1090 -0.2270 0.0210 0.9010
2.0410 0.0250 -0.0180 -0.0290 0.0340 -0.0040 -1.2630 -0.1680 0.0360 0.1090 -0.2270 0.0210 0.9010
2.0419 0.0250 -0.0180 -0.0290 0.0340 -0.0040 -1.2630 -0.1680 0.0360 0.1090 -0.2270 0.0210 0.9010
2.0430 0.0250 -0.0180 -0.0290 0.0340 -0.0040 -1.2630 -0.1680 0.0360 0.1090 -0.2270 0.0210 0.9010
2.0442 0.0250 -0.0180 -0.0290 0.0330 -0.0040 -1.2620 -0.0650 0.0510 0.1530 -0.1970 0.0210 0.8270
2.0449 0.0250 -0.0180 -0.0280 0.0330 -0.0040 -1.2600 -0.0650 0.0650 0.1530 -0.1970 0.0070 0.8860
2.0459 0.0250 -0.0180 -0.0280 0.0330 -0.0040 -1.2600 -0.0650 0.0650 0.1530 -0.1970 0.0070 0.8860
2.0470 0.0250 -0.0180 -0.0280 0.0330 -0.0040 -1.2600 -0.0650 0.0650 0.1530 -0.1970 0.0070 0.8860
2.0480 0.0250 -0.0180 -0.0280 0.0330 -0.0040 -1.2600 -0.0650 0.0650 0.1530 -0.1970 0.0070 0.8860
2.0490 0.0250 -0.0180 -0.0280 0.0330 -0.0040 -1.2600 -0.0650 0.0650 0.1530 -0.1970 0.0070 0.8860
2.0499 0.0250 -0.0180 -0.0280 0.0330 -0.0040 -1.2600 -0.0650 0.0650 0.1530 -0.1970 0.0070 0.8860
2.0510 0.0250 -0.0180 -0.0280 0.0330 -0.0040 -1.2600 -0.0650 0.0650 0.1530 -0.1970 0.0070 0.8860
2.0519 0.0250 -0.0180 -0.0280 0.0330 -0.0040 -1.2600 -0.0650 0.0650 0.1530 -0.1970 0.0070 0.8860
2.0530 0.0250 -0.0180 -0.0280 0.0330 -0.0040 -1.2600 -0.0650 0.0650 0.1530 -0.1970 0.0070 0.8860
2.0540 0.0250 -0.0180 -0.0280 0.0330 -0.0040 -1.2600 -0.0650 0.0650 0.1530 -0.1970 0.0070 0.8860
2.0551 0.0250 -0.0180 -0.0280 0.0330 -0.0040 -1.2600 -0.0800 0.0650 0.1530 -0.1970 0.0070 0.8860
2.0559 0.0240 -0.0180 -0.0280 0.0330 -0.0040 -1.2570 -0.1240 0.0950 0.1090 -0.0950 0.0210 0.9300
2.0569 0.0240 -0.0180 -0.0280 0.0330 -0.0040 -1.2570 -0.1240 0.0950 0.1090 -0.0950 0.0210 0.9300
2.0579 0.0240 -0.0180 -0.0280 0.0330 -0.0040 -1.2570 -0.1240 0.0950 0.1090 -0.0950 0.0210 0.9300
2.0590 0.0240 -0.0180 -0.0280 0.0330 -0.0040 -1.2570 -0.1240 0.0950 0.1090 -0.0950 0.0210 0.9300
2.0600 0.0240 -0.0180 -0.0280 0.0330 -0.0040 -1.2570 -0.1240 0.0950 0.1090 -0.0950 0.0210 0.9300
2.0610 0.0240 -0.0180 -0.0280 0.0330 -0.0040 -1.2570 -0.1240 0.0950 0.1090 -0.0950 0.0210 0.9300
2.0620 0.0240 -0.0180 -0.0280 0.0330 -0.0040 -1.2570 -0.1240 0.0950 0.1090 -0.0950 0.0210 0.9300
2.0630 0.0240 -0.0180 -0.0280 0.0330 -0.0040 -1.2570 -0.1240 0.0950 0.1090 -0.0950 0.0210 0.9300
2.0640 0.0240 -0.0180 -0.0280 0.0330 -0.0040 -1.2570 -0.1240 0.0950 0.1090 -0.0950 0.0210 0.9300
2.0650 0.0240 -0.0180 -0.0280 0.0330 -0.0040 -1.2570 -0.1240 0.0950 0.1090 -0.0950 0.0210 0.9300
2.0660 0.0240 -0.0180 -0.0280 0.0330 -0.0040 -1.2570 -0.1240 0.0950 0.1090 -0.0950 0.0210 0.9300
2.0676 0.0240 -0.0180 -0.0280 0.0330 -0.0040 -1.2570 -0.1240 0.0950 0.1090 -0.0950 0.0210 0.9300
2.0680 0.0240 -0.0180 -0.0270 0.0320 -0.0040 -1.2530 -0.0950 0.0070 0.0950 -0.1530 0.0070 0.9010
2.0689 0.0240 -0.0180 -0.0270 0.0320 -0.0040 -1.2530 -0.0950 0.0070 0.0950 -0.1530 0.0070 0.9010
2.0700 0.0240 -0.0180 -0.0270 0.0320 -0.0040 -1.2530 -0.0950 0.0070 0.0950 -0.1530 0.0070 0.9010
2.0710 0.0240 -0.0180 -0.0270 0.0320 -0.0040 -1.2530 -0.0950 0.0070 0.0950 -0.1530 0.0070 0.9010
2.0719 0.0240 -0.0180 -0.0270 0.0320 -0.0040 -1.2530 -0.0950 0.0070 0.0950 -0.1530 0.0070 0.9010
2.0730 0.0240 -0.0180 -0.0270 0.0320 -0.0040 -1.2530 -0.0950 0.0070 0.0950 -0.1530 0.0070 0.9010
2.0740 0.0240 -0.0180 -0.0270 0.0320 -0.0040 -1.2530 -0.0950 0.0070 0.0950 -0.1530 0.0070 0.9010
2.0750 0.0240 -0.0180 -0.0270 0.0320 -0.0040 -1.2530 -0.0950 0.0070 0.0950 -0.1530 0.0070 0.9010
2.0760 0.0240 -0.0180 -0.0270 0.0320 -0.0040 -1.2530 -0.0950 0.0070 0.0950 -0.1530 0.0070 0.9010
2.0769 0.0240 -0.0180 -0.0270 0.0320 -0.0040 -1.2530 -0.0950 0.0070 0.0950 -0.1530 0.0070 0.9010
2.0780 0.0240 -0.0180 -0.0270 0.0320 -0.0040 -1.2530 -0.0950 0.0070 0.0950 -0.1530 0.0070 0.9010
2.0789 0.0240 -0.0180 -0.0270 0.0320 -0.0040 -1.2530 -0.0950 0.0070 0.0950 -0.1530 0.0070 0.9010
2.0802 0.0240 -0.0180 -0.0270 0.0320 -0.0040 -1.2500 -0.1090 0.0210 0.0510 -0.0800 0.0210 0.8860
2.0809 0.0240 -0.0180 -0.0270 0.0320 -0.0040 -1.2500 -0.1090 0.0210 0.0510 -0.0800 0.0210 0.8860
2.0819 0.0240 -0.0180 -0.0270 0.0320 -0.0040 -1.2500 -0.1090 0.0210 0.0510 -0.0800 0.0210 0.8860
2.0830 0.0240 -0.0180 -0.0270 0.0320 -0.0040 -1.2500 -0.1090 0.0210 0.0510 -0.0800 0.0210 0.8860
2.0840 0.0240 -0.0180 -0.0270 0.0320 -0.0040 -1.2500 -0.1090 0.0210 0.0510 -0.0800 0.0210 0.8860
2.0850 0.0240 -0.0180 -0.0270 0.0320 -0.0040 -1.2500 -0.1090 0.0210 0.0510 -0.0800 0.0210 0.8860
2.0860 0.0240 -0.0180 -0.0270 0.0320 -0.0040 -1.2500 -0.1090 0.0210 0.0510 -0.0800 0.0210 0.8860
2.0870 0.0240 -0.0180 -0.0270 0.0320 -0.0040 -1.2500 -0.1090 0.0210 0.0510 -0.0800 0.0210 0.8860
2.0880 0.0240 -0.0180 -0.0270 0.0320 -0.0040 -1.2500 -0.1090 0.0210 0.0510 -0.0800 0.0210 0.8860
2.0890 0.0240 -0.0180 -0.0270 0.0320 -0.0040 -1.2500 -0.1090 0.0210 0.0510 -0.0800 0.0210 0.8860
2.0908 0.0240 -0.0180 -0.0270 0.0320 -0.0040 -1.2480 -0.0950 -0.0070 0.1240 -0.1390 0.0210 0.9010
2.0909 0.0230 -0.0180 -0.0270 0.0310 -0.0040 -1.2470 -0.1530 -0.0070 0.1240 -0.1390 0.0210 0.9010
2.0919 0.0230 -0.0180 -0.0270 0.0310 -0.0040 -1.2470 -0.1530 -0.0070 0.1240 -0.1390 0.0210 0.9010
2.0930 0.0230 -0.0180 -0.0270 0.0310 -0.0040 -1.2470 -0.1530 -0.0070 0.1240 -0.1390 0.0210 0.9010
2.0940 0.0230 -0.0180 -0.0270 0.0310 -0.0040 -1.2470 -0.1530 -0.0070 0.1240 -0.1390 0.0210 0.9010
2.0950 0.0230 -0.0180 -0.0270 0.0310 -0.0040 -1.2470 -0.1530 -0.0070 0.1240 -0.1390 0.0210 0.9010
2.0959 0.0230 -0.0180 -0.0270 0.0310 -0.0040 -1.2470 -0.1530 -0.0070 0.1240 -0.1390 0.0210 0.9010
2.0970 0.0230 -0.0180 -0.0270 0.0310 -0.0040 -1.2470 -0.1530 -0.0070 0.1240 -0.1390 0.0210 0.9010
2.0979 0.0230 -0.0180 -0.0270 0.0310 -0.0040 -1.2470 -0.1530 -0.0070 0.1240 -0.1390 0.0210 0.9010
2.0989 0.0230 -0.0180 -0.0270 0.0310 -0.0040 -1.2470 -0.1530 -0.0070 0.1240 -0.1390 0.0210 0.9010
2.1000 0.0230 -0.0180 -0.0270 0.0310 -0.0040 -1.2470 -0.1530 -0.0070 0.1240 -0.1390 0.0210 0.9010
2.1010 0.0230 -0.0180 -0.0270 0.0310 -0.0040 -1.2470 -0.1530 -0.0070 0.1240 -0.1390 0.0210 0.9010
2.1027 0.0230 -0.0180 -0.0270 0.0310 -0.0040 -1.2470 -0.1530 -0.0070 0.1240 -0.1390 0.0210 0.9010
2.1029 0.0230 -0.0180 -0.0260 0.0310 -0.0040 -1.2430 -0.0650 0.0510 0.0800 -0.0950 0.0510 0.8570
2.1039 0.0230 -0.0180 -0.0260 0.0310 -0.0040 -1.2430 -0.0650 0.0510 0.0800 -0.0950 0.0510 0.8570
2.1050 0.0230 -0.0180 -0.0260 0.0310 -0.0040 -1.2430 -0.0650 0.0510 0.0800 -0.0950 0.0510 0.8570
2.1060 0.0230 -0.0180 -0.0260 0.0310 -0.0040 -1.2430 -0.0650 0.0510 0.0800 -0.0950 0.0510 0.8570
2.1069 0.0230 -0.0180 -0.0260 0.0310 -0.0040 -1.2430 -0.0650 0.0510 0.0800 -0.0950 0.0510 0.8570
2.1079 0.0230 -0.0180 -0.0260 0.0310 -0.0040 -1.2430 -0.0650 0.0510 0.0800 -0.0950 0.0510 0.8570
2.1090 0.0230 -0.0180 -0.0260 0.0310 -0.0040 -1.2430 -0.0650 0.0510 0.0800 -0.0950 0.0510 0.8570
2.1099 0.0230 -0.0180 -0.0260 0.0310 -0.0040 -1.2430 -0.0650 0.0510 0.0800 -0.0950 0.0510 0.8570
2.1109 0.0230 -0.0180 -0.0260 0.0310 -0.0040 -1.2430 -0.0650 0.0510 0.0800 -0.0950 0.0510 0.8570
2.1125 0.0230 -0.0180 -0.0260 0.0310 -0.0040 -1.2430 -0.0650 0.0510 0.0800 -0.0950 0.0510 0.8570
2.1129 0.0230 -0.0180 -0.0260 0.0310 -0.0040 -1.2430 -0.0650 0.0510 0.0800 -0.0950 0.0510 0.8570
2.1140 0.0230 -0.0180 -0.0260 0.0310 -0.0040 -1.2430 -0.0650 0.0510 0.0800 -0.0950 0.0510 0.8570
2.1149 0.0230 -0.0170 -0.0260 0.0310 -0.0030 -1.2390 -0.0950 0.0800 0.1390 -0.1390 0.0800 0.9300
2.1159 0.0230 -0.0170 -0.0260 0.0310 -0.0030 -1.2390 -0.0950 0.0800 0.1390 -0.1390 0.0800 0.9300
2.1169 0.0230 -0.0170 -0.0260 0.0310 -0.0030 -1.2390 -0.0950 0.0800 0.1390 -0.1390 0.0800 0.9300
2.1180 0.0230 -0.0170 -0.0260 0.0310 -0.0030 -1.2390 -0.0950 0.0800 0.1390 -0.1390 0.0800 0.9300
2.1189 0.0230 -0.0170 -0.0260 0.0310 -0.0030 -1.2390 -0.0950 0.0800 0.1390 -0.1390 0.0800 0.9300
2.1199 0.0230 -0.0170 -0.0260 0.0310 -0.0030 -1.2390 -0.0950 0.0800 0.1390 -0.1390 0.0800 0.9300
2.1210 0.0230 -0.0170 -0.0260 0.0310 -0.0030 -1.2390 -0.0950 0.0800 0.1390 -0.1390 0.0800 0.9300
2.1220 0.0230 -0.0170 -0.0260 0.0310 -0.0030 -1.2390 -0.0950 0.0800 0.1390 -0.1390 0.0800 0.9300
2.1230 0.0230 -0.0170 -0.0260 0.0310 -0.0030 -1.2390 -0.0950 0.0800 0.1390 -0.1390 0.0800 0.9300
2.1240 0.0230 -0.0170 -0.0260 0.0310 -0.0030 -1.2390 -0.0950 0.0800 0.1390 -0.1390 0.0800 0.9300
2.1250 0.0230 -0.0170 -0.0260 0.0310 -0.0030 -1.2390 -0.0950 0.0800 0.1390 -0.1390 0.0800 0.9300
2.1259 0.0230 -0.0170 -0.0260 0.0310 -0.0030 -1.2390 -0.0950 0.0800 0.1390 -0.1390 0.0800 0.9300
2.1269 0.0230 -0.0170 -0.0250 0.0300 -0.0030 -1.2350 -0.0950 0.0070 0.0510 -0.1090 -0.0070 0.8710
2.1279 0.0230 -0.0170 -0.0250 0.0300 -0.0030 -1.2350 -0.0950 0.0070 0.0510 -0.1090 -0.0070 0.8710
2.1289 0.0230 -0.0170 -0.0250 0.0300 -0.0030 -1.2350 -0.0950 0.0070 0.0510 -0.1090 -0.0070 0.8710
2.1300 0.0230 -0.0170 -0.0250 0.0300 -0.0030 -1.2350 -0.0950 0.0070 0.0510 -0.1090 -0.0070 0.8710
2.1310 0.0230 -0.0170 -0.0250 0.0300 -0.0030 -1.2350 -0.0950 0.0070 0.0510 -0.1090 -0.0070 0.8710
2.1320 0.0230 -0.0170 -0.0250 0.0300 -0.0030 -1.2350 -0.0950 0.0070 0.0510 -0.1090 -0.0070 0.8710
2.1330 0.0230 -0.0170 -0.0250 0.0300 -0.0030 -1.2350 -0.0950 0.0070 0.0510 -0.1090 -0.0070 0.8710
2.1340 0.0230 -0.0170 -0.0250 0.0300 -0.0030 -1.2350 -0.0950 0.0070 0.0510 -0.1090 -0.0070 0.8710
2.1350 0.0230 -0.0170 -0.0250 0.0300 -0.0030 -1.2350 -0.0950 0.0070 0.0510 -0.1090 -0.0070 0.8710
2.1360 0.0230 -0.0170 -0.0250 0.0300 -0.0030 -1.2350 -0.0950 0.0070 0.0510 -0.1090 -0.0070 0.8710
2.1370 0.0230 -0.0170 -0.0250 0.0300 -0.0030 -1.2350 -0.0950 0.0070 0.0510 -0.1090 -0.0070 0.8710
2.1380 0.0220 -0.0170 -0.0250 0.0300 -0.0030 -1.2330 -0.0800 0.0070 0.0800 -0.1090 0.0070 0.9010
2.1389 0.0220 -0.0170 -0.0250 0.0300 -0.0030 -1.2330 -0.0800 0.0070 0.0800 -0.1090 0.0070 0.9010
2.1400 0.0220 -0.0170 -0.0250 0.0300 -0.0030 -1.2330 -0.0800 0.0070 0.0800 -0.1090 0.0070 0.9010
2.1409 0.0220 -0.0170 -0.0250 0.0290 -0.0030 -1.2320 -0.0950 0.0070 0.1390 -0.1390 -0.0070 0.9150
2.1419 0.0220 -0.0170 -0.0250 0.0290 -0.0030 -1.2320 -0.0950 0.0070 0.1390 -0.1390 -0.0070 0.9150
2.1430 0.0220 -0.0170 -0.0250 0.0290 -0.0030 -1.2320 -0.0950 0.0070 0.1390 -0.1390 -0.0070 0.9150
2.1439 0.0220 -0.0170 -0.0250 0.0290 -0.0030 -1.2320 -0.0950 0.0070 0.1390 -0.1390 -0.0070 0.9150
2.1449 0.0220 -0.0170 -0.0250 0.0290 -0.0030 -1.2320 -0.0950 0.0070 0.1390 -0.1390 -0.0070 0.9150
2.1460 0.0220 -0.0170 -0.0250 0.0290 -0.0030 -1.2320 -0.0950 0.0070 0.1390 -0.1390 -0.0070 0.9150
2.1470 0.0220 -0.0170 -0.0250 0.0290 -0.0030 -1.2320 -0.0950 0.0070 0.1390 -0.1390 -0.0070 0.9150
2.1480 0.0220 -0.0170 -0.0250 0.0290 -0.0030 -1.2320 -0.0950 0.0070 0.1390 -0.1390 -0.0070 0.9150
2.1490 0.0220 -0.0170 -0.0250 0.0290 -0.0030 -1.2320 -0.0950 0.0070 0.1390 -0.1390 -0.0070 0.9150
2.1501 0.0220 -0.0170 -0.0240 0.0290 -0.0030 -1.2300 -0.1240 0.0210 0.1240 -0.1390 -0.0070 0.8860
2.1509 0.0220 -0.0170 -0.0240 0.0290 -0.0030 -1.2290 -0.1090 0.0210 0.0950 -0.1090 0.0070 0.8420
2.1519 0.0220 -0.0170 -0.0240 0.0290 -0.0030 -1.2290 -0.1090 0.0210 0.0950 -0.1090 0.0070 0.8420
2.1529 0.0220 -0.0170 -0.0240 0.0290 -0.0030 -1.2290 -0.1090 0.0210 0.0950 -0.1090 0.0070 0.8420
2.1540 0.0220 -0.0170 -0.0240 0.0290 -0.0030 -1.2290 -0.1090 0.0210 0.0950 -0.1090 0.0070 0.8420
2.1550 0.0220 -0.0170 -0.0240 0.0290 -0.0030 -1.2290 -0.1090 0.0210 0.0950 -0.1090 0.0070 0.8420
2.1560 0.0220 -0.0170 -0.0240 0.0290 -0.0030 -1.2290 -0.1090 0.0210 0.0950 -0.1090 0.0070 0.8420
2.1570 0.0220 -0.0170 -0.0240 0.0290 -0.0030 -1.2290 -0.1090 0.0210 0.0950 -0.1090 0.0070 0.8420
2.1580 0.0220 -0.0170 -0.0240 0.0290 -0.0030 -1.2290 -0.1090 0.0210 0.0950 -0.1090 0.0070 0.8420
2.1590 0.0220 -0.0170 -0.0240 0.0290 -0.0030 -1.2290 -0.1090 0.0210 0.0950 -0.1090 0.0070 0.8420
2.1599 0.0220 -0.0170 -0.0240 0.0290 -0.0030 -1.2290 -0.1090 0.0210 0.0950 -0.1090 0.0070 0.8420
2.1610 0.0220 -0.0170 -0.0240 0.0290 -0.0030 -1.2290 -0.1090 0.0210 0.0950 -0.1090 0.0070 0.8420
2.1619 0.0220 -0.0170 -0.0240 0.0290 -0.0030 -1.2270 -0.1090 0.0210 0.0800 -0.1390 -0.0070 0.8860
2.1629 0.0210 -0.0170 -0.0240 0.0290 -0.0030 -1.2260 -0.0800 0.0070 0.0800 -0.1530 -0.0070 0.9450
2.1639 0.0210 -0.0170 -0.0240 0.0280 -0.0030 -1.2240 -0.0650 0.0210 0.1090 -0.1830 0.0070 0.9010
2.1649 0.0210 -0.0170 -0.0240 0.0280 -0.0030 -1.2240 -0.0650 0.0210 0.1090 -0.1830 0.0070 0.9010
2.1659 0.0210 -0.0170 -0.0240 0.0280 -0.0030 -1.2240 -0.0650 0.0210 0.1090 -0.1830 0.0070 0.9010
2.1670 0.0210 -0.0170 -0.0240 0.0280 -0.0030 -1.2240 -0.0650 0.0210 0.1090 -0.1830 0.0070 0.9010
2.1680 0.0210 -0.0170 -0.0240 0.0280 -0.0030 -1.2240 -0.0650 0.0210 0.1090 -0.1830 0.0070 0.9010
2.1689 0.0210 -0.0170 -0.0240 0.0280 -0.0030 -1.2240 -0.0650 0.0210 0.1090 -0.1830 0.0070 0.9010
2.1699 0.0210 -0.0170 -0.0240 0.0280 -0.0030 -1.2240 -0.0650 0.0210 0.1090 -0.1830 0.0070 0.9010
2.1710 0.0210 -0.0170 -0.0240 0.0280 -0.0030 -1.2240 -0.0650 0.0210 0.1090 -0.1830 0.0070 0.9010
2.1719 0.0210 -0.0170 -0.0240 0.0280 -0.0030 -1.2240 -0.0650 0.0210 0.1090 -0.1830 0.0070 0.9010
2.1730 0.0210 -0.0170 -0.0240 0.0280 -0.0030 -1.2240 -0.0650 0.0210 0.1090 -0.1830 0.0070 0.9010
2.1739 0.0210 -0.0170 -0.0240 0.0280 -0.0030 -1.2230 -0.0650 0.0210 0.1530 -0.1390 -0.0070 0.8570
2.1749 0.0210 -0.0170 -0.0240 0.0280 -0.0030 -1.2230 -0.0800 0.0210 0.1530 -0.1390 -0.0070 0.8570
2.1760 0.0210 -0.0170 -0.0230 0.0280 -0.0030 -1.2220 -0.0800 0.0360 0.0800 -0.1390 0.0070 0.8570
2.1771 0.0210 -0.0170 -0.0230 0.0280 -0.0030 -1.2220 -0.0800 0.0360 0.0800 -0.1390 0.0070 0.8570
2.1780 0.0210 -0.0170 -0.0230 0.0280 -0.0030 -1.2220 -0.0800 0.0360 0.0800 -0.1390 0.0070 0.8570
2.1790 0.0210 -0.0170 -0.0230 0.0280 -0.0030 -1.2220 -0.0800 0.0360 0.0800 -0.1390 0.0070 0.8570
2.1799 0.0210 -0.0170 -0.0230 0.0280 -0.0030 -1.2220 -0.0800 0.0360 0.0800 -0.1390 0.0070 0.8570
2.1809 0.0210 -0.0170 -0.0230 0.0280 -0.0030 -1.2220 -0.0800 0.0360 0.0800 -0.1390 0.0070 0.8570
2.1819 0.0210 -0.0170 -0.0230 0.0280 -0.0030 -1.2220 -0.0800 0.0360 0.0800 -0.1390 0.0070 0.8570
2.1830 0.0210 -0.0170 -0.0230 0.0280 -0.0030 -1.2220 -0.0800 0.0360 0.0800 -0.1390 0.0070 0.8570
2.1840 0.0210 -0.0170 -0.0230 0.0280 -0.0030 -1.2220 -0.0800 0.0360 0.0800 -0.1390 0.0070 0.8570
2.1850 0.0210 -0.0170 -0.0230 0.0280 -0.0030 -1.2220 -0.0800 0.0360 0.0800 -0.1390 0.0070 0.8570
2.1861 0.0210 -0.0170 -0.0230 0.0280 -0.0030 -1.2220 -0.0800 0.0360 0.0800 -0.1390 0.0070 0.8570
2.1869 0.0210 -0.0170 -0.0230 0.0280 -0.0030 -1.2220 -0.1090 0.0360 0.0800 -0.1390 0.0070 0.8570
2.1879 0.0210 -0.0160 -0.0230 0.0270 -0.0030 -1.2170 -0.0950 0.0210 0.0950 -0.1240 -0.0210 0.8570
2.1889 0.0210 -0.0160 -0.0230 0.0270 -0.0030 -1.2170 -0.0950 0.0210 0.0950 -0.1240 -0.0210 0.8570
2.1900 0.0210 -0.0160 -0.0230 0.0270 -0.0030 -1.2170 -0.0950 0.0210 0.0950 -0.1240 -0.0210 0.8570
2.1910 0.0210 -0.0160 -0.0230 0.0270 -0.0030 -1.2170 -0.0950 0.0210 0.0950 -0.1240 -0.0210 0.8570
2.1919 0.0210 -0.0160 -0.0230 0.0270 -0.0030 -1.2170 -0.0950 0.0210 0.0950 -0.1240 -0.0210 0.8570
2.1929 0.0210 -0.0160 -0.0230 0.0270 -0.0030 -1.2170 -0.0950 0.0210 0.0950 -0.1240 -0.0210 0.8570
2.1940 0.0210 -0.0160 -0.0230 0.0270 -0.0030 -1.2170 -0.0950 0.0210 0.0950 -0.1240 -0.0210 0.8570
2.1950 0.0210 -0.0160 -0.0230 0.0270 -0.0030 -1.2170 -0.0950 0.0210 0.0950 -0.1240 -0.0210 0.8570
2.1960 0.0210 -0.0160 -0.0230 0.0270 -0.0030 -1.2170 -0.0950 0.0210 0.0950 -0.1240 -0.0210 0.8570
2.1970 0.0210 -0.0160 -0.0230 0.0270 -0.0030 -1.2170 -0.0950 0.0210 0.0950 -0.1240 -0.0210 0.8570
2.1980 0.0210 -0.0160 -0.0230 0.0270 -0.0030 -1.2170 -0.0950 0.0210 0.0950 -0.1240 -0.0210 0.8570
2.1993 0.0210 -0.0160 -0.0230 0.0270 -0.0030 -1.2150 -0.1090 0.0510 0.1240 -0.1240 -0.0070 0.8570
2.1999 0.0200 -0.0160 -0.0230 0.0270 -0.0030 -1.2140 -0.0800 0.0360 0.1240 -0.1530 -0.0070 0.9300
2.2009 0.0200 -0.0160 -0.0230 0.0270 -0.0030 -1.2140 -0.0800 0.0360 0.1240 -0.1530 -0.0070 0.9300
2.2020 0.0200 -0.0160 -0.0230 0.0270 -0.0030 -1.2140 -0.0800 0.0360 0.1240 -0.1530 -0.0070 0.9300
2.2030 0.0200 -0.0160 -0.0230 0.0270 -0.0030 -1.2140 -0.0800 0.0360 0.1240 -0.1530 -0.0070 0.9300
2.2040 0.0200 -0.0160 -0.0230 0.0270 -0.0030 -1.2140 -0.0800 0.0360 0.1240 -0.1530 -0.0070 0.9300
2.2050 0.0200 -0.0160 -0.0230 0.0270 -0.0030 -1.2140 -0.0800 0.0360 0.1240 -0.1530 -0.0070 0.9300
2.2059 0.0200 -0.0160 -0.0230 0.0270 -0.0030 -1.2140 -0.0800 0.0360 0.1240 -0.1530 -0.0070 0.9300
2.2069 0.0200 -0.0160 -0.0230 0.0270 -0.0030 -1.2140 -0.0800 0.0360 0.1240 -0.1530 -0.0070 0.9300
2.2079 0.0200 -0.0160 -0.0230 0.0270 -0.0030 -1.2140 -0.0800 0.0360 0.1240 -0.1530 -0.0070 0.9300
2.2090 0.0200 -0.0160 -0.0230 0.0270 -0.0030 -1.2140 -0.0800 0.0360 0.1240 -0.1530 -0.0070 0.9300
2.2100 0.0200 -0.0160 -0.0230 0.0270 -0.0030 -1.2140 -0.0800 0.0360 0.1240 -0.1530 -0.0070 0.9300
2.2110 0.0200 -0.0160 -0.0230 0.0270 -0.0030 -1.2140 -0.0800 0.0360 0.1240 -0.1530 -0.0070 0.9300
2.2126 0.0200 -0.0160 -0.0220 0.0260 -0.0030 -1.2090 -0.1240 0.0210 0.0800 -0.0650 -0.0070 0.8420
2.2129 0.0200 -0.0160 -0.0220 0.0260 -0.0030 -1.2090 -0.1240 0.0210 0.0800 -0.0650 -0.0070 0.8420
2.2139 0.0200 -0.0160 -0.0220 0.0260 -0.0030 -1.2090 -0.1240 0.0210 0.0800 -0.0650 -0.0070 0.8420
2.2150 0.0200 -0.0160 -0.0220 0.0260 -0.0030 -1.2090 -0.1240 0.0210 0.0800 -0.0650 -0.0070 0.8420
2.2159 0.0200 -0.0160 -0.0220 0.0260 -0.0030 -1.2090 -0.1240 0.0210 0.0800 -0.0650 -0.0070 0.8420
2.2170 0.0200 -0.0160 -0.0220 0.0260 -0.0030 -1.2090 -0.1240 0.0210 0.0800 -0.0650 -0.0070 0.8420
2.2180 0.0200 -0.0160 -0.0220 0.0260 -0.0030 -1.2090 -0.1240 0.0210 0.0800 -0.0650 -0.0070 0.8420
2.2190 0.0200 -0.0160 -0.0220 0.0260 -0.0030 -1.2090 -0.1240 0.0210 0.0800 -0.0650 -0.0070 0.8420
2.2200 0.0200 -0.0160 -0.0220 0.0260 -0.0030 -1.2090 -0.1240 0.0210 0.0800 -0.0650 -0.0070 0.8420
2.2210 0.0200 -0.0160 -0.0220 0.0260 -0.0030 -1.2090 -0.1240 0.0210 0.0800 -0.0650 -0.0070 0.8420
2.2220 0.0200 -0.0160 -0.0220 0.0260 -0.0030 -1.2090 -0.1240 0.0210 0.0800 -0.0650 -0.0070 0.8420
2.2233 0.0200 -0.0160 -0.0220 0.0260 -0.0030 -1.2060 -0.0650 0.0210 0.1390 -0.1680 -0.0070 0.9150
2.2239 0.0200 -0.0160 -0.0220 0.0260 -0.0030 -1.2060 -0.0650 0.0210 0.1390 -0.1680 -0.0070 0.9150
2.2250 0.0200 -0.0160 -0.0220 0.0260 -0.0030 -1.2060 -0.0650 0.0210 0.1390 -0.1680 -0.0070 0.9150
2.2260 0.0200 -0.0160 -0.0220 0.0260 -0.0030 -1.2060 -0.0650 0.0210 0.1390 -0.1680 -0.0070 0.9150
2.2270 0.0200 -0.0160 -0.0220 0.0260 -0.0030 -1.2060 -0.0650 0.0210 0.1390 -0.1680 -0.0070 0.9150
2.2280 0.0200 -0.0160 -0.0220 0.0260 -0.0030 -1.2060 -0.0650 0.0210 0.1390 -0.1680 -0.0070 0.9150
2.2290 0.0200 -0.0160 -0.0220 0.0260 -0.0030 -1.2060 -0.0650 0.0210 0.1390 -0.1680 -0.0070 0.9150
2.2300 0.0200 -0.0160 -0.0220 0.0260 -0.0030 -1.2060 -0.0650 0.0210 0.1390 -0.1680 -0.0070 0.9150
2.2310 0.0200 -0.0160 -0.0220 0.0260 -0.0030 -1.2060 -0.0650 0.0210 0.1390 -0.1680 -0.0070 0.9150
2.2320 0.0200 -0.0160 -0.0220 0.0260 -0.0030 -1.2060 -0.0650 0.0210 0.1390 -0.1680 -0.0070 0.9150
2.2330 0.0200 -0.0160 -0.0220 0.0260 -0.0030 -1.2060 -0.0650 0.0210 0.1390 -0.1680 -0.0070 0.9150
2.2340 0.0200 -0.0160 -0.0220 0.0260 -0.0030 -1.2060 -0.0650 0.0210 0.1390 -0.1680 -0.0070 0.9150
2.2349 0.0200 -0.0160 -0.0220 0.0260 -0.0030 -1.2060 -0.0650 0.0210 0.1390 -0.1680 -0.0070 0.9150
2.2360 0.0200 -0.0160 -0.0220 0.0260 -0.0030 -1.2060 -0.0650 0.0210 0.1390 -0.1680 -0.0070 0.9150
2.2369 0.0200 -0.0160 -0.0220 0.0260 -0.0030 -1.2030 -0.0650 0.0360 0.0360 -0.1680 -0.0070 0.8710
2.2380 0.0200 -0.0160 -0.0220 0.0260 -0.0030 -1.2030 -0.0650 0.0360 0.0360 -0.1680 -0.0070 0.8710
2.2390 0.0200 -0.0160 -0.0220 0.0260 -0.0030 -1.2030 -0.0650 0.0360 0.0360 -0.1680 -0.0070 0.8710
2.2399 0.0200 -0.0160 -0.0220 0.0260 -0.0030 -1.2030 -0.0650 0.0360 0.0360 -0.1680 -0.0070 0.8710
2.2410 0.0200 -0.0160 -0.0220 0.0260 -0.0030 -1.2030 -0.0650 0.0360 0.0360 -0.1680 -0.0070 0.8710
2.2420 0.0200 -0.0160 -0.0220 0.0260 -0.0030 -1.2030 -0.0650 0.0360 0.0360 -0.1680 -0.0070 0.8710
2.2430 0.0200 -0.0160 -0.0220 0.0260 -0.0030 -1.2030 -0.0650 0.0360 0.0360 -0.1680 -0.0070 0.8710
2.2441 0.0200 -0.0160 -0.0220 0.0260 -0.0030 -1.2030 -0.0650 0.0360 0.0360 -0.1680 -0.0070 0.8710
2.2450 0.0200 -0.0160 -0.0220 0.0260 -0.0030 -1.2030 -0.0650 0.0360 0.0360 -0.1680 -0.0070 0.8710
2.2464 0.0200 -0.0160 -0.0220 0.0260 -0.0030 -1.2030 -0.0650 0.0360 0.0360 -0.1680 -0.0070 0.8710
2.2473 0.0190 -0.0160 -0.0210 0.0250 -0.0030 -1.2000 -0.0800 0.0360 0.0800 -0.0800 -0.0070 0.9300
2.2479 0.0190 -0.0160 -0.0210 0.0250 -0.0030 -1.1990 -0.1090 0.0510 0.1240 -0.0950 0.0070 0.9450
2.2490 0.0190 -0.0160 -0.0210 0.0250 -0.0030 -1.1990 -0.1090 0.0510 0.1240 -0.0950 0.0070 0.9450
2.2500 0.0190 -0.0160 -0.0210 0.0250 -0.0030 -1.1990 -0.1090 0.0510 0.1240 -0.0950 0.0070 0.9450
2.2509 0.0190 -0.0160 -0.0210 0.0250 -0.0030 -1.1990 -0.1090 0.0510 0.1240 -0.0950 0.0070 0.9450
2.2519 0.0190 -0.0160 -0.0210 0.0250 -0.0030 -1.1990 -0.1090 0.0510 0.1240 -0.0950 0.0070 0.9450
2.2530 0.0190 -0.0160 -0.0210 0.0250 -0.0030 -1.1990 -0.1090 0.0510 0.1240 -0.0950 0.0070 0.9450
2.2539 0.0190 -0.0160 -0.0210 0.0250 -0.0030 -1.1990 -0.1090 0.0510 0.1240 -0.0950 0.0070 0.9450
2.2550 0.0190 -0.0160 -0.0210 0.0250 -0.0030 -1.1990 -0.1090 0.0510 0.1240 -0.0950 0.0070 0.9450
2.2560 0.0190 -0.0160 -0.0210 0.0250 -0.0030 -1.1990 -0.1090 0.0510 0.1240 -0.0950 0.0070 0.9450
2.2570 0.0190 -0.0160 -0.0210 0.0250 -0.0030 -1.1990 -0.1090 0.0510 0.1240 -0.0950 0.0070 0.9450
2.2579 0.0190 -0.0160 -0.0210 0.0250 -0.0030 -1.1990 -0.1090 0.0510 0.1240 -0.0950 0.0070 0.9450
2.2594 0.0190 -0.0150 -0.0210 0.0250 -0.0030 -1.1960 -0.0950 0.0950 0.0950 -0.1090 0.0070 0.8710
2.2599 0.0190 -0.0150 -0.0210 0.0250 -0.0030 -1.1960 -0.0950 0.0950 0.0950 -0.1090 0.0070 0.8710
2.2609 0.0190 -0.0150 -0.0210 0.0250 -0.0030 -1.1960 -0.0950 0.0950 0.0950 -0.1090 0.0070 0.8710
2.2620 0.0190 -0.0150 -0.0210 0.0250 -0.0030 -1.1960 -0.0950 0.0950 0.0950 -0.1090 0.0070 0.8710
2.2630 0.0190 -0.0150 -0.0210 0.0250 -0.0030 -1.1960 -0.0950 0.0950 0.0950 -0.1090 0.0070 0.8710
2.2640 0.0190 -0.0150 -0.0210 0.0250 -0.0030 -1.1960 -0.0950 0.0950 0.0950 -0.1090 0.0070 0.8710
2.2650 0.0190 -0.0150 -0.0210 0.0250 -0.0030 -1.1960 -0.0950 0.0950 0.0950 -0.1090 0.0070 0.8710
2.2660 0.0190 -0.0150 -0.0210 0.0250 -0.0030 -1.1960 -0.0950 0.0950 0.0950 -0.1090 0.0070 0.8710
2.2669 0.0190 -0.0150 -0.0210 0.0250 -0.0030 -1.1960 -0.0950 0.0950 0.0950 -0.1090 0.0070 0.8710
2.2680 0.0190 -0.0150 -0.0210 0.0250 -0.0030 -1.1960 -0.0950 0.0950 0.0950 -0.1090 0.0070 0.8710
2.2689 0.0190 -0.0150 -0.0210 0.0250 -0.0030 -1.1960 -0.0950 0.0950 0.0950 -0.1090 0.0070 0.8710
2.2700 0.0190 -0.0150 -0.0210 0.0250 -0.0030 -1.1960 -0.0950 0.0950 0.0950 -0.1090 0.0070 0.8710
2.2723 0.0180 -0.0150 -0.0210 0.0240 -0.0030 -1.1940 -0.0650 0.0950 0.0510 -0.0950 -0.0070 0.8710
2.2725 0.0180 -0.0150 -0.0210 0.0240 -0.0030 -1.1930 -0.0650 0.0650 0.0800 -0.0510 -0.0070 0.9300
2.2730 0.0180 -0.0150 -0.0200 0.0240 -0.0030 -1.1910 -0.0800 0.0510 0.0800 -0.0510 -0.0210 0.9010
2.2739 0.0180 -0.0150 -0.0200 0.0240 -0.0030 -1.1910 -0.0800 0.0510 0.0800 -0.0510 -0.0210 0.9010
2.2750 0.0180 -0.0150 -0.0200 0.0240 -0.0030 -1.1910 -0.0800 0.0510 0.0800 -0.0510 -0.0210 0.9010
2.2760 0.0180 -0.0150 -0.0200 0.0240 -0.0030 -1.1910 -0.0800 0.0510 0.0800 -0.0510 -0.0210 0.9010
2.2769 0.0180 -0.0150 -0.0200 0.0240 -0.0030 -1.1910 -0.0800 0.0510 0.0800 -0.0510 -0.0210 0.9010
2.2779 0.0180 -0.0150 -0.0200 0.0240 -0.0030 -1.1910 -0.0800 0.0510 0.0800 -0.0510 -0.0210 0.9010
2.2790 0.0180 -0.0150 -0.0200 0.0240 -0.0030 -1.1910 -0.0800 0.0510 0.0800 -0.0510 -0.0210 0.9010
2.2799 0.0180 -0.0150 -0.0200 0.0240 -0.0030 -1.1910 -0.0800 0.0510 0.0800 -0.0510 -0.0210 0.9010
2.2810 0.0180 -0.0150 -0.0200 0.0240 -0.0030 -1.1910 -0.0800 0.0510 0.0800 -0.0510 -0.0210 0.9010
2.2820 0.0180 -0.0150 -0.0200 0.0240 -0.0030 -1.1910 -0.0800 0.0510 0.0800 -0.0510 -0.0210 0.9010
2.2830 0.0180 -0.0150 -0.0200 0.0240 -0.0030 -1.1910 -0.0800 0.0510 0.0800 -0.0510 -0.0210 0.9010
2.2841 0.0180 -0.0150 -0.0200 0.0240 -0.0030 -1.1880 -0.0950 0.0800 0.1090 -0.0950 -0.0070 0.8710
2.2849 0.0180 -0.0150 -0.0200 0.0240 -0.0030 -1.1880 -0.0950 0.0800 0.1090 -0.0950 -0.0070 0.8710
2.2859 0.0180 -0.0150 -0.0200 0.0240 -0.0030 -1.1880 -0.0950 0.0800 0.1090 -0.0950 -0.0070 0.8710
2.2869 0.0180 -0.0150 -0.0200 0.0240 -0.0030 -1.1880 -0.0950 0.0800 0.1090 -0.0950 -0.0070 0.8710
2.2879 0.0180 -0.0150 -0.0200 0.0240 -0.0030 -1.1880 -0.0950 0.0800 0.1090 -0.0950 -0.0070 0.8710
2.2890 0.0180 -0.0150 -0.0200 0.0240 -0.0030 -1.1880 -0.0950 0.0800 0.1090 -0.0950 -0.0070 0.8710
2.2900 0.0180 -0.0150 -0.0200 0.0240 -0.0030 -1.1880 -0.0950 0.0800 0.1090 -0.0950 -0.0070 0.8710
2.2910 0.0180 -0.0150 -0.0200 0.0240 -0.0030 -1.1880 -0.0950 0.0800 0.1090 -0.0950 -0.0070 0.8710
2.2920 0.0180 -0.0150 -0.0200 0.0240 -0.0030 -1.1880 -0.0950 0.0800 0.1090 -0.0950 -0.0070 0.8710
2.2930 0.0180 -0.0150 -0.0200 0.0240 -0.0030 -1.1880 -0.0950 0.0800 0.1090 -0.0950 -0.0070 0.8710
2.2940 0.0180 -0.0150 -0.0200 0.0240 -0.0030 -1.1880 -0.0950 0.0800 0.1090 -0.0950 -0.0070 0.8710
2.2951 0.0180 -0.0150 -0.0200 0.0240 -0.0030 -1.1870 -0.0650 0.0650 0.0360 -0.1390 0.0070 0.9150
2.2959 0.0180 -0.0150 -0.0200 0.0240 -0.0030 -1.1850 -0.0650 0.0650 0.0210 -0.1530 -0.0070 0.9300
2.2969 0.0180 -0.0150 -0.0200 0.0240 -0.0030 -1.1850 -0.0650 0.0650 0.0210 -0.1530 -0.0070 0.9300
2.2980 0.0180 -0.0150 -0.0200 0.0240 -0.0030 -1.1850 -0.0650 0.0650 0.0210 -0.1530 -0.0070 0.9300
2.2990 0.0180 -0.0150 -0.0200 0.0240 -0.0030 -1.1850 -0.0650 0.0650 0.0210 -0.1530 -0.0070 0.9300
2.3000 0.0180 -0.0150 -0.0200 0.0240 -0.0030 -1.1850 -0.0650 0.0650 0.0210 -0.1530 -0.0070 0.9300
2.3010 0.0180 -0.0150 -0.0200 0.0240 -0.0030 -1.1850 -0.0650 0.0650 0.0210 -0.1530 -0.0070 0.9300
2.3020 0.0180 -0.0150 -0.0200 0.0240 -0.0030 -1.1850 -0.0650 0.0650 0.0210 -0.1530 -0.0070 0.9300
2.3029 0.0180 -0.0150 -0.0200 0.0240 -0.0030 -1.1850 -0.0650 0.0650 0.0210 -0.1530 -0.0070 0.9300
2.3040 0.0180 -0.0150 -0.0200 0.0240 -0.0030 -1.1850 -0.0650 0.0650 0.0210 -0.1530 -0.0070 0.9300
2.3050 0.0180 -0.0150 -0.0200 0.0240 -0.0030 -1.1850 -0.0650 0.0650 0.0210 -0.1530 -0.0070 0.9300
2.3060 0.0180 -0.0150 -0.0200 0.0240 -0.0030 -1.1850 -0.0650 0.0650 0.0210 -0.1530 -0.0070 0.9300
2.3071 0.0180 -0.0140 -0.0200 0.0230 -0.0030 -1.1830 -0.0360 0.0510 0.0510 -0.0950 -0.0070 0.8420
2.3080 0.0180 -0.0140 -0.0200 0.0230 -0.0030 -1.1810 -0.0360 0.0360 0.1090 -0.1090 0.0070 0.9010
2.3089 0.0180 -0.0140 -0.0200 0.0230 -0.0030 -1.1810 -0.0360 0.0360 0.1090 -0.1090 0.0070 0.9010
2.3100 0.0180 -0.0140 -0.0200 0.0230 -0.0030 -1.1810 -0.0360 0.0360 0.1090 -0.1090 0.0070 0.9010
2.3110 0.0180 -0.0140 -0.0200 0.0230 -0.0030 -1.1810 -0.0360 0.0360 0.1090 -0.1090 0.0070 0.9010
2.3120 0.0180 -0.0140 -0.0200 0.0230 -0.0030 -1.1810 -0.0360 0.0360 0.1090 -0.1090 0.0070 0.9010
2.3129 0.0180 -0.0140 -0.0200 0.0230 -0.0030 -1.1810 -0.0360 0.0360 0.1090 -0.1090 0.0070 0.9010
2.3139 0.0180 -0.0140 -0.0200 0.0230 -0.0030 -1.1810 -0.0360 0.0360 0.1090 -0.1090 0.0070 0.9010
2.3150 0.0180 -0.0140 -0.0200 0.0230 -0.0030 -1.1810 -0.0360 0.0360 0.1090 -0.1090 0.0070 0.9010
2.3164 0.0180 -0.0140 -0.0200 0.0230 -0.0030 -1.1810 -0.0360 0.0360 0.1090 -0.1090 0.0070 0.9010
2.3169 0.0180 -0.0140 -0.0200 0.0230 -0.0030 -1.1810 -0.0360 0.0360 0.1090 -0.1090 0.0070 0.9010
2.3180 0.0180 -0.0140 -0.0200 0.0230 -0.0030 -1.1810 -0.0360 0.0360 0.1090 -0.1090 0.0070 0.9010
2.3192 0.0180 -0.0140 -0.0190 0.0230 -0.0030 -1.1780 -0.0650 0.0360 0.1240 -0.1090 -0.0070 0.8710
2.3200 0.0180 -0.0140 -0.0190 0.0230 -0.0030 -1.1780 -0.0650 0.0360 0.1240 -0.1090 -0.0070 0.8710
2.3209 0.0180 -0.0140 -0.0190 0.0230 -0.0030 -1.1780 -0.0650 0.0360 0.1240 -0.1090 -0.0070 0.8710
2.3220 0.0180 -0.0140 -0.0190 0.0230 -0.0030 -1.1780 -0.0650 0.0360 0.1240 -0.1090 -0.0070 0.8710
2.3230 0.0180 -0.0140 -0.0190 0.0230 -0.0030 -1.1780 -0.0650 0.0360 0.1240 -0.1090 -0.0070 0.8710
2.3240 0.0180 -0.0140 -0.0190 0.0230 -0.0030 -1.1780 -0.0650 0.0360 0.1240 -0.1090 -0.0070 0.8710
2.3250 0.0180 -0.0140 -0.0190 0.0230 -0.0030 -1.1780 -0.0650 0.0360 0.1240 -0.1090 -0.0070 0.8710
2.3260 0.0180 -0.0140 -0.0190 0.0230 -0.0030 -1.1780 -0.0650 0.0360 0.1240 -0.1090 -0.0070 0.8710
2.3270 0.0180 -0.0140 -0.0190 0.0230 -0.0030 -1.1780 -0.0650 0.0360 0.1240 -0.1090 -0.0070 0.8710
2.3280 0.0180 -0.0140 -0.0190 0.0230 -0.0030 -1.1780 -0.0650 0.0360 0.1240 -0.1090 -0.0070 0.8710
2.3290 0.0180 -0.0140 -0.0190 0.0230 -0.0030 -1.1780 -0.0650 0.0360 0.1240 -0.1090 -0.0070 0.8710
2.3300 0.0170 -0.0140 -0.0190 0.0230 -0.0030 -1.1780 -0.0800 0.0360 0.1240 -0.1090 -0.0070 0.8710
2.3318 0.0170 -0.0140 -0.0190 0.0230 -0.0030 -1.1770 -0.0800 0.0510 0.0950 -0.0950 0.0070 0.8570
2.3319 0.0170 -0.0140 -0.0190 0.0230 -0.0030 -1.1750 -0.0950 0.0650 0.0210 -0.0800 -0.0070 0.8860
2.3329 0.0170 -0.0140 -0.0190 0.0230 -0.0030 -1.1750 -0.0950 0.0650 0.0210 -0.0800 -0.0070 0.8860
2.3340 0.0170 -0.0140 -0.0190 0.0230 -0.0030 -1.1750 -0.0950 0.0650 0.0210 -0.0800 -0.0070 0.8860
2.3350 0.0170 -0.0140 -0.0190 0.0230 -0.0030 -1.1750 -0.0950 0.0650 0.0210 -0.0800 -0.0070 0.8860
2.3361 0.0170 -0.0140 -0.0190 0.0230 -0.0030 -1.1750 -0.0950 0.0650 0.0210 -0.0800 -0.0070 0.8860
2.3370 0.0170 -0.0140 -0.0190 0.0230 -0.0030 -1.1750 -0.0950 0.0650 0.0210 -0.0800 -0.0070 0.8860
2.3380 0.0170 -0.0140 -0.0190 0.0230 -0.0030 -1.1750 -0.0950 0.0650 0.0210 -0.0800 -0.0070 0.8860
2.3389 0.0170 -0.0140 -0.0190 0.0230 -0.0030 -1.1750 -0.0950 0.0650 0.0210 -0.0800 -0.0070 0.8860
2.3400 0.0170 -0.0140 -0.0190 0.0230 -0.0030 -1.1750 -0.0950 0.0650 0.0210 -0.0800 -0.0070 0.8860
2.3409 0.0170 -0.0140 -0.0190 0.0230 -0.0030 -1.1750 -0.0950 0.0650 0.0210 -0.0800 -0.0070 0.8860
2.3421 0.0170 -0.0130 -0.0190 0.0230 -0.0030 -1.1730 -0.0950 0.0950 0.0360 -0.0510 -0.0070 0.9150
2.3431 0.0170 -0.0130 -0.0190 0.0230 -0.0030 -1.1730 -0.1240 0.0950 0.0360 -0.0510 -0.0070 0.9150
2.3439 0.0170 -0.0130 -0.0180 0.0220 -0.0030 -1.1700 -0.0800 0.0950 0.0800 -0.1530 0.0070 0.8710
2.3450 0.0170 -0.0130 -0.0180 0.0220 -0.0030 -1.1700 -0.0800 0.0950 0.0800 -0.1530 0.0070 0.8710
2.3459 0.0170 -0.0130 -0.0180 0.0220 -0.0030 -1.1700 -0.0800 0.0950 0.0800 -0.1530 0.0070 0.8710
2.3470 0.0170 -0.0130 -0.0180 0.0220 -0.0030 -1.1700 -0.0800 0.0950 0.0800 -0.1530 0.0070 0.8710
2.3480 0.0170 -0.0130 -0.0180 0.0220 -0.0030 -1.1700 -0.0800 0.0950 0.0800 -0.1530 0.0070 0.8710
2.3490 0.0170 -0.0130 -0.0180 0.0220 -0.0030 -1.1700 -0.0800 0.0950 0.0800 -0.1530 0.0070 0.8710
2.3500 0.0170 -0.0130 -0.0180 0.0220 -0.0030 -1.1700 -0.0800 0.0950 0.0800 -0.1530 0.0070 0.8710
2.3510 0.0170 -0.0130 -0.0180 0.0220 -0.0030 -1.1700 -0.0800 0.0950 0.0800 -0.1530 0.0070 0.8710
2.3520 0.0170 -0.0130 -0.0180 0.0220 -0.0030 -1.1700 -0.0800 0.0950 0.0800 -0.1530 0.0070 0.8710
2.3529 0.0170 -0.0130 -0.0180 0.0220 -0.0030 -1.1700 -0.0800 0.0950 0.0800 -0.1530 0.0070 0.8710
2.3540 0.0170 -0.0130 -0.0180 0.0220 -0.0030 -1.1700 -0.0800 0.0950 0.0800 -0.1530 0.0070 0.8710
2.3554 0.0160 -0.0130 -0.0180 0.0220 -0.0030 -1.1690 -0.0650 0.1090 0.1090 -0.1680 0.0070 0.9010
2.3559 0.0160 -0.0130 -0.0180 0.0210 -0.0030 -1.1670 -0.0950 0.0950 0.1390 -0.1530 0.0070 0.9300
2.3569 0.0160 -0.0130 -0.0180 0.0210 -0.0030 -1.1670 -0.0950 0.0950 0.1390 -0.1530 0.0070 0.9300
2.3579 0.0160 -0.0130 -0.0180 0.0210 -0.0030 -1.1670 -0.0950 0.0950 0.1390 -0.1530 0.0070 0.9300
2.3590 0.0160 -0.0130 -0.0180 0.0210 -0.0030 -1.1670 -0.0950 0.0950 0.1390 -0.1530 0.0070 0.9300
2.3599 0.0160 -0.0130 -0.0180 0.0210 -0.0030 -1.1670 -0.0950 0.0950 0.1390 -0.1530 0.0070 0.9300
2.3610 0.0160 -0.0130 -0.0180 0.0210 -0.0030 -1.1670 -0.0950 0.0950 0.1390 -0.1530 0.0070 0.9300
2.3620 0.0160 -0.0130 -0.0180 0.0210 -0.0030 -1.1670 -0.0950 0.0950 0.1390 -0.1530 0.0070 0.9300
2.3629 0.0160 -0.0130 -0.0180 0.0210 -0.0030 -1.1670 -0.0950 0.0950 0.1390 -0.1530 0.0070 0.9300
2.3639 0.0160 -0.0130 -0.0180 0.0210 -0.0030 -1.1670 -0.0950 0.0950 0.1390 -0.1530 0.0070 0.9300
2.3649 0.0160 -0.0130 -0.0180 0.0210 -0.0030 -1.1670 -0.0950 0.0950 0.1390 -0.1530 0.0070 0.9300
2.3660 0.0160 -0.0130 -0.0180 0.0210 -0.0030 -1.1670 -0.0950 0.0950 0.1390 -0.1530 0.0070 0.9300
2.3670 0.0160 -0.0130 -0.0180 0.0210 -0.0030 -1.1660 -0.0950 0.0650 0.0650 -0.1680 -0.0070 0.9010
2.3681 0.0160 -0.0130 -0.0180 0.0210 -0.0030 -1.1640 -0.0650 0.0510 0.0070 -0.1970 -0.0070 0.8710
2.3689 0.0160 -0.0130 -0.0180 0.0210 -0.0030 -1.1630 -0.0650 0.0650 0.0070 -0.1830 0.0210 0.8570
2.3700 0.0160 -0.0130 -0.0180 0.0210 -0.0030 -1.1630 -0.0650 0.0650 0.0070 -0.1830 0.0210 0.8570
2.3709 0.0160 -0.0130 -0.0180 0.0210 -0.0030 -1.1630 -0.0650 0.0650 0.0070 -0.1830 0.0210 0.8570
2.3719 0.0160 -0.0130 -0.0180 0.0210 -0.0030 -1.1630 -0.0650 0.0650 0.0070 -0.1830 0.0210 0.8570
2.3730 0.0160 -0.0130 -0.0180 0.0210 -0.0030 -1.1630 -0.0650 0.0650 0.0070 -0.1830 0.0210 0.8570
2.3741 0.0160 -0.0130 -0.0180 0.0210 -0.0030 -1.1630 -0.0650 0.0650 0.0070 -0.1830 0.0210 0.8570
2.3750 0.0160 -0.0130 -0.0180 0.0210 -0.0030 -1.1630 -0.0650 0.0650 0.0070 -0.1830 0.0210 0.8570
2.3760 0.0160 -0.0130 -0.0180 0.0210 -0.0030 -1.1630 -0.0650 0.0650 0.0070 -0.1830 0.0210 0.8570
2.3769 0.0160 -0.0130 -0.0180 0.0210 -0.0030 -1.1630 -0.0650 0.0650 0.0070 -0.1830 0.0210 0.8570
2.3780 0.0160 -0.0130 -0.0180 0.0210 -0.0030 -1.1630 -0.0650 0.0650 0.0070 -0.1830 0.0210 0.8570
2.3797 0.0160 -0.0120 -0.0180 0.0200 -0.0030 -1.1600 -0.0650 0.0360 0.0800 -0.1680 0.0070 0.9150
2.3800 0.0160 -0.0120 -0.0180 0.0200 -0.0030 -1.1600 -0.0650 0.0360 0.0800 -0.1680 0.0070 0.9150
2.3809 0.0160 -0.0120 -0.0180 0.0200 -0.0030 -1.1600 -0.0650 0.0360 0.0800 -0.1680 0.0070 0.9150
2.3819 0.0160 -0.0120 -0.0180 0.0200 -0.0030 -1.1600 -0.0650 0.0360 0.0800 -0.1680 0.0070 0.9150
2.3830 0.0160 -0.0120 -0.0180 0.0200 -0.0030 -1.1600 -0.0650 0.0360 0.0800 -0.1680 0.0070 0.9150
2.3840 0.0160 -0.0120 -0.0180 0.0200 -0.0030 -1.1600 -0.0650 0.0360 0.0800 -0.1680 0.0070 0.9150
2.3850 0.0160 -0.0120 -0.0180 0.0200 -0.0030 -1.1600 -0.0650 0.0360 0.0800 -0.1680 0.0070 0.9150
2.3859 0.0160 -0.0120 -0.0180 0.0200 -0.0030 -1.1600 -0.0650 0.0360 0.0800 -0.1680 0.0070 0.9150
2.3870 0.0160 -0.0120 -0.0180 0.0200 -0.0030 -1.1600 -0.0650 0.0360 0.0800 -0.1680 0.0070 0.9150
2.3879 0.0160 -0.0120 -0.0180 0.0200 -0.0030 -1.1600 -0.0650 0.0360 0.0800 -0.1680 0.0070 0.9150
2.3890 0.0160 -0.0120 -0.0180 0.0200 -0.0030 -1.1600 -0.0650 0.0360 0.0800 -0.1680 0.0070 0.9150
2.3899 0.0160 -0.0120 -0.0180 0.0200 -0.0030 -1.1600 -0.0650 0.0360 0.0800 -0.1680 0.0070 0.9150
2.3911 0.0160 -0.0120 -0.0180 0.0200 -0.0030 -1.1600 -0.0510 0.0360 0.0800 -0.1680 0.0070 0.9150
2.3920 0.0160 -0.0120 -0.0170 0.0200 -0.0020 -1.1560 -0.0650 0.0360 0.1240 -0.0210 0.0210 0.9010
2.3929 0.0160 -0.0120 -0.0170 0.0200 -0.0020 -1.1560 -0.0650 0.0360 0.1240 -0.0210 0.0210 0.9010
2.3940 0.0160 -0.0120 -0.0170 0.0200 -0.0020 -1.1560 -0.0650 0.0360 0.1240 -0.0210 0.0210 0.9010
2.3949 0.0160 -0.0120 -0.0170 0.0200 -0.0020 -1.1560 -0.0650 0.0360 0.1240 -0.0210 0.0210 0.9010
2.3959 0.0160 -0.0120 -0.0170 0.0200 -0.0020 -1.1560 -0.0650 0.0360 0.1240 -0.0210 0.0210 0.9010
2.3970 0.0160 -0.0120 -0.0170 0.0200 -0.0020 -1.1560 -0.0650 0.0360 0.1240 -0.0210 0.0210 0.9010
2.3979 0.0160 -0.0120 -0.0170 0.0200 -0.0020 -1.1560 -0.0650 0.0360 0.1240 -0.0210 0.0210 0.9010
2.3989 0.0160 -0.0120 -0.0170 0.0200 -0.0020 -1.1560 -0.0650 0.0360 0.1240 -0.0210 0.0210 0.9010
2.4000 0.0160 -0.0120 -0.0170 0.0200 -0.0020 -1.1560 -0.0650 0.0360 0.1240 -0.0210 0.0210 0.9010
2.4010 0.0160 -0.0120 -0.0170 0.0200 -0.0020 -1.1560 -0.0650 0.0360 0.1240 -0.0210 0.0210 0.9010
2.4023 0.0160 -0.0120 -0.0170 0.0200 -0.0020 -1.1560 -0.0650 0.0360 0.1240 -0.0210 0.0210 0.9010
2.4030 0.0160 -0.0120 -0.0170 0.0200 -0.0020 -1.1560 -0.0650 0.0360 0.1240 -0.0210 0.0210 0.9010
2.4048 0.0160 -0.0120 -0.0170 0.0200 -0.0020 -1.1540 -0.0650 0.0210 0.0650 -0.0070 0.0360 0.9150
2.4050 0.0160 -0.0120 -0.0170 0.0200 -0.0020 -1.1520 -0.0650 0.0210 0.0070 -0.0070 0.0510 0.9150
2.4059 0.0160 -0.0120 -0.0170 0.0200 -0.0020 -1.1520 -0.0650 0.0210 0.0070 -0.0070 0.0510 0.9150
2.4069 0.0160 -0.0120 -0.0170 0.0200 -0.0020 -1.1520 -0.0650 0.0210 0.0070 -0.0070 0.0510 0.9150
2.4080 0.0160 -0.0120 -0.0170 0.0200 -0.0020 -1.1520 -0.0650 0.0210 0.0070 -0.0070 0.0510 0.9150
2.4090 0.0160 -0.0120 -0.0170 0.0200 -0.0020 -1.1520 -0.0650 0.0210 0.0070 -0.0070 0.0510 0.9150
2.4100 0.0160 -0.0120 -0.0170 0.0200 -0.0020 -1.1520 -0.0650 0.0210 0.0070 -0.0070 0.0510 0.9150
2.4110 0.0160 -0.0120 -0.0170 0.0200 -0.0020 -1.1520 -0.0650 0.0210 0.0070 -0.0070 0.0510 0.9150
2.4120 0.0160 -0.0120 -0.0170 0.0200 -0.0020 -1.1520 -0.0650 0.0210 0.0070 -0.0070 0.0510 0.9150
2.4130 0.0160 -0.0120 -0.0170 0.0200 -0.0020 -1.1520 -0.0650 0.0210 0.0070 -0.0070 0.0510 0.9150
2.4140 0.0160 -0.0120 -0.0170 0.0200 -0.0020 -1.1520 -0.0650 0.0210 0.0070 -0.0070 0.0510 0.9150
2.4150 0.0150 -0.0120 -0.0170 0.0200 -0.0020 -1.1510 -0.0800 0.0210 0.0210 -0.0360 0.0360 0.8420
2.4159 0.0150 -0.0120 -0.0170 0.0200 -0.0020 -1.1490 -0.0950 0.0360 0.0510 -0.0650 0.0210 0.8570
2.4169 0.0150 -0.0120 -0.0170 0.0200 -0.0020 -1.1490 -0.0950 0.0360 0.0510 -0.0650 0.0210 0.8570
2.4180 0.0150 -0.0120 -0.0170 0.0200 -0.0020 -1.1490 -0.0950 0.0360 0.0510 -0.0650 0.0210 0.8570
2.4190 0.0150 -0.0120 -0.0170 0.0200 -0.0020 -1.1490 -0.0950 0.0360 0.0510 -0.0650 0.0210 0.8570
2.4200 0.0150 -0.0120 -0.0170 0.0200 -0.0020 -1.1490 -0.0950 0.0360 0.0510 -0.0650 0.0210 0.8570
2.4210 0.0150 -0.0120 -0.0170 0.0200 -0.0020 -1.1490 -0.0950 0.0360 0.0510 -0.0650 0.0210 0.8570
2.4220 0.0150 -0.0120 -0.0170 0.0200 -0.0020 -1.1490 -0.0950 0.0360 0.0510 -0.0650 0.0210 0.8570
2.4230 0.0150 -0.0120 -0.0170 0.0200 -0.0020 -1.1490 -0.0950 0.0360 0.0510 -0.0650 0.0210 0.8570
2.4240 0.0150 -0.0120 -0.0170 0.0200 -0.0020 -1.1490 -0.0950 0.0360 0.0510 -0.0650 0.0210 0.8570
2.4250 0.0150 -0.0120 -0.0170 0.0200 -0.0020 -1.1490 -0.0950 0.0360 0.0510 -0.0650 0.0210 0.8570
2.4261 0.0150 -0.0120 -0.0170 0.0200 -0.0020 -1.1490 -0.0950 0.0360 0.0510 -0.0650 0.0210 0.8570
2.4272 0.0150 -0.0120 -0.0160 0.0190 -0.0020 -1.1460 -0.0650 0.0650 0.0950 -0.1090 0.0070 0.9300
2.4279 0.0150 -0.0120 -0.0160 0.0190 -0.0020 -1.1450 -0.0650 0.0510 0.1390 -0.1530 0.0070 0.8710
2.4289 0.0150 -0.0120 -0.0160 0.0190 -0.0020 -1.1450 -0.0650 0.0510 0.1390 -0.1530 0.0070 0.8710
2.4300 0.0150 -0.0120 -0.0160 0.0190 -0.0020 -1.1450 -0.0650 0.0510 0.1390 -0.1530 0.0070 0.8710
2.4309 0.0150 -0.0120 -0.0160 0.0190 -0.0020 -1.1450 -0.0650 0.0510 0.1390 -0.1530 0.0070 0.8710
2.4319 0.0150 -0.0120 -0.0160 0.0190 -0.0020 -1.1450 -0.0650 0.0510 0.1390 -0.1530 0.0070 0.8710
2.4330 0.0150 -0.0120 -0.0160 0.0190 -0.0020 -1.1450 -0.0650 0.0510 0.1390 -0.1530 0.0070 0.8710
2.4340 0.0150 -0.0120 -0.0160 0.0190 -0.0020 -1.1450 -0.0650 0.0510 0.1390 -0.1530 0.0070 0.8710
2.4349 0.0150 -0.0120 -0.0160 0.0190 -0.0020 -1.1450 -0.0650 0.0510 0.1390 -0.1530 0.0070 0.8710
2.4360 0.0150 -0.0120 -0.0160 0.0190 -0.0020 -1.1450 -0.0650 0.0510 0.1390 -0.1530 0.0070 0.8710
2.4369 0.0150 -0.0120 -0.0160 0.0190 -0.0020 -1.1450 -0.0650 0.0510 0.1390 -0.1530 0.0070 0.8710
2.4387 0.0150 -0.0120 -0.0160 0.0190 -0.0020 -1.1420 -0.0800 0.0510 0.0360 -0.0510 -0.0070 0.9010
2.4389 0.0150 -0.0120 -0.0160 0.0190 -0.0020 -1.1420 -0.0800 0.0510 0.0360 -0.0510 -0.0070 0.9010
2.4399 0.0150 -0.0120 -0.0160 0.0190 -0.0020 -1.1420 -0.0800 0.0510 0.0360 -0.0510 -0.0070 0.9010
2.4409 0.0150 -0.0120 -0.0160 0.0190 -0.0020 -1.1420 -0.0800 0.0510 0.0360 -0.0510 -0.0070 0.9010
2.4420 0.0150 -0.0120 -0.0160 0.0190 -0.0020 -1.1420 -0.0800 0.0510 0.0360 -0.0510 -0.0070 0.9010
2.4430 0.0150 -0.0120 -0.0160 0.0190 -0.0020 -1.1420 -0.0800 0.0510 0.0360 -0.0510 -0.0070 0.9010
2.4440 0.0150 -0.0120 -0.0160 0.0190 -0.0020 -1.1420 -0.0800 0.0510 0.0360 -0.0510 -0.0070 0.9010
2.4449 0.0150 -0.0120 -0.0160 0.0190 -0.0020 -1.1420 -0.0800 0.0510 0.0360 -0.0510 -0.0070 0.9010
2.4460 0.0150 -0.0120 -0.0160 0.0190 -0.0020 -1.1420 -0.0800 0.0510 0.0360 -0.0510 -0.0070 0.9010
2.4470 0.0150 -0.0120 -0.0160 0.0190 -0.0020 -1.1420 -0.0800 0.0510 0.0360 -0.0510 -0.0070 0.9010
2.4480 0.0150 -0.0120 -0.0160 0.0190 -0.0020 -1.1420 -0.0800 0.0510 0.0360 -0.0510 -0.0070 0.9010
2.4489 0.0150 -0.0120 -0.0160 0.0190 -0.0020 -1.1420 -0.0800 0.0510 0.0360 -0.0510 -0.0070 0.9010
2.4509 0.0150 -0.0120 -0.0160 0.0190 -0.0020 -1.1420 -0.0800 0.0510 0.0360 -0.0510 -0.0070 0.9010
2.4513 0.0140 -0.0110 -0.0160 0.0190 -0.0020 -1.1390 -0.0650 0.0510 0.0210 -0.0360 -0.0070 0.8860
2.4519 0.0140 -0.0110 -0.0160 0.0190 -0.0020 -1.1390 -0.0650 0.0510 0.0210 -0.0360 -0.0070 0.8860
2.4529 0.0140 -0.0110 -0.0160 0.0190 -0.0020 -1.1390 -0.0650 0.0510 0.0210 -0.0360 -0.0070 0.8860
2.4540 0.0140 -0.0110 -0.0160 0.0190 -0.0020 -1.1390 -0.0650 0.0510 0.0210 -0.0360 -0.0070 0.8860
2.4549 0.0140 -0.0110 -0.0160 0.0190 -0.0020 -1.1390 -0.0650 0.0510 0.0210 -0.0360 -0.0070 0.8860
2.4559 0.0140 -0.0110 -0.0160 0.0190 -0.0020 -1.1390 -0.0650 0.0510 0.0210 -0.0360 -0.0070 0.8860
2.4570 0.0140 -0.0110 -0.0160 0.0190 -0.0020 -1.1390 -0.0650 0.0510 0.0210 -0.0360 -0.0070 0.8860
2.4580 0.0140 -0.0110 -0.0160 0.0190 -0.0020 -1.1390 -0.0650 0.0510 0.0210 -0.0360 -0.0070 0.8860
2.4590 0.0140 -0.0110 -0.0160 0.0190 -0.0020 -1.1390 -0.0650 0.0510 0.0210 -0.0360 -0.0070 0.8860
2.4600 0.0140 -0.0110 -0.0160 0.0190 -0.0020 -1.1390 -0.0650 0.0510 0.0210 -0.0360 -0.0070 0.8860
2.4610 0.0140 -0.0110 -0.0160 0.0190 -0.0020 -1.1390 -0.0650 0.0510 0.0210 -0.0360 -0.0070 0.8860
2.4627 0.0140 -0.0110 -0.0160 0.0190 -0.0020 -1.1360 -0.0510 0.0650 0.0950 -0.0800 0.0070 0.8860
2.4631 0.0140 -0.0110 -0.0150 0.0180 -0.0020 -1.1340 -0.0510 0.0650 0.1090 -0.0950 -0.0070 0.9300
2.4647 0.0140 -0.0110 -0.0150 0.0180 -0.0020 -1.1340 -0.0510 0.0650 0.1090 -0.0950 -0.0070 0.9300
2.4654 0.0140 -0.0110 -0.0150 0.0180 -0.0020 -1.1340 -0.0510 0.0650 0.1090 -0.0950 -0.0070 0.9300
2.4659 0.0140 -0.0110 -0.0150 0.0180 -0.0020 -1.1340 -0.0510 0.0650 0.1090 -0.0950 -0.0070 0.9300
2.4669 0.0140 -0.0110 -0.0150 0.0180 -0.0020 -1.1340 -0.0510 0.0650 0.1090 -0.0950 -0.0070 0.9300
2.4679 0.0140 -0.0110 -0.0150 0.0180 -0.0020 -1.1340 -0.0510 0.0650 0.1090 -0.0950 -0.0070 0.9300
2.4689 0.0140 -0.0110 -0.0150 0.0180 -0.0020 -1.1340 -0.0510 0.0650 0.1090 -0.0950 -0.0070 0.9300
2.4700 0.0140 -0.0110 -0.0150 0.0180 -0.0020 -1.1340 -0.0510 0.0650 0.1090 -0.0950 -0.0070 0.9300
2.4710 0.0140 -0.0110 -0.0150 0.0180 -0.0020 -1.1340 -0.0510 0.0650 0.1090 -0.0950 -0.0070 0.9300
2.4720 0.0140 -0.0110 -0.0150 0.0180 -0.0020 -1.1340 -0.0510 0.0650 0.1090 -0.0950 -0.0070 0.9300
2.4729 0.0140 -0.0110 -0.0150 0.0180 -0.0020 -1.1340 -0.0510 0.0650 0.1090 -0.0950 -0.0070 0.9300
2.4742 0.0140 -0.0110 -0.0150 0.0180 -0.0020 -1.1330 -0.0510 0.0510 0.0950 -0.1090 -0.0070 0.9150
2.4749 0.0140 -0.0110 -0.0150 0.0180 -0.0020 -1.1330 -0.0510 0.0510 0.0950 -0.1090 -0.0070 0.9150
2.4759 0.0140 -0.0110 -0.0150 0.0180 -0.0020 -1.1320 -0.0510 0.0510 0.0800 -0.1090 -0.0070 0.8710
2.4769 0.0140 -0.0110 -0.0150 0.0180 -0.0020 -1.1320 -0.0510 0.0510 0.0800 -0.1090 -0.0070 0.8710
2.4780 0.0140 -0.0110 -0.0150 0.0180 -0.0020 -1.1320 -0.0510 0.0510 0.0800 -0.1090 -0.0070 0.8710
2.4789 0.0140 -0.0110 -0.0150 0.0180 -0.0020 -1.1320 -0.0510 0.0510 0.0800 -0.1090 -0.0070 0.8710
2.4800 0.0140 -0.0110 -0.0150 0.0180 -0.0020 -1.1320 -0.0510 0.0510 0.0800 -0.1090 -0.0070 0.8710
2.4809 0.0140 -0.0110 -0.0150 0.0180 -0.0020 -1.1320 -0.0510 0.0510 0.0800 -0.1090 -0.0070 0.8710
2.4820 0.0140 -0.0110 -0.0150 0.0180 -0.0020 -1.1320 -0.0510 0.0510 0.0800 -0.1090 -0.0070 0.8710
2.4830 0.0140 -0.0110 -0.0150 0.0180 -0.0020 -1.1320 -0.0510 0.0510 0.0800 -0.1090 -0.0070 0.8710
2.4840 0.0140 -0.0110 -0.0150 0.0180 -0.0020 -1.1320 -0.0510 0.0510 0.0800 -0.1090 -0.0070 0.8710
2.4850 0.0140 -0.0110 -0.0150 0.0180 -0.0020 -1.1320 -0.0510 0.0510 0.0800 -0.1090 -0.0070 0.8710
2.4860 0.0140 -0.0110 -0.0150 0.0180 -0.0020 -1.1320 -0.0510 0.0510 0.0800 -0.1090 -0.0070 0.8710
2.4869 0.0140 -0.0110 -0.0150 0.0180 -0.0020 -1.1320 -0.0510 0.0510 0.0800 -0.1090 -0.0070 0.8710
2.4880 0.0140 -0.0110 -0.0150 0.0180 -0.0020 -1.1320 -0.0510 0.0510 0.0800 -0.1090 -0.0070 0.8710
2.4889 0.0140 -0.0110 -0.0150 0.0180 -0.0020 -1.1270 -0.0650 0.0070 0.0210 -0.0360 -0.0070 0.9300
2.4900 0.0140 -0.0110 -0.0150 0.0180 -0.0020 -1.1270 -0.0650 0.0070 0.0210 -0.0360 -0.0070 0.9300
2.4910 0.0140 -0.0110 -0.0150 0.0180 -0.0020 -1.1270 -0.0650 0.0070 0.0210 -0.0360 -0.0070 0.9300
2.4920 0.0140 -0.0110 -0.0150 0.0180 -0.0020 -1.1270 -0.0650 0.0070 0.0210 -0.0360 -0.0070 0.9300
2.4930 0.0140 -0.0110 -0.0150 0.0180 -0.0020 -1.1270 -0.0650 0.0070 0.0210 -0.0360 -0.0070 0.9300
2.4940 0.0140 -0.0110 -0.0150 0.0180 -0.0020 -1.1270 -0.0650 0.0070 0.0210 -0.0360 -0.0070 0.9300
2.4950 0.0140 -0.0110 -0.0150 0.0180 -0.0020 -1.1270 -0.0650 0.0070 0.0210 -0.0360 -0.0070 0.9300
2.4960 0.0140 -0.0110 -0.0150 0.0180 -0.0020 -1.1270 -0.0650 0.0070 0.0210 -0.0360 -0.0070 0.9300
2.4970 0.0140 -0.0110 -0.0150 0.0180 -0.0020 -1.1270 -0.0650 0.0070 0.0210 -0.0360 -0.0070 0.9300
2.4980 0.0140 -0.0110 -0.0150 0.0180 -0.0020 -1.1270 -0.0650 0.0070 0.0210 -0.0360 -0.0070 0.9300
2.4989 0.0140 -0.0110 -0.0150 0.0180 -0.0020 -1.1270 -0.0650 0.0070 0.0210 -0.0360 -0.0070 0.9300
2.4999 0.0130 -0.0100 -0.0150 0.0180 -0.0020 -1.1240 -0.1090 0.0070 0.0650 -0.0510 -0.0070 0.8710
2.5010 0.0130 -0.0100 -0.0150 0.0180 -0.0020 -1.1240 -0.1090 0.0070 0.0650 -0.0510 -0.0070 0.8710
2.5019 0.0130 -0.0100 -0.0150 0.0180 -0.0020 -1.1240 -0.1090 0.0070 0.0650 -0.0510 -0.0070 0.8710
2.5029 0.0130 -0.0100 -0.0150 0.0180 -0.0020 -1.1240 -0.1090 0.0070 0.0650 -0.0510 -0.0070 0.8710
2.5039 0.0130 -0.0100 -0.0150 0.0180 -0.0020 -1.1240 -0.1090 0.0070 0.0650 -0.0510 -0.0070 0.8710
2.5049 0.0130 -0.0100 -0.0150 0.0180 -0.0020 -1.1240 -0.1090 0.0070 0.0650 -0.0510 -0.0070 0.8710
2.5060 0.0130 -0.0100 -0.0150 0.0180 -0.0020 -1.1240 -0.1090 0.0070 0.0650 -0.0510 -0.0070 0.8710
2.5069 0.0130 -0.0100 -0.0150 0.0180 -0.0020 -1.1240 -0.1090 0.0070 0.0650 -0.0510 -0.0070 0.8710
2.5079 0.0130 -0.0100 -0.0150 0.0180 -0.0020 -1.1240 -0.1090 0.0070 0.0650 -0.0510 -0.0070 0.8710
2.5089 0.0130 -0.0100 -0.0150 0.0180 -0.0020 -1.1240 -0.1090 0.0070 0.0650 -0.0510 -0.0070 0.8710
2.5100 0.0130 -0.0100 -0.0150 0.0180 -0.0020 -1.1240 -0.1090 0.0070 0.0650 -0.0510 -0.0070 0.8710
2.5124 0.0130 -0.0100 -0.0150 0.0180 -0.0020 -1.1240 -0.0950 0.0070 0.0650 -0.0510 -0.0070 0.8710
2.5125 0.0130 -0.0100 -0.0140 0.0170 -0.0020 -1.1190 -0.0510 0.0070 0.0510 -0.0800 -0.0070 0.9150
2.5133 0.0130 -0.0100 -0.0140 0.0170 -0.0020 -1.1190 -0.0510 0.0070 0.0510 -0.0800 -0.0070 0.9150
2.5139 0.0130 -0.0100 -0.0140 0.0170 -0.0020 -1.1190 -0.0510 0.0070 0.0510 -0.0800 -0.0070 0.9150
2.5150 0.0130 -0.0100 -0.0140 0.0170 -0.0020 -1.1190 -0.0510 0.0070 0.0510 -0.0800 -0.0070 0.9150
2.5159 0.0130 -0.0100 -0.0140 0.0170 -0.0020 -1.1190 -0.0510 0.0070 0.0510 -0.0800 -0.0070 0.9150
2.5169 0.0130 -0.0100 -0.0140 0.0170 -0.0020 -1.1190 -0.0510 0.0070 0.0510 -0.0800 -0.0070 0.9150
2.5180 0.0130 -0.0100 -0.0140 0.0170 -0.0020 -1.1190 -0.0510 0.0070 0.0510 -0.0800 -0.0070 0.9150
2.5189 0.0130 -0.0100 -0.0140 0.0170 -0.0020 -1.1190 -0.0510 0.0070 0.0510 -0.0800 -0.0070 0.9150
2.5200 0.0130 -0.0100 -0.0140 0.0170 -0.0020 -1.1190 -0.0510 0.0070 0.0510 -0.0800 -0.0070 0.9150
2.5210 0.0130 -0.0100 -0.0140 0.0170 -0.0020 -1.1190 -0.0510 0.0070 0.0510 -0.0800 -0.0070 0.9150
2.5219 0.0130 -0.0100 -0.0140 0.0170 -0.0020 -1.1190 -0.0510 0.0070 0.0510 -0.0800 -0.0070 0.9150
2.5230 0.0130 -0.0100 -0.0140 0.0170 -0.0020 -1.1190 -0.0510 0.0070 0.0510 -0.0800 -0.0070 0.9150
2.5244 0.0130 -0.0100 -0.0140 0.0170 -0.0020 -1.1190 -0.0510 0.0070 0.0510 -0.0800 -0.0070 0.9150
2.5249 0.0130 -0.0100 -0.0140 0.0170 -0.0020 -1.1180 -0.0510 0.0210 0.0070 -0.0950 0.0070 0.8570
2.5259 0.0130 -0.0100 -0.0140 0.0170 -0.0020 -1.1160 -0.0800 0.0070 -0.0070 -0.1240 0.0070 0.8710
2.5270 0.0130 -0.0100 -0.0140 0.0170 -0.0020 -1.1160 -0.0800 0.0070 -0.0070 -0.1240 0.0070 0.8710
2.5280 0.0130 -0.0100 -0.0140 0.0170 -0.0020 -1.1160 -0.0800 0.0070 -0.0070 -0.1240 0.0070 0.8710
2.5290 0.0130 -0.0100 -0.0140 0.0170 -0.0020 -1.1160 -0.0800 0.0070 -0.0070 -0.1240 0.0070 0.8710
2.5300 0.0130 -0.0100 -0.0140 0.0170 -0.0020 -1.1160 -0.0800 0.0070 -0.0070 -0.1240 0.0070 0.8710
2.5310 0.0130 -0.0100 -0.0140 0.0170 -0.0020 -1.1160 -0.0800 0.0070 -0.0070 -0.1240 0.0070 0.8710
2.5320 0.0130 -0.0100 -0.0140 0.0170 -0.0020 -1.1160 -0.0800 0.0070 -0.0070 -0.1240 0.0070 0.8710
2.5330 0.0130 -0.0100 -0.0140 0.0170 -0.0020 -1.1160 -0.0800 0.0070 -0.0070 -0.1240 0.0070 0.8710
2.5340 0.0130 -0.0100 -0.0140 0.0170 -0.0020 -1.1160 -0.0800 0.0070 -0.0070 -0.1240 0.0070 0.8710
2.5350 0.0130 -0.0100 -0.0140 0.0170 -0.0020 -1.1160 -0.0800 0.0070 -0.0070 -0.1240 0.0070 0.8710
2.5360 0.0130 -0.0100 -0.0140 0.0170 -0.0020 -1.1160 -0.0800 0.0070 -0.0070 -0.1240 0.0070 0.8710
2.5371 0.0120 -0.0100 -0.0140 0.0170 -0.0020 -1.1130 -0.0650 0.0210 0.0210 -0.0650 -0.0070 0.9300
2.5379 0.0120 -0.0100 -0.0140 0.0170 -0.0020 -1.1120 -0.0650 0.0360 0.0650 -0.0360 0.0070 0.8710
2.5389 0.0120 -0.0100 -0.0140 0.0170 -0.0020 -1.1120 -0.0650 0.0360 0.0650 -0.0360 0.0070 0.8710
2.5399 0.0120 -0.0100 -0.0140 0.0170 -0.0020 -1.1120 -0.0650 0.0360 0.0650 -0.0360 0.0070 0.8710
2.5410 0.0120 -0.0100 -0.0140 0.0170 -0.0020 -1.1120 -0.0650 0.0360 0.0650 -0.0360 0.0070 0.8710
2.5419 0.0120 -0.0100 -0.0140 0.0170 -0.0020 -1.1120 -0.0650 0.0360 0.0650 -0.0360 0.0070 0.8710
2.5429 0.0120 -0.0100 -0.0140 0.0170 -0.0020 -1.1120 -0.0650 0.0360 0.0650 -0.0360 0.0070 0.8710
2.5439 0.0120 -0.0100 -0.0140 0.0170 -0.0020 -1.1120 -0.0650 0.0360 0.0650 -0.0360 0.0070 0.8710
2.5449 0.0120 -0.0100 -0.0140 0.0170 -0.0020 -1.1120 -0.0650 0.0360 0.0650 -0.0360 0.0070 0.8710
2.5460 0.0120 -0.0100 -0.0140 0.0170 -0.0020 -1.1120 -0.0650 0.0360 0.0650 -0.0360 0.0070 0.8710
2.5469 0.0120 -0.0100 -0.0140 0.0170 -0.0020 -1.1120 -0.0650 0.0360 0.0650 -0.0360 0.0070 0.8710
2.5480 0.0120 -0.0100 -0.0140 0.0170 -0.0020 -1.1120 -0.0650 0.0360 0.0650 -0.0360 0.0070 0.8710
2.5501 0.0120 -0.0100 -0.0130 0.0160 -0.0020 -1.1090 -0.0510 0.0510 0.1090 -0.0650 0.0070 0.9150
2.5503 0.0120 -0.0100 -0.0130 0.0160 -0.0020 -1.1090 -0.0510 0.0510 0.1090 -0.0650 0.0070 0.9150
2.5509 0.0120 -0.0100 -0.0130 0.0160 -0.0020 -1.1090 -0.0510 0.0510 0.1090 -0.0650 0.0070 0.9150
2.5519 0.0120 -0.0100 -0.0130 0.0160 -0.0020 -1.1090 -0.0510 0.0510 0.1090 -0.0650 0.0070 0.9150
2.5529 0.0120 -0.0100 -0.0130 0.0160 -0.0020 -1.1090 -0.0510 0.0510 0.1090 -0.0650 0.0070 0.9150
2.5540 0.0120 -0.0100 -0.0130 0.0160 -0.0020 -1.1090 -0.0510 0.0510 0.1090 -0.0650 0.0070 0.9150
2.5550 0.0120 -0.0100 -0.0130 0.0160 -0.0020 -1.1090 -0.0510 0.0510 0.1090 -0.0650 0.0070 0.9150
2.5560 0.0120 -0.0100 -0.0130 0.0160 -0.0020 -1.1090 -0.0510 0.0510 0.1090 -0.0650 0.0070 0.9150
2.5569 0.0120 -0.0100 -0.0130 0.0160 -0.0020 -1.1090 -0.0510 0.0510 0.1090 -0.0650 0.0070 0.9150
2.5580 0.0120 -0.0100 -0.0130 0.0160 -0.0020 -1.1090 -0.0510 0.0510 0.1090 -0.0650 0.0070 0.9150
2.5590 0.0120 -0.0100 -0.0130 0.0160 -0.0020 -1.1090 -0.0510 0.0510 0.1090 -0.0650 0.0070 0.9150
2.5600 0.0120 -0.0100 -0.0130 0.0160 -0.0020 -1.1090 -0.0510 0.0510 0.1090 -0.0650 0.0070 0.9150
2.5628 0.0120 -0.0100 -0.0130 0.0160 -0.0020 -1.1090 -0.0510 0.0510 0.1090 -0.0650 0.0070 0.9150
2.5629 0.0120 -0.0100 -0.0130 0.0160 -0.0020 -1.1040 -0.0510 0.0210 -0.0070 -0.0950 -0.0070 0.8420
2.5631 0.0120 -0.0100 -0.0130 0.0160 -0.0020 -1.1040 -0.0510 0.0210 -0.0070 -0.0950 -0.0070 0.8420
2.5639 0.0120 -0.0100 -0.0130 0.0160 -0.0020 -1.1040 -0.0510 0.0210 -0.0070 -0.0950 -0.0070 0.8420
2.5652 0.0120 -0.0100 -0.0130 0.0160 -0.0020 -1.1040 -0.0510 0.0210 -0.0070 -0.0950 -0.0070 0.8420
2.5659 0.0120 -0.0100 -0.0130 0.0160 -0.0020 -1.1040 -0.0510 0.0210 -0.0070 -0.0950 -0.0070 0.8420
2.5669 0.0120 -0.0100 -0.0130 0.0160 -0.0020 -1.1040 -0.0510 0.0210 -0.0070 -0.0950 -0.0070 0.8420
2.5680 0.0120 -0.0100 -0.0130 0.0160 -0.0020 -1.1040 -0.0510 0.0210 -0.0070 -0.0950 -0.0070 0.8420
2.5690 0.0120 -0.0100 -0.0130 0.0160 -0.0020 -1.1040 -0.0510 0.0210 -0.0070 -0.0950 -0.0070 0.8420
2.5699 0.0120 -0.0100 -0.0130 0.0160 -0.0020 -1.1040 -0.0510 0.0210 -0.0070 -0.0950 -0.0070 0.8420
2.5710 0.0120 -0.0100 -0.0130 0.0160 -0.0020 -1.1040 -0.0510 0.0210 -0.0070 -0.0950 -0.0070 0.8420
2.5729 0.0120 -0.0100 -0.0130 0.0160 -0.0020 -1.1040 -0.0510 0.0210 -0.0070 -0.0950 -0.0070 0.8420
2.5732 0.0120 -0.0100 -0.0130 0.0160 -0.0020 -1.1010 -0.0360 0.0360 0.0210 -0.0510 -0.0070 0.9300
2.5739 0.0120 -0.0100 -0.0130 0.0160 -0.0020 -1.1010 -0.0360 0.0360 0.0210 -0.0510 -0.0070 0.9300
2.5751 0.0120 -0.0100 -0.0130 0.0160 -0.0020 -1.1010 -0.0360 0.0360 0.0210 -0.0510 -0.0070 0.9300
2.5759 0.0120 -0.0100 -0.0130 0.0160 -0.0020 -1.1010 -0.0360 0.0360 0.0210 -0.0510 -0.0070 0.9300
2.5769 0.0120 -0.0100 -0.0130 0.0160 -0.0020 -1.1010 -0.0360 0.0360 0.0210 -0.0510 -0.0070 0.9300
2.5779 0.0120 -0.0100 -0.0130 0.0160 -0.0020 -1.1010 -0.0360 0.0360 0.0210 -0.0510 -0.0070 0.9300
2.5789 0.0120 -0.0100 -0.0130 0.0160 -0.0020 -1.1010 -0.0360 0.0360 0.0210 -0.0510 -0.0070 0.9300
2.5799 0.0120 -0.0100 -0.0130 0.0160 -0.0020 -1.1010 -0.0360 0.0360 0.0210 -0.0510 -0.0070 0.9300
2.5810 0.0120 -0.0100 -0.0130 0.0160 -0.0020 -1.1010 -0.0360 0.0360 0.0210 -0.0510 -0.0070 0.9300
2.5820 0.0120 -0.0100 -0.0130 0.0160 -0.0020 -1.1010 -0.0360 0.0360 0.0210 -0.0510 -0.0070 0.9300
2.5830 0.0120 -0.0100 -0.0130 0.0160 -0.0020 -1.1010 -0.0360 0.0360 0.0210 -0.0510 -0.0070 0.9300
2.5842 0.0120 -0.0100 -0.0130 0.0160 -0.0020 -1.1010 -0.0360 0.0360 0.0210 -0.0510 -0.0070 0.9300
2.5850 0.0120 -0.0100 -0.0130 0.0160 -0.0020 -1.1000 -0.0510 0.0360 0.0210 -0.0650 -0.0070 0.9150
2.5859 0.0120 -0.0100 -0.0130 0.0160 -0.0020 -1.0980 -0.0510 0.0210 0.0360 -0.0800 0.0070 0.8570
2.5869 0.0120 -0.0100 -0.0130 0.0160 -0.0020 -1.0980 -0.0510 0.0210 0.0360 -0.0800 0.0070 0.8570
2.5879 0.0120 -0.0100 -0.0130 0.0160 -0.0020 -1.0980 -0.0510 0.0210 0.0360 -0.0800 0.0070 0.8570
2.5889 0.0120 -0.0100 -0.0130 0.0160 -0.0020 -1.0980 -0.0510 0.0210 0.0360 -0.0800 0.0070 0.8570
2.5899 0.0120 -0.0100 -0.0130 0.0160 -0.0020 -1.0980 -0.0510 0.0210 0.0360 -0.0800 0.0070 0.8570
2.5910 0.0120 -0.0100 -0.0130 0.0160 -0.0020 -1.0980 -0.0510 0.0210 0.0360 -0.0800 0.0070 0.8570
2.5920 0.0120 -0.0100 -0.0130 0.0160 -0.0020 -1.0980 -0.0510 0.0210 0.0360 -0.0800 0.0070 0.8570
2.5930 0.0120 -0.0100 -0.0130 0.0160 -0.0020 -1.0980 -0.0510 0.0210 0.0360 -0.0800 0.0070 0.8570
2.5939 0.0120 -0.0100 -0.0130 0.0160 -0.0020 -1.0980 -0.0510 0.0210 0.0360 -0.0800 0.0070 0.8570
2.5965 0.0120 -0.0090 -0.0130 0.0150 -0.0020 -1.0970 -0.0510 0.0360 0.0510 -0.1090 -0.0210 0.8570
2.5980 0.0120 -0.0090 -0.0130 0.0150 -0.0020 -1.0940 -0.0950 0.0510 0.1090 -0.1390 -0.0070 0.9300
2.5982 0.0120 -0.0090 -0.0130 0.0150 -0.0020 -1.0940 -0.0950 0.0510 0.1090 -0.1390 -0.0070 0.9300
2.5992 0.0120 -0.0090 -0.0130 0.0150 -0.0020 -1.0940 -0.0950 0.0510 0.1090 -0.1390 -0.0070 0.9300
2.6002 0.0120 -0.0090 -0.0130 0.0150 -0.0020 -1.0940 -0.0950 0.0510 0.1090 -0.1390 -0.0070 0.9300
2.6013 0.0120 -0.0090 -0.0130 0.0150 -0.0020 -1.0940 -0.0950 0.0510 0.1090 -0.1390 -0.0070 0.9300
2.6022 0.0120 -0.0090 -0.0130 0.0150 -0.0020 -1.0940 -0.0950 0.0510 0.1090 -0.1390 -0.0070 0.9300
2.6032 0.0120 -0.0090 -0.0130 0.0150 -0.0020 -1.0940 -0.0950 0.0510 0.1090 -0.1390 -0.0070 0.9300
2.6042 0.0120 -0.0090 -0.0130 0.0150 -0.0020 -1.0940 -0.0950 0.0510 0.1090 -0.1390 -0.0070 0.9300
2.6052 0.0120 -0.0090 -0.0130 0.0150 -0.0020 -1.0940 -0.0950 0.0510 0.1090 -0.1390 -0.0070 0.9300
2.6062 0.0120 -0.0090 -0.0130 0.0150 -0.0020 -1.0940 -0.0950 0.0510 0.1090 -0.1390 -0.0070 0.9300
2.6072 0.0120 -0.0090 -0.0130 0.0150 -0.0020 -1.0940 -0.0950 0.0510 0.1090 -0.1390 -0.0070 0.9300
2.6082 0.0120 -0.0090 -0.0130 0.0150 -0.0020 -1.0940 -0.0950 0.0510 0.1090 -0.1390 -0.0070 0.9300
2.6092 0.0120 -0.0090 -0.0130 0.0150 -0.0020 -1.0940 -0.0950 0.0510 0.1090 -0.1390 -0.0070 0.9300
2.6102 0.0110 -0.0090 -0.0120 0.0150 -0.0020 -1.0910 -0.0510 0.0510 0.0950 -0.1390 -0.0070 0.8710
2.6112 0.0110 -0.0090 -0.0120 0.0150 -0.0020 -1.0910 -0.0510 0.0510 0.0950 -0.1390 -0.0070 0.8710
2.6122 0.0110 -0.0090 -0.0120 0.0150 -0.0020 -1.0910 -0.0510 0.0510 0.0950 -0.1390 -0.0070 0.8710
2.6132 0.0110 -0.0090 -0.0120 0.0150 -0.0020 -1.0910 -0.0510 0.0510 0.0950 -0.1390 -0.0070 0.8710
2.6142 0.0110 -0.0090 -0.0120 0.0150 -0.0020 -1.0910 -0.0510 0.0510 0.0950 -0.1390 -0.0070 0.8710
2.6152 0.0110 -0.0090 -0.0120 0.0150 -0.0020 -1.0910 -0.0510 0.0510 0.0950 -0.1390 -0.0070 0.8710
2.6162 0.0110 -0.0090 -0.0120 0.0150 -0.0020 -1.0910 -0.0510 0.0510 0.0950 -0.1390 -0.0070 0.8710
2.6172 0.0110 -0.0090 -0.0120 0.0150 -0.0020 -1.0910 -0.0510 0.0510 0.0950 -0.1390 -0.0070 0.8710
2.6182 0.0110 -0.0090 -0.0120 0.0150 -0.0020 -1.0910 -0.0510 0.0510 0.0950 -0.1390 -0.0070 0.8710
2.6192 0.0110 -0.0090 -0.0120 0.0150 -0.0020 -1.0910 -0.0510 0.0510 0.0950 -0.1390 -0.0070 0.8710
2.6203 0.0110 -0.0090 -0.0120 0.0150 -0.0020 -1.0910 -0.0510 0.0510 0.0950 -0.1390 -0.0070 0.8710
2.6212 0.0110 -0.0090 -0.0120 0.0150 -0.0020 -1.0910 -0.0510 0.0510 0.0950 -0.1390 -0.0070 0.8710
2.6222 0.0110 -0.0090 -0.0120 0.0140 -0.0020 -1.0880 -0.0510 0.0360 -0.0070 -0.1240 -0.0070 0.9300
2.6232 0.0110 -0.0090 -0.0120 0.0140 -0.0020 -1.0880 -0.0510 0.0360 -0.0070 -0.1240 -0.0070 0.9300
2.6242 0.0110 -0.0090 -0.0120 0.0140 -0.0020 -1.0880 -0.0510 0.0360 -0.0070 -0.1240 -0.0070 0.9300
2.6252 0.0110 -0.0090 -0.0120 0.0140 -0.0020 -1.0880 -0.0510 0.0360 -0.0070 -0.1240 -0.0070 0.9300
2.6262 0.0110 -0.0090 -0.0120 0.0140 -0.0020 -1.0880 -0.0510 0.0360 -0.0070 -0.1240 -0.0070 0.9300
2.6272 0.0110 -0.0090 -0.0120 0.0140 -0.0020 -1.0880 -0.0510 0.0360 -0.0070 -0.1240 -0.0070 0.9300
2.6294 0.0110 -0.0090 -0.0120 0.0140 -0.0020 -1.0880 -0.0510 0.0360 -0.0070 -0.1240 -0.0070 0.9300
2.6295 0.0110 -0.0090 -0.0120 0.0140 -0.0020 -1.0880 -0.0510 0.0360 -0.0070 -0.1240 -0.0070 0.9300
2.6302 0.0110 -0.0090 -0.0120 0.0140 -0.0020 -1.0880 -0.0510 0.0360 -0.0070 -0.1240 -0.0070 0.9300
2.6312 0.0110 -0.0090 -0.0120 0.0140 -0.0020 -1.0880 -0.0510 0.0360 -0.0070 -0.1240 -0.0070 0.9300
2.6322 0.0110 -0.0090 -0.0120 0.0140 -0.0020 -1.0880 -0.0510 0.0360 -0.0070 -0.1240 -0.0070 0.9300
2.6335 0.0110 -0.0090 -0.0120 0.0140 -0.0020 -1.0880 -0.0510 0.0360 -0.0070 -0.1240 -0.0070 0.9300
2.6343 0.0110 -0.0080 -0.0120 0.0130 -0.0020 -1.0830 -0.0510 0.0070 0.0210 -0.1390 -0.0070 0.8710
2.6352 0.0110 -0.0080 -0.0120 0.0130 -0.0020 -1.0830 -0.0510 0.0070 0.0210 -0.1390 -0.0070 0.8710
2.6362 0.0110 -0.0080 -0.0120 0.0130 -0.0020 -1.0830 -0.0510 0.0070 0.0210 -0.1390 -0.0070 0.8710
2.6372 0.0110 -0.0080 -0.0120 0.0130 -0.0020 -1.0830 -0.0510 0.0070 0.0210 -0.1390 -0.0070 0.8710
2.6383 0.0110 -0.0080 -0.0120 0.0130 -0.0020 -1.0830 -0.0510 0.0070 0.0210 -0.1390 -0.0070 0.8710
2.6392 0.0110 -0.0080 -0.0120 0.0130 -0.0020 -1.0830 -0.0510 0.0070 0.0210 -0.1390 -0.0070 0.8710
2.6402 0.0110 -0.0080 -0.0120 0.0130 -0.0020 -1.0830 -0.0510 0.0070 0.0210 -0.1390 -0.0070 0.8710
2.6412 0.0110 -0.0080 -0.0120 0.0130 -0.0020 -1.0830 -0.0510 0.0070 0.0210 -0.1390 -0.0070 0.8710
2.6422 0.0110 -0.0080 -0.0120 0.0130 -0.0020 -1.0830 -0.0510 0.0070 0.0210 -0.1390 -0.0070 0.8710
2.6432 0.0110 -0.0080 -0.0120 0.0130 -0.0020 -1.0830 -0.0510 0.0070 0.0210 -0.1390 -0.0070 0.8710
2.6442 0.0110 -0.0080 -0.0120 0.0130 -0.0020 -1.0830 -0.0510 0.0070 0.0210 -0.1390 -0.0070 0.8710
2.6452 0.0110 -0.0080 -0.0120 0.0130 -0.0020 -1.0830 -0.0510 0.0070 0.0210 -0.1390 -0.0070 0.8710
2.6462 0.0110 -0.0080 -0.0120 0.0130 -0.0020 -1.0830 -0.0510 0.0070 0.0210 -0.1390 -0.0070 0.8710
2.6473 0.0110 -0.0080 -0.0120 0.0130 -0.0020 -1.0790 -0.0800 0.0210 0.1390 -0.0210 0.0070 0.8570
2.6482 0.0110 -0.0080 -0.0120 0.0130 -0.0020 -1.0790 -0.0800 0.0210 0.1390 -0.0210 0.0070 0.8570
2.6492 0.0110 -0.0080 -0.0120 0.0130 -0.0020 -1.0790 -0.0800 0.0210 0.1390 -0.0210 0.0070 0.8570
2.6502 0.0110 -0.0080 -0.0120 0.0130 -0.0020 -1.0790 -0.0800 0.0210 0.1390 -0.0210 0.0070 0.8570
2.6512 0.0110 -0.0080 -0.0120 0.0130 -0.0020 -1.0790 -0.0800 0.0210 0.1390 -0.0210 0.0070 0.8570
2.6522 0.0110 -0.0080 -0.0120 0.0130 -0.0020 -1.0790 -0.0800 0.0210 0.1390 -0.0210 0.0070 0.8570
2.6532 0.0110 -0.0080 -0.0120 0.0130 -0.0020 -1.0790 -0.0800 0.0210 0.1390 -0.0210 0.0070 0.8570
2.6542 0.0110 -0.0080 -0.0120 0.0130 -0.0020 -1.0790 -0.0800 0.0210 0.1390 -0.0210 0.0070 0.8570
2.6552 0.0110 -0.0080 -0.0120 0.0130 -0.0020 -1.0790 -0.0800 0.0210 0.1390 -0.0210 0.0070 0.8570
2.6562 0.0110 -0.0080 -0.0120 0.0130 -0.0020 -1.0790 -0.0800 0.0210 0.1390 -0.0210 0.0070 0.8570
2.6572 0.0110 -0.0080 -0.0120 0.0130 -0.0020 -1.0790 -0.0800 0.0210 0.1390 -0.0210 0.0070 0.8570
2.6582 0.0100 -0.0080 -0.0120 0.0130 -0.0020 -1.0790 -0.0650 0.0210 0.1390 -0.0210 0.0070 0.8570
2.6592 0.0100 -0.0080 -0.0110 0.0130 -0.0020 -1.0760 -0.0510 0.0070 0.0800 -0.0070 0.0070 0.9300
2.6602 0.0100 -0.0080 -0.0110 0.0130 -0.0020 -1.0760 -0.0510 0.0070 0.0800 -0.0070 0.0070 0.9300
2.6613 0.0100 -0.0080 -0.0110 0.0130 -0.0020 -1.0760 -0.0510 0.0070 0.0800 -0.0070 0.0070 0.9300
2.6622 0.0100 -0.0080 -0.0110 0.0130 -0.0020 -1.0760 -0.0510 0.0070 0.0800 -0.0070 0.0070 0.9300
2.6632 0.0100 -0.0080 -0.0110 0.0130 -0.0020 -1.0760 -0.0510 0.0070 0.0800 -0.0070 0.0070 0.9300
2.6642 0.0100 -0.0080 -0.0110 0.0130 -0.0020 -1.0760 -0.0510 0.0070 0.0800 -0.0070 0.0070 0.9300
2.6652 0.0100 -0.0080 -0.0110 0.0130 -0.0020 -1.0760 -0.0510 0.0070 0.0800 -0.0070 0.0070 0.9300
2.6662 0.0100 -0.0080 -0.0110 0.0130 -0.0020 -1.0760 -0.0510 0.0070 0.0800 -0.0070 0.0070 0.9300
2.6672 0.0100 -0.0080 -0.0110 0.0130 -0.0020 -1.0760 -0.0510 0.0070 0.0800 -0.0070 0.0070 0.9300
2.6682 0.0100 -0.0080 -0.0110 0.0130 -0.0020 -1.0760 -0.0510 0.0070 0.0800 -0.0070 0.0070 0.9300
2.6692 0.0100 -0.0080 -0.0110 0.0130 -0.0020 -1.0760 -0.0510 0.0070 0.0800 -0.0070 0.0070 0.9300
2.6703 0.0100 -0.0080 -0.0110 0.0130 -0.0020 -1.0760 -0.0510 0.0070 0.0800 -0.0070 0.0070 0.9300
2.6719 0.0100 -0.0080 -0.0110 0.0130 -0.0020 -1.0740 -0.0510 -0.0070 0.0210 -0.0510 0.0070 0.9150
2.6723 0.0100 -0.0080 -0.0110 0.0130 -0.0020 -1.0710 -0.0360 -0.0070 0.0360 -0.0650 0.0070 0.8570
2.6732 0.0100 -0.0080 -0.0110 0.0130 -0.0020 -1.0710 -0.0360 -0.0070 0.0360 -0.0650 0.0070 0.8570
2.6742 0.0100 -0.0080 -0.0110 0.0130 -0.0020 -1.0710 -0.0360 -0.0070 0.0360 -0.0650 0.0070 0.8570
2.6752 0.0100 -0.0080 -0.0110 0.0130 -0.0020 -1.0710 -0.0360 -0.0070 0.0360 -0.0650 0.0070 0.8570
2.6762 0.0100 -0.0080 -0.0110 0.0130 -0.0020 -1.0710 -0.0360 -0.0070 0.0360 -0.0650 0.0070 0.8570
2.6772 0.0100 -0.0080 -0.0110 0.0130 -0.0020 -1.0710 -0.0360 -0.0070 0.0360 -0.0650 0.0070 0.8570
2.6782 0.0100 -0.0080 -0.0110 0.0130 -0.0020 -1.0710 -0.0360 -0.0070 0.0360 -0.0650 0.0070 0.8570
2.6793 0.0100 -0.0080 -0.0110 0.0130 -0.0020 -1.0710 -0.0360 -0.0070 0.0360 -0.0650 0.0070 0.8570
2.6802 0.0100 -0.0080 -0.0110 0.0130 -0.0020 -1.0710 -0.0360 -0.0070 0.0360 -0.0650 0.0070 0.8570
2.6812 0.0100 -0.0080 -0.0110 0.0130 -0.0020 -1.0710 -0.0360 -0.0070 0.0360 -0.0650 0.0070 0.8570
2.6822 0.0100 -0.0080 -0.0110 0.0130 -0.0020 -1.0710 -0.0360 -0.0070 0.0360 -0.0650 0.0070 0.8570
2.6835 0.0100 -0.0080 -0.0110 0.0130 -0.0020 -1.0680 -0.0360 0.0210 0.1240 -0.0650 0.0210 0.9450
2.6842 0.0100 -0.0080 -0.0110 0.0130 -0.0020 -1.0680 -0.0360 0.0210 0.1240 -0.0650 0.0210 0.9450
2.6852 0.0100 -0.0080 -0.0110 0.0130 -0.0020 -1.0680 -0.0360 0.0210 0.1240 -0.0650 0.0210 0.9450
2.6862 0.0100 -0.0080 -0.0110 0.0130 -0.0020 -1.0680 -0.0360 0.0210 0.1240 -0.0650 0.0210 0.9450
2.6872 0.0100 -0.0080 -0.0110 0.0130 -0.0020 -1.0680 -0.0360 0.0210 0.1240 -0.0650 0.0210 0.9450
2.6882 0.0100 -0.0080 -0.0110 0.0130 -0.0020 -1.0680 -0.0360 0.0210 0.1240 -0.0650 0.0210 0.9450
2.6892 0.0100 -0.0080 -0.0110 0.0130 -0.0020 -1.0680 -0.0360 0.0210 0.1240 -0.0650 0.0210 0.9450
2.6902 0.0100 -0.0080 -0.0110 0.0130 -0.0020 -1.0680 -0.0360 0.0210 0.1240 -0.0650 0.0210 0.9450
2.6912 0.0100 -0.0080 -0.0110 0.0130 -0.0020 -1.0680 -0.0360 0.0210 0.1240 -0.0650 0.0210 0.9450
2.6922 0.0100 -0.0080 -0.0110 0.0130 -0.0020 -1.0680 -0.0360 0.0210 0.1240 -0.0650 0.0210 0.9450
2.6932 0.0100 -0.0080 -0.0110 0.0130 -0.0020 -1.0680 -0.0360 0.0210 0.1240 -0.0650 0.0210 0.9450
2.6960 0.0100 -0.0080 -0.0100 0.0120 -0.0020 -1.0660 -0.0360 0.0360 0.0510 -0.1240 0.0210 0.8420
2.6974 0.0100 -0.0080 -0.0100 0.0120 -0.0020 -1.0660 -0.0360 0.0360 0.0510 -0.1240 0.0210 0.8420
2.6975 0.0100 -0.0080 -0.0100 0.0120 -0.0020 -1.0660 -0.0360 0.0360 0.0510 -0.1240 0.0210 0.8420
2.6983 0.0100 -0.0080 -0.0100 0.0120 -0.0020 -1.0660 -0.0360 0.0360 0.0510 -0.1240 0.0210 0.8420
2.6993 0.0100 -0.0080 -0.0100 0.0120 -0.0020 -1.0660 -0.0360 0.0360 0.0510 -0.1240 0.0210 0.8420
2.7003 0.0100 -0.0080 -0.0100 0.0120 -0.0020 -1.0660 -0.0360 0.0360 0.0510 -0.1240 0.0210 0.8420
2.7013 0.0100 -0.0080 -0.0100 0.0120 -0.0020 -1.0660 -0.0360 0.0360 0.0510 -0.1240 0.0210 0.8420
2.7022 0.0100 -0.0080 -0.0100 0.0120 -0.0020 -1.0660 -0.0360 0.0360 0.0510 -0.1240 0.0210 0.8420
2.7032 0.0100 -0.0080 -0.0100 0.0120 -0.0020 -1.0660 -0.0360 0.0360 0.0510 -0.1240 0.0210 0.8420
2.7042 0.0100 -0.0080 -0.0100 0.0120 -0.0020 -1.0660 -0.0360 0.0360 0.0510 -0.1240 0.0210 0.8420
2.7053 0.0100 -0.0080 -0.0100 0.0120 -0.0020 -1.0660 -0.0360 0.0360 0.0510 -0.1240 0.0210 0.8420
2.7063 0.0100 -0.0080 -0.0100 0.0120 -0.0020 -1.0660 -0.0360 0.0360 0.0510 -0.1240 0.0210 0.8420
2.7073 0.0100 -0.0080 -0.0100 0.0120 -0.0020 -1.0660 -0.0360 0.0360 0.0510 -0.1240 0.0210 0.8420
2.7083 0.0100 -0.0080 -0.0100 0.0120 -0.0020 -1.0640 -0.0360 0.0360 0.0210 -0.0800 0.0510 0.8710
2.7093 0.0100 -0.0080 -0.0100 0.0120 -0.0010 -1.0620 -0.0510 0.0360 0.0210 -0.0070 0.0650 0.9150
2.7102 0.0100 -0.0080 -0.0100 0.0120 -0.0010 -1.0620 -0.0510 0.0360 0.0210 -0.0070 0.0650 0.9150
2.7112 0.0100 -0.0080 -0.0100 0.0120 -0.0010 -1.0620 -0.0510 0.0360 0.0210 -0.0070 0.0650 0.9150
2.7123 0.0100 -0.0080 -0.0100 0.0120 -0.0010 -1.0620 -0.0510 0.0360 0.0210 -0.0070 0.0650 0.9150
2.7133 0.0100 -0.0080 -0.0100 0.0120 -0.0010 -1.0620 -0.0510 0.0360 0.0210 -0.0070 0.0650 0.9150
2.7143 0.0100 -0.0080 -0.0100 0.0120 -0.0010 -1.0620 -0.0510 0.0360 0.0210 -0.0070 0.0650 0.9150
2.7152 0.0100 -0.0080 -0.0100 0.0120 -0.0010 -1.0620 -0.0510 0.0360 0.0210 -0.0070 0.0650 0.9150
2.7163 0.0100 -0.0080 -0.0100 0.0120 -0.0010 -1.0620 -0.0510 0.0360 0.0210 -0.0070 0.0650 0.9150
2.7173 0.0100 -0.0080 -0.0100 0.0120 -0.0010 -1.0620 -0.0510 0.0360 0.0210 -0.0070 0.0650 0.9150
2.7183 0.0100 -0.0080 -0.0100 0.0120 -0.0010 -1.0620 -0.0510 0.0360 0.0210 -0.0070 0.0650 0.9150
2.7192 0.0100 -0.0080 -0.0100 0.0120 -0.0010 -1.0620 -0.0510 0.0360 0.0210 -0.0070 0.0650 0.9150
2.7211 0.0100 -0.0080 -0.0100 0.0120 -0.0010 -1.0590 -0.0650 0.0210 0.0510 -0.0070 0.0210 0.8570
2.7222 0.0100 -0.0080 -0.0100 0.0120 -0.0010 -1.0560 -0.0800 0.0210 0.0360 -0.0210 0.0070 0.9300
2.7223 0.0100 -0.0080 -0.0100 0.0120 -0.0010 -1.0560 -0.0800 0.0210 0.0360 -0.0210 0.0070 0.9300
2.7232 0.0100 -0.0080 -0.0100 0.0120 -0.0010 -1.0560 -0.0800 0.0210 0.0360 -0.0210 0.0070 0.9300
2.7243 0.0100 -0.0080 -0.0100 0.0120 -0.0010 -1.0560 -0.0800 0.0210 0.0360 -0.0210 0.0070 0.9300
2.7253 0.0100 -0.0080 -0.0100 0.0120 -0.0010 -1.0560 -0.0800 0.0210 0.0360 -0.0210 0.0070 0.9300
2.7262 0.0100 -0.0080 -0.0100 0.0120 -0.0010 -1.0560 -0.0800 0.0210 0.0360 -0.0210 0.0070 0.9300
2.7273 0.0100 -0.0080 -0.0100 0.0120 -0.0010 -1.0560 -0.0800 0.0210 0.0360 -0.0210 0.0070 0.9300
2.7283 0.0100 -0.0080 -0.0100 0.0120 -0.0010 -1.0560 -0.0800 0.0210 0.0360 -0.0210 0.0070 0.9300
2.7292 0.0100 -0.0080 -0.0100 0.0120 -0.0010 -1.0560 -0.0800 0.0210 0.0360 -0.0210 0.0070 0.9300
2.7303 0.0100 -0.0080 -0.0100 0.0120 -0.0010 -1.0560 -0.0800 0.0210 0.0360 -0.0210 0.0070 0.9300
2.7313 0.0100 -0.0080 -0.0100 0.0120 -0.0010 -1.0560 -0.0800 0.0210 0.0360 -0.0210 0.0070 0.9300
2.7334 0.0100 -0.0080 -0.0100 0.0120 -0.0010 -1.0560 -0.0800 0.0210 0.0360 -0.0210 0.0070 0.9300
2.7336 0.0100 -0.0080 -0.0100 0.0120 -0.0010 -1.0530 -0.0510 0.0070 0.0650 -0.0360 0.0070 0.8570
2.7342 0.0100 -0.0080 -0.0100 0.0120 -0.0010 -1.0530 -0.0510 0.0070 0.0650 -0.0360 0.0070 0.8570
2.7353 0.0100 -0.0080 -0.0100 0.0120 -0.0010 -1.0530 -0.0510 0.0070 0.0650 -0.0360 0.0070 0.8570
2.7363 0.0100 -0.0080 -0.0100 0.0120 -0.0010 -1.0530 -0.0510 0.0070 0.0650 -0.0360 0.0070 0.8570
2.7373 0.0100 -0.0080 -0.0100 0.0120 -0.0010 -1.0530 -0.0510 0.0070 0.0650 -0.0360 0.0070 0.8570
2.7383 0.0100 -0.0080 -0.0100 0.0120 -0.0010 -1.0530 -0.0510 0.0070 0.0650 -0.0360 0.0070 0.8570
2.7393 0.0100 -0.0080 -0.0100 0.0120 -0.0010 -1.0530 -0.0510 0.0070 0.0650 -0.0360 0.0070 0.8570
2.7403 0.0100 -0.0080 -0.0100 0.0120 -0.0010 -1.0530 -0.0510 0.0070 0.0650 -0.0360 0.0070 0.8570
2.7412 0.0100 -0.0080 -0.0100 0.0120 -0.0010 -1.0530 -0.0510 0.0070 0.0650 -0.0360 0.0070 0.8570
2.7422 0.0100 -0.0080 -0.0100 0.0120 -0.0010 -1.0530 -0.0510 0.0070 0.0650 -0.0360 0.0070 0.8570
2.7433 0.0100 -0.0080 -0.0100 0.0120 -0.0010 -1.0530 -0.0510 0.0070 0.0650 -0.0360 0.0070 0.8570
2.7443 0.0100 -0.0080 -0.0100 0.0120 -0.0010 -1.0530 -0.0360 0.0070 0.0650 -0.0360 0.0070 0.8570
2.7453 0.0090 -0.0080 -0.0100 0.0120 -0.0010 -1.0500 -0.0210 0.0070 0.0510 -0.0650 -0.0210 0.9010
2.7462 0.0090 -0.0080 -0.0100 0.0120 -0.0010 -1.0500 -0.0210 0.0070 0.0510 -0.0650 -0.0210 0.9010
2.7477 0.0090 -0.0080 -0.0100 0.0120 -0.0010 -1.0500 -0.0210 0.0070 0.0510 -0.0650 -0.0210 0.9010
2.7482 0.0090 -0.0080 -0.0100 0.0120 -0.0010 -1.0500 -0.0210 0.0070 0.0510 -0.0650 -0.0210 0.9010
2.7494 0.0090 -0.0080 -0.0100 0.0120 -0.0010 -1.0500 -0.0210 0.0070 0.0510 -0.0650 -0.0210 0.9010
2.7503 0.0090 -0.0080 -0.0100 0.0120 -0.0010 -1.0500 -0.0210 0.0070 0.0510 -0.0650 -0.0210 0.9010
2.7513 0.0090 -0.0080 -0.0100 0.0120 -0.0010 -1.0500 -0.0210 0.0070 0.0510 -0.0650 -0.0210 0.9010
2.7523 0.0090 -0.0080 -0.0100 0.0120 -0.0010 -1.0500 -0.0210 0.0070 0.0510 -0.0650 -0.0210 0.9010
2.7532 0.0090 -0.0080 -0.0100 0.0120 -0.0010 -1.0500 -0.0210 0.0070 0.0510 -0.0650 -0.0210 0.9010
2.7543 0.0090 -0.0080 -0.0100 0.0120 -0.0010 -1.0500 -0.0210 0.0070 0.0510 -0.0650 -0.0210 0.9010
2.7552 0.0090 -0.0080 -0.0100 0.0120 -0.0010 -1.0500 -0.0210 0.0070 0.0510 -0.0650 -0.0210 0.9010
2.7563 0.0090 -0.0080 -0.0100 0.0120 -0.0010 -1.0490 -0.0510 0.0070 0.0210 -0.0650 0.0070 0.9300
2.7573 0.0090 -0.0080 -0.0100 0.0120 -0.0010 -1.0460 -0.0360 0.0210 0.0070 -0.1090 -0.0070 0.8710
2.7583 0.0090 -0.0080 -0.0100 0.0120 -0.0010 -1.0460 -0.0360 0.0210 0.0070 -0.1090 -0.0070 0.8710
2.7593 0.0090 -0.0080 -0.0100 0.0120 -0.0010 -1.0460 -0.0360 0.0210 0.0070 -0.1090 -0.0070 0.8710
2.7602 0.0090 -0.0080 -0.0100 0.0120 -0.0010 -1.0460 -0.0360 0.0210 0.0070 -0.1090 -0.0070 0.8710
2.7613 0.0090 -0.0080 -0.0100 0.0120 -0.0010 -1.0460 -0.0360 0.0210 0.0070 -0.1090 -0.0070 0.8710
2.7623 0.0090 -0.0080 -0.0100 0.0120 -0.0010 -1.0460 -0.0360 0.0210 0.0070 -0.1090 -0.0070 0.8710
2.7632 0.0090 -0.0080 -0.0100 0.0120 -0.0010 -1.0460 -0.0360 0.0210 0.0070 -0.1090 -0.0070 0.8710
2.7643 0.0090 -0.0080 -0.0100 0.0120 -0.0010 -1.0460 -0.0360 0.0210 0.0070 -0.1090 -0.0070 0.8710
2.7660 0.0090 -0.0080 -0.0100 0.0120 -0.0010 -1.0460 -0.0360 0.0210 0.0070 -0.1090 -0.0070 0.8710
2.7662 0.0090 -0.0080 -0.0100 0.0120 -0.0010 -1.0460 -0.0360 0.0210 0.0070 -0.1090 -0.0070 0.8710
2.7672 0.0090 -0.0080 -0.0100 0.0120 -0.0010 -1.0460 -0.0360 0.0210 0.0070 -0.1090 -0.0070 0.8710
2.7683 0.0090 -0.0080 -0.0100 0.0120 -0.0010 -1.0460 -0.0360 0.0210 0.0070 -0.1090 -0.0070 0.8710
2.7693 0.0090 -0.0080 -0.0100 0.0120 -0.0010 -1.0460 -0.0360 0.0210 0.0070 -0.1090 -0.0070 0.8710
2.7702 0.0090 -0.0080 -0.0100 0.0120 -0.0010 -1.0460 -0.0360 0.0210 0.0070 -0.1090 -0.0070 0.8710
2.7717 0.0090 -0.0080 -0.0090 0.0120 -0.0010 -1.0450 -0.0510 0.0210 0.0210 -0.0800 -0.0070 0.9010
2.7722 0.0090 -0.0080 -0.0090 0.0120 -0.0010 -1.0430 -0.0510 0.0210 0.0070 -0.0510 -0.0070 0.9150
2.7732 0.0090 -0.0080 -0.0090 0.0120 -0.0010 -1.0430 -0.0510 0.0210 0.0070 -0.0510 -0.0070 0.9150
2.7743 0.0090 -0.0080 -0.0090 0.0120 -0.0010 -1.0430 -0.0510 0.0210 0.0070 -0.0510 -0.0070 0.9150
2.7753 0.0090 -0.0080 -0.0090 0.0120 -0.0010 -1.0430 -0.0510 0.0210 0.0070 -0.0510 -0.0070 0.9150
2.7763 0.0090 -0.0080 -0.0090 0.0120 -0.0010 -1.0430 -0.0510 0.0210 0.0070 -0.0510 -0.0070 0.9150
2.7773 0.0090 -0.0080 -0.0090 0.0120 -0.0010 -1.0430 -0.0510 0.0210 0.0070 -0.0510 -0.0070 0.9150
2.7783 0.0090 -0.0080 -0.0090 0.0120 -0.0010 -1.0430 -0.0510 0.0210 0.0070 -0.0510 -0.0070 0.9150
2.7793 0.0090 -0.0080 -0.0090 0.0120 -0.0010 -1.0430 -0.0510 0.0210 0.0070 -0.0510 -0.0070 0.9150
2.7803 0.0090 -0.0080 -0.0090 0.0120 -0.0010 -1.0430 -0.0510 0.0210 0.0070 -0.0510 -0.0070 0.9150
2.7814 0.0090 -0.0070 -0.0090 0.0120 -0.0010 -1.0430 -0.0510 0.0210 0.0210 -0.0210 -0.0070 0.9150
2.7825 0.0090 -0.0070 -0.0090 0.0120 -0.0010 -1.0400 -0.0510 0.0360 0.0950 -0.0070 -0.0070 0.8570
2.7832 0.0090 -0.0070 -0.0090 0.0120 -0.0010 -1.0380 -0.0510 0.0360 0.0950 -0.0070 -0.0070 0.8420
2.7842 0.0090 -0.0070 -0.0090 0.0120 -0.0010 -1.0380 -0.0510 0.0360 0.0950 -0.0070 -0.0070 0.8420
2.7854 0.0090 -0.0070 -0.0090 0.0120 -0.0010 -1.0380 -0.0510 0.0360 0.0950 -0.0070 -0.0070 0.8420
2.7863 0.0090 -0.0070 -0.0090 0.0120 -0.0010 -1.0380 -0.0510 0.0360 0.0950 -0.0070 -0.0070 0.8420
2.7873 0.0090 -0.0070 -0.0090 0.0120 -0.0010 -1.0380 -0.0510 0.0360 0.0950 -0.0070 -0.0070 0.8420
2.7882 0.0090 -0.0070 -0.0090 0.0120 -0.0010 -1.0380 -0.0510 0.0360 0.0950 -0.0070 -0.0070 0.8420
2.7892 0.0090 -0.0070 -0.0090 0.0120 -0.0010 -1.0380 -0.0510 0.0360 0.0950 -0.0070 -0.0070 0.8420
2.7903 0.0090 -0.0070 -0.0090 0.0120 -0.0010 -1.0380 -0.0510 0.0360 0.0950 -0.0070 -0.0070 0.8420
2.7913 0.0090 -0.0070 -0.0090 0.0120 -0.0010 -1.0380 -0.0510 0.0360 0.0950 -0.0070 -0.0070 0.8420
2.7922 0.0090 -0.0070 -0.0090 0.0120 -0.0010 -1.0380 -0.0510 0.0360 0.0950 -0.0070 -0.0070 0.8420
2.7933 0.0090 -0.0070 -0.0090 0.0120 -0.0010 -1.0380 -0.0510 0.0360 0.0950 -0.0070 -0.0070 0.8420
2.7951 0.0090 -0.0070 -0.0090 0.0120 -0.0010 -1.0350 -0.0510 0.0650 0.0510 -0.0360 -0.0070 0.9300
2.7952 0.0090 -0.0070 -0.0090 0.0120 -0.0010 -1.0350 -0.0510 0.0650 0.0510 -0.0360 -0.0070 0.9300
2.7962 0.0090 -0.0070 -0.0090 0.0120 -0.0010 -1.0350 -0.0510 0.0650 0.0510 -0.0360 -0.0070 0.9300
2.7972 0.0090 -0.0070 -0.0090 0.0120 -0.0010 -1.0350 -0.0510 0.0650 0.0510 -0.0360 -0.0070 0.9300
2.7983 0.0090 -0.0070 -0.0090 0.0120 -0.0010 -1.0350 -0.0510 0.0650 0.0510 -0.0360 -0.0070 0.9300
2.7993 0.0090 -0.0070 -0.0090 0.0120 -0.0010 -1.0350 -0.0510 0.0650 0.0510 -0.0360 -0.0070 0.9300
2.8003 0.0090 -0.0070 -0.0090 0.0120 -0.0010 -1.0350 -0.0510 0.0650 0.0510 -0.0360 -0.0070 0.9300
2.8013 0.0090 -0.0070 -0.0090 0.0120 -0.0010 -1.0350 -0.0510 0.0650 0.0510 -0.0360 -0.0070 0.9300
2.8023 0.0090 -0.0070 -0.0090 0.0120 -0.0010 -1.0350 -0.0510 0.0650 0.0510 -0.0360 -0.0070 0.9300
2.8032 0.0090 -0.0070 -0.0090 0.0120 -0.0010 -1.0350 -0.0510 0.0650 0.0510 -0.0360 -0.0070 0.9300
2.8042 0.0090 -0.0070 -0.0090 0.0120 -0.0010 -1.0350 -0.0510 0.0650 0.0510 -0.0360 -0.0070 0.9300
2.8060 0.0090 -0.0070 -0.0090 0.0120 -0.0010 -1.0350 -0.0510 0.0650 0.0510 -0.0360 -0.0070 0.9300
2.8064 0.0080 -0.0070 -0.0090 0.0110 -0.0010 -1.0320 -0.0210 0.0650 -0.0070 -0.0210 0.0070 0.8570
2.8072 0.0080 -0.0070 -0.0090 0.0110 -0.0010 -1.0320 -0.0210 0.0650 -0.0070 -0.0210 0.0070 0.8570
2.8083 0.0080 -0.0070 -0.0090 0.0110 -0.0010 -1.0320 -0.0210 0.0650 -0.0070 -0.0210 0.0070 0.8570
2.8092 0.0080 -0.0070 -0.0090 0.0110 -0.0010 -1.0320 -0.0210 0.0650 -0.0070 -0.0210 0.0070 0.8570
2.8102 0.0080 -0.0070 -0.0090 0.0110 -0.0010 -1.0320 -0.0210 0.0650 -0.0070 -0.0210 0.0070 0.8570
2.8113 0.0080 -0.0070 -0.0090 0.0110 -0.0010 -1.0320 -0.0210 0.0650 -0.0070 -0.0210 0.0070 0.8570
2.8123 0.0080 -0.0070 -0.0090 0.0110 -0.0010 -1.0320 -0.0210 0.0650 -0.0070 -0.0210 0.0070 0.8570
2.8133 0.0080 -0.0070 -0.0090 0.0110 -0.0010 -1.0320 -0.0210 0.0650 -0.0070 -0.0210 0.0070 0.8570
2.8142 0.0080 -0.0070 -0.0090 0.0110 -0.0010 -1.0320 -0.0210 0.0650 -0.0070 -0.0210 0.0070 0.8570
2.8152 0.0080 -0.0070 -0.0090 0.0110 -0.0010 -1.0320 -0.0210 0.0650 -0.0070 -0.0210 0.0070 0.8570
2.8173 0.0080 -0.0070 -0.0090 0.0110 -0.0010 -1.0320 -0.0210 0.0650 -0.0070 -0.0210 0.0070 0.8570
2.8176 0.0080 -0.0070 -0.0080 0.0110 -0.0010 -1.0280 -0.0510 0.0070 0.0360 -0.0360 0.0070 0.8860
2.8182 0.0080 -0.0070 -0.0080 0.0110 -0.0010 -1.0280 -0.0510 0.0070 0.0360 -0.0360 0.0070 0.8860
2.8192 0.0080 -0.0070 -0.0080 0.0110 -0.0010 -1.0280 -0.0510 0.0070 0.0360 -0.0360 0.0070 0.8860
2.8203 0.0080 -0.0070 -0.0080 0.0110 -0.0010 -1.0280 -0.0510 0.0070 0.0360 -0.0360 0.0070 0.8860
2.8213 0.0080 -0.0070 -0.0080 0.0110 -0.0010 -1.0280 -0.0510 0.0070 0.0360 -0.0360 0.0070 0.8860
2.8223 0.0080 -0.0070 -0.0080 0.0110 -0.0010 -1.0280 -0.0510 0.0070 0.0360 -0.0360 0.0070 0.8860
2.8232 0.0080 -0.0070 -0.0080 0.0110 -0.0010 -1.0280 -0.0510 0.0070 0.0360 -0.0360 0.0070 0.8860
2.8243 0.0080 -0.0070 -0.0080 0.0110 -0.0010 -1.0280 -0.0510 0.0070 0.0360 -0.0360 0.0070 0.8860
2.8253 0.0080 -0.0070 -0.0080 0.0110 -0.0010 -1.0280 -0.0510 0.0070 0.0360 -0.0360 0.0070 0.8860
2.8263 0.0080 -0.0070 -0.0080 0.0110 -0.0010 -1.0280 -0.0510 0.0070 0.0360 -0.0360 0.0070 0.8860
2.8313 0.0080 -0.0070 -0.0080 0.0110 -0.0010 -1.0280 -0.0510 0.0070 0.0360 -0.0360 0.0070 0.8860
2.8315 0.0080 -0.0070 -0.0080 0.0110 -0.0010 -1.0250 -0.0360 0.0070 0.0360 -0.0510 -0.0070 0.8570
2.8325 0.0080 -0.0070 -0.0080 0.0110 -0.0010 -1.0250 -0.0360 0.0070 0.0360 -0.0510 -0.0070 0.8570
2.8335 0.0080 -0.0070 -0.0080 0.0110 -0.0010 -1.0250 -0.0360 0.0070 0.0360 -0.0510 -0.0070 0.8570
2.8345 0.0080 -0.0070 -0.0080 0.0110 -0.0010 -1.0250 -0.0360 0.0070 0.0360 -0.0510 -0.0070 0.8570
2.8355 0.0080 -0.0070 -0.0080 0.0110 -0.0010 -1.0250 -0.0360 0.0070 0.0360 -0.0510 -0.0070 0.8570
2.8366 0.0080 -0.0070 -0.0080 0.0110 -0.0010 -1.0250 -0.0360 0.0070 0.0360 -0.0510 -0.0070 0.8570
2.8375 0.0080 -0.0070 -0.0080 0.0110 -0.0010 -1.0250 -0.0360 0.0070 0.0360 -0.0510 -0.0070 0.8570
2.8386 0.0080 -0.0070 -0.0080 0.0110 -0.0010 -1.0250 -0.0360 0.0070 0.0360 -0.0510 -0.0070 0.8570
2.8406 0.0080 -0.0070 -0.0080 0.0110 -0.0010 -1.0250 -0.0360 0.0070 0.0360 -0.0510 -0.0070 0.8570
2.8408 0.0080 -0.0070 -0.0080 0.0110 -0.0010 -1.0230 -0.0360 0.0070 0.0360 -0.0510 -0.0070 0.9300
2.8415 0.0080 -0.0070 -0.0080 0.0110 -0.0010 -1.0220 -0.0360 0.0070 0.0360 -0.0650 -0.0070 0.9300
2.8425 0.0080 -0.0070 -0.0080 0.0110 -0.0010 -1.0220 -0.0360 0.0070 0.0360 -0.0650 -0.0070 0.9300
2.8435 0.0080 -0.0070 -0.0080 0.0110 -0.0010 -1.0220 -0.0360 0.0070 0.0360 -0.0650 -0.0070 0.9300
2.8446 0.0080 -0.0070 -0.0080 0.0110 -0.0010 -1.0220 -0.0360 0.0070 0.0360 -0.0650 -0.0070 0.9300
2.8455 0.0080 -0.0070 -0.0080 0.0110 -0.0010 -1.0220 -0.0360 0.0070 0.0360 -0.0650 -0.0070 0.9300
2.8466 0.0080 -0.0070 -0.0080 0.0110 -0.0010 -1.0220 -0.0360 0.0070 0.0360 -0.0650 -0.0070 0.9300
2.8475 0.0080 -0.0070 -0.0080 0.0110 -0.0010 -1.0220 -0.0360 0.0070 0.0360 -0.0650 -0.0070 0.9300
2.8485 0.0080 -0.0070 -0.0080 0.0110 -0.0010 -1.0220 -0.0360 0.0070 0.0360 -0.0650 -0.0070 0.9300
2.8495 0.0080 -0.0070 -0.0080 0.0110 -0.0010 -1.0220 -0.0360 0.0070 0.0360 -0.0650 -0.0070 0.9300
2.8505 0.0080 -0.0070 -0.0080 0.0110 -0.0010 -1.0220 -0.0360 0.0070 0.0360 -0.0650 -0.0070 0.9300
2.8515 0.0080 -0.0070 -0.0080 0.0110 -0.0010 -1.0220 -0.0360 0.0070 0.0360 -0.0650 -0.0070 0.9300
2.8525 0.0080 -0.0070 -0.0080 0.0110 -0.0010 -1.0220 -0.0360 0.0070 0.0360 -0.0650 -0.0070 0.9300
2.8535 0.0080 -0.0070 -0.0080 0.0100 -0.0010 -1.0170 -0.0360 0.0070 0.0360 -0.0950 -0.0070 0.9150
2.8545 0.0080 -0.0070 -0.0080 0.0100 -0.0010 -1.0170 -0.0360 0.0070 0.0360 -0.0950 -0.0070 0.9150
2.8555 0.0080 -0.0070 -0.0080 0.0100 -0.0010 -1.0170 -0.0360 0.0070 0.0360 -0.0950 -0.0070 0.9150
2.8566 0.0080 -0.0070 -0.0080 0.0100 -0.0010 -1.0170 -0.0360 0.0070 0.0360 -0.0950 -0.0070 0.9150
2.8575 0.0080 -0.0070 -0.0080 0.0100 -0.0010 -1.0170 -0.0360 0.0070 0.0360 -0.0950 -0.0070 0.9150
2.8586 0.0080 -0.0070 -0.0080 0.0100 -0.0010 -1.0170 -0.0360 0.0070 0.0360 -0.0950 -0.0070 0.9150
2.8596 0.0080 -0.0070 -0.0080 0.0100 -0.0010 -1.0170 -0.0360 0.0070 0.0360 -0.0950 -0.0070 0.9150
2.8605 0.0080 -0.0070 -0.0080 0.0100 -0.0010 -1.0170 -0.0360 0.0070 0.0360 -0.0950 -0.0070 0.9150
2.8615 0.0080 -0.0070 -0.0080 0.0100 -0.0010 -1.0170 -0.0360 0.0070 0.0360 -0.0950 -0.0070 0.9150
2.8625 0.0080 -0.0070 -0.0080 0.0100 -0.0010 -1.0170 -0.0360 0.0070 0.0360 -0.0950 -0.0070 0.9150
2.8635 0.0080 -0.0070 -0.0080 0.0100 -0.0010 -1.0170 -0.0360 0.0070 0.0360 -0.0950 -0.0070 0.9150
2.8645 0.0080 -0.0070 -0.0080 0.0100 -0.0010 -1.0170 -0.0360 0.0070 0.0360 -0.0950 -0.0070 0.9150
2.8655 0.0080 -0.0070 -0.0080 0.0100 -0.0010 -1.0160 -0.0650 0.0070 0.0210 -0.0210 0.0070 0.9300
2.8665 0.0080 -0.0070 -0.0080 0.0100 -0.0010 -1.0160 -0.0650 0.0070 0.0210 -0.0210 0.0070 0.9300
2.8675 0.0080 -0.0070 -0.0080 0.0100 -0.0010 -1.0160 -0.0650 0.0070 0.0210 -0.0210 0.0070 0.9300
2.8686 0.0080 -0.0070 -0.0080 0.0100 -0.0010 -1.0160 -0.0650 0.0070 0.0210 -0.0210 0.0070 0.9300
2.8695 0.0080 -0.0070 -0.0080 0.0100 -0.0010 -1.0160 -0.0650 0.0070 0.0210 -0.0210 0.0070 0.9300
2.8705 0.0080 -0.0070 -0.0080 0.0100 -0.0010 -1.0160 -0.0650 0.0070 0.0210 -0.0210 0.0070 0.9300
2.8716 0.0080 -0.0070 -0.0080 0.0100 -0.0010 -1.0160 -0.0650 0.0070 0.0210 -0.0210 0.0070 0.9300
2.8725 0.0080 -0.0070 -0.0080 0.0100 -0.0010 -1.0160 -0.0650 0.0070 0.0210 -0.0210 0.0070 0.9300
2.8735 0.0080 -0.0070 -0.0080 0.0100 -0.0010 -1.0160 -0.0650 0.0070 0.0210 -0.0210 0.0070 0.9300
2.8745 0.0080 -0.0070 -0.0080 0.0100 -0.0010 -1.0160 -0.0650 0.0070 0.0210 -0.0210 0.0070 0.9300
2.8757 0.0080 -0.0070 -0.0080 0.0100 -0.0010 -1.0160 -0.0650 0.0070 0.0210 -0.0210 0.0070 0.9300
2.8769 0.0080 -0.0070 -0.0080 0.0100 -0.0010 -1.0130 -0.0510 0.0070 0.0070 -0.0210 -0.0070 0.8710
2.8778 0.0080 -0.0070 -0.0080 0.0100 -0.0010 -1.0110 -0.0650 0.0070 0.0210 -0.0360 -0.0210 0.8860
2.8785 0.0080 -0.0070 -0.0080 0.0100 -0.0010 -1.0110 -0.0650 0.0070 0.0210 -0.0360 -0.0210 0.8860
2.8795 0.0080 -0.0070 -0.0080 0.0100 -0.0010 -1.0110 -0.0650 0.0070 0.0210 -0.0360 -0.0210 0.8860
2.8805 0.0080 -0.0070 -0.0080 0.0100 -0.0010 -1.0110 -0.0650 0.0070 0.0210 -0.0360 -0.0210 0.8860
2.8815 0.0080 -0.0070 -0.0080 0.0100 -0.0010 -1.0110 -0.0650 0.0070 0.0210 -0.0360 -0.0210 0.8860
2.8825 0.0080 -0.0070 -0.0080 0.0100 -0.0010 -1.0110 -0.0650 0.0070 0.0210 -0.0360 -0.0210 0.8860
2.8835 0.0080 -0.0070 -0.0080 0.0100 -0.0010 -1.0110 -0.0650 0.0070 0.0210 -0.0360 -0.0210 0.8860
2.8845 0.0080 -0.0070 -0.0080 0.0100 -0.0010 -1.0110 -0.0650 0.0070 0.0210 -0.0360 -0.0210 0.8860
2.8855 0.0080 -0.0070 -0.0080 0.0100 -0.0010 -1.0110 -0.0650 0.0070 0.0210 -0.0360 -0.0210 0.8860
2.8865 0.0080 -0.0070 -0.0080 0.0100 -0.0010 -1.0110 -0.0650 0.0070 0.0210 -0.0360 -0.0210 0.8860
2.8876 0.0080 -0.0070 -0.0080 0.0100 -0.0010 -1.0110 -0.0650 0.0070 0.0210 -0.0360 -0.0210 0.8860
2.8891 0.0080 -0.0070 -0.0080 0.0100 -0.0010 -1.0110 -0.0650 0.0070 0.0210 -0.0360 -0.0210 0.8860
2.8895 0.0080 -0.0060 -0.0080 0.0100 -0.0010 -1.0070 -0.0360 0.0070 0.0070 -0.0510 -0.0070 0.8570
2.8905 0.0080 -0.0060 -0.0080 0.0100 -0.0010 -1.0070 -0.0360 0.0070 0.0070 -0.0510 -0.0070 0.8570
2.8915 0.0080 -0.0060 -0.0080 0.0100 -0.0010 -1.0070 -0.0360 0.0070 0.0070 -0.0510 -0.0070 0.8570
2.8925 0.0080 -0.0060 -0.0080 0.0100 -0.0010 -1.0070 -0.0360 0.0070 0.0070 -0.0510 -0.0070 0.8570
2.8935 0.0080 -0.0060 -0.0080 0.0100 -0.0010 -1.0070 -0.0360 0.0070 0.0070 -0.0510 -0.0070 0.8570
2.8946 0.0080 -0.0060 -0.0080 0.0100 -0.0010 -1.0070 -0.0360 0.0070 0.0070 -0.0510 -0.0070 0.8570
2.8956 0.0080 -0.0060 -0.0080 0.0100 -0.0010 -1.0070 -0.0360 0.0070 0.0070 -0.0510 -0.0070 0.8570
2.8965 0.0080 -0.0060 -0.0080 0.0100 -0.0010 -1.0070 -0.0360 0.0070 0.0070 -0.0510 -0.0070 0.8570
2.8975 0.0080 -0.0060 -0.0080 0.0100 -0.0010 -1.0070 -0.0360 0.0070 0.0070 -0.0510 -0.0070 0.8570
2.8985 0.0080 -0.0060 -0.0080 0.0100 -0.0010 -1.0070 -0.0360 0.0070 0.0070 -0.0510 -0.0070 0.8570
2.9006 0.0070 -0.0060 -0.0080 0.0100 -0.0010 -1.0060 -0.0210 0.0210 0.0210 -0.0800 0.0070 0.8710
2.9015 0.0070 -0.0060 -0.0080 0.0100 -0.0010 -1.0040 -0.0360 0.0210 0.0070 -0.0800 -0.0070 0.9010
2.9018 0.0070 -0.0060 -0.0080 0.0100 -0.0010 -1.0040 -0.0360 0.0210 0.0070 -0.0800 -0.0070 0.9010
2.9025 0.0070 -0.0060 -0.0080 0.0100 -0.0010 -1.0040 -0.0360 0.0210 0.0070 -0.0800 -0.0070 0.9010
2.9035 0.0070 -0.0060 -0.0080 0.0100 -0.0010 -1.0040 -0.0360 0.0210 0.0070 -0.0800 -0.0070 0.9010
2.9045 0.0070 -0.0060 -0.0080 0.0100 -0.0010 -1.0040 -0.0360 0.0210 0.0070 -0.0800 -0.0070 0.9010
2.9055 0.0070 -0.0060 -0.0080 0.0100 -0.0010 -1.0040 -0.0360 0.0210 0.0070 -0.0800 -0.0070 0.9010
2.9065 0.0070 -0.0060 -0.0080 0.0100 -0.0010 -1.0040 -0.0360 0.0210 0.0070 -0.0800 -0.0070 0.9010
2.9075 0.0070 -0.0060 -0.0080 0.0100 -0.0010 -1.0040 -0.0360 0.0210 0.0070 -0.0800 -0.0070 0.9010
2.9085 0.0070 -0.0060 -0.0080 0.0100 -0.0010 -1.0040 -0.0360 0.0210 0.0070 -0.0800 -0.0070 0.9010
2.9095 0.0070 -0.0060 -0.0080 0.0100 -0.0010 -1.0040 -0.0360 0.0210 0.0070 -0.0800 -0.0070 0.9010
2.9106 0.0070 -0.0060 -0.0080 0.0100 -0.0010 -1.0040 -0.0360 0.0210 0.0070 -0.0800 -0.0070 0.9010
2.9120 0.0070 -0.0060 -0.0080 0.0100 -0.0010 -1.0010 -0.0510 0.0210 0.0070 -0.0950 0.0070 0.8860
2.9125 0.0070 -0.0060 -0.0070 0.0100 -0.0010 -1.0010 -0.0510 0.0210 0.0210 -0.0650 0.0070 0.8860
2.9135 0.0070 -0.0060 -0.0070 0.0100 -0.0010 -1.0010 -0.0510 0.0210 0.0210 -0.0650 0.0070 0.8860
2.9145 0.0070 -0.0060 -0.0070 0.0100 -0.0010 -1.0010 -0.0510 0.0210 0.0210 -0.0650 0.0070 0.8860
2.9155 0.0070 -0.0060 -0.0070 0.0100 -0.0010 -1.0010 -0.0510 0.0210 0.0210 -0.0650 0.0070 0.8860
2.9165 0.0070 -0.0060 -0.0070 0.0100 -0.0010 -1.0010 -0.0510 0.0210 0.0210 -0.0650 0.0070 0.8860
2.9175 0.0070 -0.0060 -0.0070 0.0100 -0.0010 -1.0010 -0.0510 0.0210 0.0210 -0.0650 0.0070 0.8860
2.9186 0.0070 -0.0060 -0.0070 0.0100 -0.0010 -1.0010 -0.0510 0.0210 0.0210 -0.0650 0.0070 0.8860
2.9195 0.0070 -0.0060 -0.0070 0.0100 -0.0010 -1.0010 -0.0510 0.0210 0.0210 -0.0650 0.0070 0.8860
2.9205 0.0070 -0.0060 -0.0070 0.0100 -0.0010 -1.0010 -0.0510 0.0210 0.0210 -0.0650 0.0070 0.8860
2.9215 0.0070 -0.0060 -0.0070 0.0100 -0.0010 -1.0010 -0.0510 0.0210 0.0210 -0.0650 0.0070 0.8860
2.9226 0.0070 -0.0060 -0.0070 0.0100 -0.0010 -1.0010 -0.0510 0.0210 0.0210 -0.0650 0.0070 0.8860
2.9236 0.0070 -0.0060 -0.0070 0.0100 -0.0010 -1.0010 -0.0510 0.0210 0.0210 -0.0650 0.0070 0.8860
2.9245 0.0070 -0.0060 -0.0070 0.0100 -0.0010 -1.0000 -0.0510 0.0070 0.0210 -0.0360 -0.0210 0.8710
2.9255 0.0070 -0.0060 -0.0070 0.0100 -0.0010 -0.9960 -0.0650 0.0210 0.0510 -0.0070 -0.0070 0.9010
2.9265 0.0070 -0.0060 -0.0070 0.0100 -0.0010 -0.9960 -0.0650 0.0210 0.0510 -0.0070 -0.0070 0.9010
2.9275 0.0070 -0.0060 -0.0070 0.0100 -0.0010 -0.9960 -0.0650 0.0210 0.0510 -0.0070 -0.0070 0.9010
2.9285 0.0070 -0.0060 -0.0070 0.0100 -0.0010 -0.9960 -0.0650 0.0210 0.0510 -0.0070 -0.0070 0.9010
2.9295 0.0070 -0.0060 -0.0070 0.0100 -0.0010 -0.9960 -0.0650 0.0210 0.0510 -0.0070 -0.0070 0.9010
2.9305 0.0070 -0.0060 -0.0070 0.0100 -0.0010 -0.9960 -0.0650 0.0210 0.0510 -0.0070 -0.0070 0.9010
2.9315 0.0070 -0.0060 -0.0070 0.0100 -0.0010 -0.9960 -0.0650 0.0210 0.0510 -0.0070 -0.0070 0.9010
2.9325 0.0070 -0.0060 -0.0070 0.0100 -0.0010 -0.9960 -0.0650 0.0210 0.0510 -0.0070 -0.0070 0.9010
2.9335 0.0070 -0.0060 -0.0070 0.0100 -0.0010 -0.9960 -0.0650 0.0210 0.0510 -0.0070 -0.0070 0.9010
2.9345 0.0070 -0.0060 -0.0070 0.0100 -0.0010 -0.9960 -0.0650 0.0210 0.0510 -0.0070 -0.0070 0.9010
2.9356 0.0070 -0.0060 -0.0070 0.0100 -0.0010 -0.9960 -0.0650 0.0210 0.0510 -0.0070 -0.0070 0.9010
2.9366 0.0070 -0.0060 -0.0070 0.0090 -0.0010 -0.9930 -0.0510 0.0210 0.0800 -0.0210 -0.0070 0.8570
2.9375 0.0070 -0.0060 -0.0070 0.0090 -0.0010 -0.9930 -0.0510 0.0210 0.0800 -0.0210 -0.0070 0.8570
2.9385 0.0070 -0.0060 -0.0070 0.0090 -0.0010 -0.9930 -0.0510 0.0210 0.0800 -0.0210 -0.0070 0.8570
2.9395 0.0070 -0.0060 -0.0070 0.0090 -0.0010 -0.9930 -0.0510 0.0210 0.0800 -0.0210 -0.0070 0.8570
2.9405 0.0070 -0.0060 -0.0070 0.0090 -0.0010 -0.9930 -0.0510 0.0210 0.0800 -0.0210 -0.0070 0.8570
2.9415 0.0070 -0.0060 -0.0070 0.0090 -0.0010 -0.9930 -0.0510 0.0210 0.0800 -0.0210 -0.0070 0.8570
2.9425 0.0070 -0.0060 -0.0070 0.0090 -0.0010 -0.9930 -0.0510 0.0210 0.0800 -0.0210 -0.0070 0.8570
2.9436 0.0070 -0.0060 -0.0070 0.0090 -0.0010 -0.9930 -0.0510 0.0210 0.0800 -0.0210 -0.0070 0.8570
2.9446 0.0070 -0.0060 -0.0070 0.0090 -0.0010 -0.9930 -0.0510 0.0210 0.0800 -0.0210 -0.0070 0.8570
2.9455 0.0070 -0.0060 -0.0070 0.0090 -0.0010 -0.9930 -0.0510 0.0210 0.0800 -0.0210 -0.0070 0.8570
2.9465 0.0070 -0.0060 -0.0070 0.0090 -0.0010 -0.9930 -0.0510 0.0210 0.0800 -0.0210 -0.0070 0.8570
2.9475 0.0070 -0.0060 -0.0070 0.0090 -0.0010 -0.9930 -0.0510 0.0070 0.0360 -0.0360 -0.0070 0.8570
2.9485 0.0070 -0.0060 -0.0070 0.0090 -0.0010 -0.9920 -0.0510 0.0070 0.0210 -0.0360 -0.0070 0.8860
2.9501 0.0070 -0.0060 -0.0070 0.0090 -0.0010 -0.9900 -0.0360 0.0070 0.0210 -0.0360 -0.0070 0.9300
2.9505 0.0070 -0.0060 -0.0070 0.0090 -0.0010 -0.9900 -0.0360 0.0070 0.0070 -0.0510 0.0070 0.9300
2.9515 0.0070 -0.0060 -0.0070 0.0090 -0.0010 -0.9900 -0.0360 0.0070 0.0070 -0.0510 0.0070 0.9300
2.9525 0.0070 -0.0060 -0.0070 0.0090 -0.0010 -0.9900 -0.0360 0.0070 0.0070 -0.0510 0.0070 0.9300
2.9535 0.0070 -0.0060 -0.0070 0.0090 -0.0010 -0.9900 -0.0360 0.0070 0.0070 -0.0510 0.0070 0.9300
2.9546 0.0070 -0.0060 -0.0070 0.0090 -0.0010 -0.9900 -0.0360 0.0070 0.0070 -0.0510 0.0070 0.9300
2.9555 0.0070 -0.0060 -0.0070 0.0090 -0.0010 -0.9900 -0.0360 0.0070 0.0070 -0.0510 0.0070 0.9300
2.9565 0.0070 -0.0060 -0.0070 0.0090 -0.0010 -0.9900 -0.0360 0.0070 0.0070 -0.0510 0.0070 0.9300
2.9575 0.0070 -0.0060 -0.0070 0.0090 -0.0010 -0.9900 -0.0360 0.0070 0.0070 -0.0510 0.0070 0.9300
2.9585 0.0070 -0.0060 -0.0070 0.0090 -0.0010 -0.9900 -0.0360 0.0070 0.0070 -0.0510 0.0070 0.9300
2.9595 0.0070 -0.0060 -0.0070 0.0090 -0.0010 -0.9900 -0.0360 0.0070 0.0070 -0.0510 0.0070 0.9300
2.9605 0.0070 -0.0060 -0.0070 0.0090 -0.0010 -0.9890 -0.0210 0.0070 0.0070 -0.0510 0.0070 0.9150
2.9618 0.0070 -0.0060 -0.0070 0.0090 -0.0010 -0.9860 -0.0360 0.0070 -0.0070 -0.1090 -0.0070 0.8570
2.9651 0.0070 -0.0060 -0.0070 0.0090 -0.0010 -0.9860 -0.0360 0.0070 -0.0070 -0.1090 -0.0070 0.8570
2.9653 0.0070 -0.0060 -0.0070 0.0090 -0.0010 -0.9860 -0.0360 0.0070 -0.0070 -0.1090 -0.0070 0.8570
2.9663 0.0070 -0.0060 -0.0070 0.0090 -0.0010 -0.9860 -0.0360 0.0070 -0.0070 -0.1090 -0.0070 0.8570
2.9673 0.0070 -0.0060 -0.0070 0.0090 -0.0010 -0.9860 -0.0360 0.0070 -0.0070 -0.1090 -0.0070 0.8570
2.9683 0.0070 -0.0060 -0.0070 0.0090 -0.0010 -0.9860 -0.0360 0.0070 -0.0070 -0.1090 -0.0070 0.8570
2.9693 0.0070 -0.0060 -0.0070 0.0090 -0.0010 -0.9860 -0.0360 0.0070 -0.0070 -0.1090 -0.0070 0.8570
2.9703 0.0070 -0.0060 -0.0070 0.0090 -0.0010 -0.9860 -0.0360 0.0070 -0.0070 -0.1090 -0.0070 0.8570
2.9713 0.0070 -0.0060 -0.0070 0.0090 -0.0010 -0.9860 -0.0360 0.0070 -0.0070 -0.1090 -0.0070 0.8570
2.9723 0.0070 -0.0060 -0.0070 0.0090 -0.0010 -0.9860 -0.0360 0.0070 -0.0070 -0.1090 -0.0070 0.8570
2.9735 0.0070 -0.0060 -0.0070 0.0080 -0.0010 -0.9830 -0.0210 0.0070 -0.0070 -0.1390 -0.0070 0.9300
2.9743 0.0070 -0.0060 -0.0070 0.0080 -0.0010 -0.9830 -0.0210 -0.0070 0.0070 -0.0800 0.0070 0.9300
2.9753 0.0070 -0.0060 -0.0070 0.0080 -0.0010 -0.9830 -0.0210 -0.0070 0.0070 -0.0800 0.0070 0.9300
2.9763 0.0070 -0.0060 -0.0070 0.0080 -0.0010 -0.9830 -0.0210 -0.0070 0.0070 -0.0800 0.0070 0.9300
2.9773 0.0070 -0.0060 -0.0070 0.0080 -0.0010 -0.9830 -0.0210 -0.0070 0.0070 -0.0800 0.0070 0.9300
2.9783 0.0070 -0.0060 -0.0070 0.0080 -0.0010 -0.9830 -0.0210 -0.0070 0.0070 -0.0800 0.0070 0.9300
2.9793 0.0070 -0.0060 -0.0070 0.0080 -0.0010 -0.9830 -0.0210 -0.0070 0.0070 -0.0800 0.0070 0.9300
2.9803 0.0070 -0.0060 -0.0070 0.0080 -0.0010 -0.9830 -0.0210 -0.0070 0.0070 -0.0800 0.0070 0.9300
2.9813 0.0070 -0.0060 -0.0070 0.0080 -0.0010 -0.9830 -0.0210 -0.0070 0.0070 -0.0800 0.0070 0.9300
2.9823 0.0070 -0.0060 -0.0070 0.0080 -0.0010 -0.9830 -0.0210 -0.0070 0.0070 -0.0800 0.0070 0.9300
2.9833 0.0070 -0.0060 -0.0070 0.0080 -0.0010 -0.9830 -0.0210 -0.0070 0.0070 -0.0800 0.0070 0.9300
2.9844 0.0070 -0.0060 -0.0070 0.0080 -0.0010 -0.9830 -0.0210 -0.0070 0.0070 -0.0800 0.0070 0.9300
2.9853 0.0070 -0.0060 -0.0070 0.0080 -0.0010 -0.9810 -0.0210 0.0070 0.0070 -0.0950 -0.0210 0.8710
2.9863 0.0070 -0.0060 -0.0070 0.0080 -0.0010 -0.9800 -0.0210 0.0070 0.0070 -0.1240 -0.0070 0.8570
2.9873 0.0070 -0.0060 -0.0070 0.0080 -0.0010 -0.9800 -0.0210 0.0070 0.0070 -0.1240 -0.0070 0.8570
2.9883 0.0070 -0.0060 -0.0070 0.0080 -0.0010 -0.9800 -0.0210 0.0070 0.0070 -0.1240 -0.0070 0.8570
2.9893 0.0070 -0.0060 -0.0070 0.0080 -0.0010 -0.9800 -0.0210 0.0070 0.0070 -0.1240 -0.0070 0.8570
2.9903 0.0070 -0.0060 -0.0070 0.0080 -0.0010 -0.9800 -0.0210 0.0070 0.0070 -0.1240 -0.0070 0.8570
2.9913 0.0070 -0.0060 -0.0070 0.0080 -0.0010 -0.9800 -0.0210 0.0070 0.0070 -0.1240 -0.0070 0.8570
2.9923 0.0070 -0.0060 -0.0070 0.0080 -0.0010 -0.9800 -0.0210 0.0070 0.0070 -0.1240 -0.0070 0.8570
2.9933 0.0070 -0.0060 -0.0070 0.0080 -0.0010 -0.9800 -0.0210 0.0070 0.0070 -0.1240 -0.0070 0.8570
2.9943 0.0070 -0.0060 -0.0070 0.0080 -0.0010 -0.9800 -0.0210 0.0070 0.0070 -0.1240 -0.0070 0.8570
2.9953 0.0070 -0.0060 -0.0070 0.0080 -0.0010 -0.9800 -0.0210 0.0070 0.0070 -0.1240 -0.0070 0.8570
2.9964 0.0070 -0.0060 -0.0070 0.0080 -0.0010 -0.9780 -0.0210 0.0070 -0.0070 -0.1240 -0.0070 0.9010
2.9973 0.0070 -0.0060 -0.0070 0.0080 -0.0010 -0.9760 -0.0360 0.0210 -0.0070 -0.0650 0.0070 0.8860
2.9983 0.0070 -0.0060 -0.0070 0.0080 -0.0010 -0.9760 -0.0360 0.0210 -0.0070 -0.0070 -0.0070 0.8860
2.9993 0.0070 -0.0060 -0.0070 0.0080 -0.0010 -0.9760 -0.0360 0.0210 -0.0070 -0.0070 -0.0070 0.8860
3.0003 0.0070 -0.0060 -0.0070 0.0080 -0.0010 -0.9760 -0.0360 0.0210 -0.0070 -0.0070 -0.0070 0.8860
3.0013 0.0070 -0.0060 -0.0070 0.0080 -0.0010 -0.9760 -0.0360 0.0210 -0.0070 -0.0070 -0.0070 0.8860
3.0023 0.0070 -0.0060 -0.0070 0.0080 -0.0010 -0.9760 -0.0360 0.0210 -0.0070 -0.0070 -0.0070 0.8860
3.0033 0.0070 -0.0060 -0.0070 0.0080 -0.0010 -0.9760 -0.0360 0.0210 -0.0070 -0.0070 -0.0070 0.8860
3.0043 0.0070 -0.0060 -0.0070 0.0080 -0.0010 -0.9760 -0.0360 0.0210 -0.0070 -0.0070 -0.0070 0.8860
3.0053 0.0070 -0.0060 -0.0070 0.0080 -0.0010 -0.9760 -0.0360 0.0210 -0.0070 -0.0070 -0.0070 0.8860
3.0063 0.0070 -0.0060 -0.0070 0.0080 -0.0010 -0.9760 -0.0360 0.0210 -0.0070 -0.0070 -0.0070 0.8860
3.0073 0.0070 -0.0060 -0.0070 0.0080 -0.0010 -0.9760 -0.0360 0.0210 -0.0070 -0.0070 -0.0070 0.8860
3.0083 0.0070 -0.0060 -0.0070 0.0080 -0.0010 -0.9760 -0.0360 0.0210 -0.0070 -0.0070 -0.0070 0.8860
3.0093 0.0070 -0.0060 -0.0070 0.0080 -0.0010 -0.9760 -0.0360 0.0210 -0.0070 -0.0070 -0.0070 0.8860
3.0103 0.0070 -0.0060 -0.0070 0.0080 -0.0010 -0.9760 -0.0360 0.0210 -0.0070 -0.0070 -0.0070 0.8860
3.0113 0.0070 -0.0050 -0.0070 0.0080 -0.0010 -0.9710 -0.0210 0.0070 -0.0070 -0.0070 -0.0070 0.9150
3.0123 0.0070 -0.0050 -0.0070 0.0080 -0.0010 -0.9710 -0.0210 0.0070 -0.0070 -0.0070 -0.0070 0.9150
3.0133 0.0070 -0.0050 -0.0070 0.0080 -0.0010 -0.9710 -0.0210 0.0070 -0.0070 -0.0070 -0.0070 0.9150
3.0142 0.0070 -0.0050 -0.0070 0.0080 -0.0010 -0.9710 -0.0210 0.0070 -0.0070 -0.0070 -0.0070 0.9150
3.0153 0.0070 -0.0050 -0.0070 0.0080 -0.0010 -0.9710 -0.0210 0.0070 -0.0070 -0.0070 -0.0070 0.9150
3.0163 0.0070 -0.0050 -0.0070 0.0080 -0.0010 -0.9710 -0.0210 0.0070 -0.0070 -0.0070 -0.0070 0.9150
3.0173 0.0070 -0.0050 -0.0070 0.0080 -0.0010 -0.9710 -0.0210 0.0070 -0.0070 -0.0070 -0.0070 0.9150
3.0183 0.0070 -0.0050 -0.0070 0.0080 -0.0010 -0.9710 -0.0210 0.0070 -0.0070 -0.0070 -0.0070 0.9150
3.0193 0.0070 -0.0050 -0.0070 0.0080 -0.0010 -0.9710 -0.0210 0.0070 -0.0070 -0.0070 -0.0070 0.9150
3.0203 0.0070 -0.0050 -0.0070 0.0080 -0.0010 -0.9710 -0.0210 0.0070 -0.0070 -0.0070 -0.0070 0.9150
3.0213 0.0070 -0.0050 -0.0070 0.0080 -0.0010 -0.9710 -0.0210 0.0070 -0.0070 -0.0070 -0.0070 0.9150
3.0224 0.0070 -0.0050 -0.0070 0.0080 -0.0010 -0.9690 -0.0360 0.0070 -0.0070 -0.0070 -0.0070 0.9150
3.0233 0.0060 -0.0050 -0.0070 0.0080 -0.0010 -0.9680 -0.0360 0.0210 -0.0070 0.0070 -0.0070 0.8710
3.0243 0.0060 -0.0050 -0.0070 0.0080 -0.0010 -0.9680 -0.0360 0.0210 -0.0070 0.0070 -0.0070 0.8710
3.0253 0.0060 -0.0050 -0.0070 0.0080 -0.0010 -0.9680 -0.0360 0.0210 -0.0070 0.0070 -0.0070 0.8710
3.0263 0.0060 -0.0050 -0.0070 0.0080 -0.0010 -0.9680 -0.0360 0.0210 -0.0070 0.0070 -0.0070 0.8710
3.0273 0.0060 -0.0050 -0.0070 0.0080 -0.0010 -0.9680 -0.0360 0.0210 -0.0070 0.0070 -0.0070 0.8710
3.0311 0.0060 -0.0050 -0.0070 0.0080 -0.0010 -0.9680 -0.0360 0.0210 -0.0070 0.0070 -0.0070 0.8710
3.0313 0.0060 -0.0050 -0.0070 0.0080 -0.0010 -0.9680 -0.0360 0.0210 -0.0070 0.0070 -0.0070 0.8710
3.0323 0.0060 -0.0050 -0.0070 0.0080 -0.0010 -0.9680 -0.0360 0.0210 -0.0070 0.0070 -0.0070 0.8710
3.0333 0.0060 -0.0050 -0.0070 0.0080 -0.0010 -0.9680 -0.0360 0.0210 -0.0070 0.0070 -0.0070 0.8710
3.0344 0.0060 -0.0050 -0.0070 0.0080 -0.0010 -0.9680 -0.0360 0.0210 -0.0070 0.0070 -0.0070 0.8710
3.0353 0.0060 -0.0050 -0.0070 0.0080 -0.0010 -0.9680 -0.0360 0.0210 -0.0070 0.0070 -0.0070 0.8710
3.0363 0.0060 -0.0050 -0.0070 0.0080 -0.0010 -0.9650 -0.0360 0.0360 -0.0070 -0.0070 -0.0070 0.9010
3.0373 0.0060 -0.0050 -0.0070 0.0080 -0.0010 -0.9650 -0.0360 0.0360 -0.0070 -0.0070 -0.0070 0.9010
3.0383 0.0060 -0.0050 -0.0070 0.0080 -0.0010 -0.9650 -0.0360 0.0360 -0.0070 -0.0070 -0.0070 0.9010
3.0393 0.0060 -0.0050 -0.0070 0.0080 -0.0010 -0.9650 -0.0360 0.0360 -0.0070 -0.0070 -0.0070 0.9010
3.0403 0.0060 -0.0050 -0.0070 0.0080 -0.0010 -0.9650 -0.0360 0.0360 -0.0070 -0.0070 -0.0070 0.9010
3.0413 0.0060 -0.0050 -0.0070 0.0080 -0.0010 -0.9650 -0.0360 0.0360 -0.0070 -0.0070 -0.0070 0.9010
3.0424 0.0060 -0.0050 -0.0070 0.0080 -0.0010 -0.9650 -0.0360 0.0360 -0.0070 -0.0070 -0.0070 0.9010
3.0433 0.0060 -0.0050 -0.0070 0.0080 -0.0010 -0.9650 -0.0360 0.0360 -0.0070 -0.0070 -0.0070 0.9010
3.0444 0.0060 -0.0050 -0.0070 0.0080 -0.0010 -0.9650 -0.0360 0.0360 -0.0070 -0.0070 -0.0070 0.9010
3.0453 0.0060 -0.0050 -0.0070 0.0080 -0.0010 -0.9650 -0.0360 0.0360 -0.0070 -0.0070 -0.0070 0.9010
3.0463 0.0060 -0.0050 -0.0070 0.0080 -0.0010 -0.9650 -0.0360 0.0360 -0.0070 -0.0070 -0.0070 0.9010
3.0475 0.0060 -0.0050 -0.0070 0.0080 -0.0010 -0.9610 -0.0650 0.0360 -0.0070 -0.0210 -0.0070 0.8710
3.0483 0.0060 -0.0050 -0.0070 0.0080 -0.0010 -0.9610 -0.0650 0.0360 -0.0070 -0.0210 -0.0070 0.8710
3.0493 0.0060 -0.0050 -0.0070 0.0080 -0.0010 -0.9610 -0.0650 0.0360 -0.0070 -0.0210 -0.0070 0.8710
3.0503 0.0060 -0.0050 -0.0070 0.0080 -0.0010 -0.9610 -0.0650 0.0360 -0.0070 -0.0210 -0.0070 0.8710
3.0513 0.0060 -0.0050 -0.0070 0.0080 -0.0010 -0.9610 -0.0650 0.0360 -0.0070 -0.0210 -0.0070 0.8710
3.0523 0.0060 -0.0050 -0.0070 0.0080 -0.0010 -0.9610 -0.0650 0.0360 -0.0070 -0.0210 -0.0070 0.8710
3.0533 0.0060 -0.0050 -0.0070 0.0080 -0.0010 -0.9610 -0.0650 0.0360 -0.0070 -0.0210 -0.0070 0.8710
3.0543 0.0060 -0.0050 -0.0070 0.0080 -0.0010 -0.9610 -0.0650 0.0360 -0.0070 -0.0210 -0.0070 0.8710
3.0553 0.0060 -0.0050 -0.0070 0.0080 -0.0010 -0.9610 -0.0650 0.0360 -0.0070 -0.0210 -0.0070 0.8710
3.0563 0.0060 -0.0050 -0.0070 0.0080 -0.0010 -0.9610 -0.0650 0.0360 -0.0070 -0.0210 -0.0070 0.8710
3.0574 0.0060 -0.0050 -0.0070 0.0080 -0.0010 -0.9610 -0.0650 0.0360 -0.0070 -0.0210 -0.0070 0.8710
3.0583 0.0060 -0.0050 -0.0070 0.0080 -0.0010 -0.9590 -0.0650 0.0510 -0.0070 -0.0210 -0.0070 0.8710
3.0593 0.0060 -0.0050 -0.0070 0.0080 -0.0010 -0.9570 -0.0510 0.0360 -0.0210 -0.0070 -0.0070 0.9450
3.0603 0.0060 -0.0050 -0.0070 0.0080 -0.0010 -0.9570 -0.0510 0.0360 -0.0210 -0.0070 -0.0070 0.9450
3.0613 0.0060 -0.0050 -0.0070 0.0080 -0.0010 -0.9570 -0.0510 0.0360 -0.0210 -0.0070 -0.0070 0.9450
3.0635 0.0060 -0.0050 -0.0070 0.0080 -0.0010 -0.9570 -0.0510 0.0360 -0.0210 -0.0070 -0.0070 0.9450
3.0647 0.0060 -0.0050 -0.0070 0.0080 -0.0010 -0.9570 -0.0510 0.0360 -0.0210 -0.0070 -0.0070 0.9450
3.0648 0.0060 -0.0050 -0.0070 0.0080 -0.0010 -0.9570 -0.0510 0.0360 -0.0210 -0.0070 -0.0070 0.9450
3.0653 0.0060 -0.0050 -0.0070 0.0080 -0.0010 -0.9570 -0.0510 0.0360 -0.0210 -0.0070 -0.0070 0.9450
3.0663 0.0060 -0.0050 -0.0070 0.0080 -0.0010 -0.9570 -0.0510 0.0360 -0.0210 -0.0070 -0.0070 0.9450
3.0673 0.0060 -0.0050 -0.0070 0.0080 -0.0010 -0.9570 -0.0510 0.0360 -0.0210 -0.0070 -0.0070 0.9450
3.0683 0.0060 -0.0050 -0.0070 0.0080 -0.0010 -0.9570 -0.0510 0.0360 -0.0210 -0.0070 -0.0070 0.9450
3.0693 0.0060 -0.0050 -0.0070 0.0080 -0.0010 -0.9570 -0.0510 0.0360 -0.0210 -0.0070 -0.0070 0.9450
3.0703 0.0060 -0.0050 -0.0070 0.0080 -0.0010 -0.9560 -0.0360 0.0360 -0.0210 -0.0070 -0.0070 0.9010
3.0713 0.0060 -0.0050 -0.0070 0.0080 -0.0010 -0.9530 -0.0210 0.0210 -0.0070 -0.0210 -0.0070 0.8570
3.0723 0.0060 -0.0050 -0.0070 0.0080 -0.0010 -0.9530 -0.0210 0.0210 -0.0070 -0.0210 -0.0070 0.8570
3.0733 0.0060 -0.0050 -0.0070 0.0080 -0.0010 -0.9530 -0.0210 0.0210 -0.0070 -0.0210 -0.0070 0.8570
3.0743 0.0060 -0.0050 -0.0070 0.0080 -0.0010 -0.9530 -0.0210 0.0210 -0.0070 -0.0210 -0.0070 0.8570
3.0753 0.0060 -0.0050 -0.0070 0.0080 -0.0010 -0.9530 -0.0210 0.0210 -0.0070 -0.0210 -0.0070 0.8570
3.0763 0.0060 -0.0050 -0.0070 0.0080 -0.0010 -0.9530 -0.0210 0.0210 -0.0070 -0.0210 -0.0070 0.8570
3.0773 0.0060 -0.0050 -0.0070 0.0080 -0.0010 -0.9530 -0.0210 0.0210 -0.0070 -0.0210 -0.0070 0.8570
3.0783 0.0060 -0.0050 -0.0070 0.0080 -0.0010 -0.9530 -0.0210 0.0210 -0.0070 -0.0210 -0.0070 0.8570
3.0793 0.0060 -0.0050 -0.0070 0.0080 -0.0010 -0.9530 -0.0210 0.0210 -0.0070 -0.0210 -0.0070 0.8570
3.0803 0.0060 -0.0050 -0.0070 0.0080 -0.0010 -0.9530 -0.0210 0.0210 -0.0070 -0.0210 -0.0070 0.8570
3.0814 0.0060 -0.0050 -0.0070 0.0080 -0.0010 -0.9530 -0.0210 0.0210 -0.0070 -0.0210 -0.0070 0.8570
3.0823 0.0060 -0.0050 -0.0070 0.0070 -0.0010 -0.9530 -0.0210 0.0210 0.0070 -0.0360 -0.0210 0.8570
3.0833 0.0060 -0.0050 -0.0070 0.0070 -0.0010 -0.9500 -0.0360 0.0210 -0.0070 -0.0800 0.0070 0.9300
3.0843 0.0060 -0.0050 -0.0070 0.0070 -0.0010 -0.9500 -0.0360 0.0210 -0.0070 -0.0800 0.0070 0.9300
3.0853 0.0060 -0.0050 -0.0070 0.0070 -0.0010 -0.9500 -0.0360 0.0210 -0.0070 -0.0800 0.0070 0.9300
3.0863 0.0060 -0.0050 -0.0070 0.0070 -0.0010 -0.9500 -0.0360 0.0210 -0.0070 -0.0800 0.0070 0.9300
3.0873 0.0060 -0.0050 -0.0070 0.0070 -0.0010 -0.9500 -0.0360 0.0210 -0.0070 -0.0800 0.0070 0.9300
3.0883 0.0060 -0.0050 -0.0070 0.0070 -0.0010 -0.9500 -0.0360 0.0210 -0.0070 -0.0800 0.0070 0.9300
3.0893 0.0060 -0.0050 -0.0070 0.0070 -0.0010 -0.9500 -0.0360 0.0210 -0.0070 -0.0800 0.0070 0.9300
3.0903 0.0060 -0.0050 -0.0070 0.0070 -0.0010 -0.9500 -0.0360 0.0210 -0.0070 -0.0800 0.0070 0.9300
3.0914 0.0060 -0.0050 -0.0070 0.0070 -0.0010 -0.9500 -0.0360 0.0210 -0.0070 -0.0800 0.0070 0.9300
3.0924 0.0060 -0.0050 -0.0070 0.0070 -0.0010 -0.9500 -0.0360 0.0210 -0.0070 -0.0800 0.0070 0.9300
3.0934 0.0060 -0.0050 -0.0070 0.0070 -0.0010 -0.9500 -0.0360 0.0210 -0.0070 -0.0800 0.0070 0.9300
3.0973 0.0060 -0.0050 -0.0070 0.0070 -0.0010 -0.9470 -0.0210 0.0070 0.0070 -0.1090 -0.0210 0.8570
3.0986 0.0050 -0.0050 -0.0070 0.0070 -0.0010 -0.9470 -0.0210 0.0210 0.0070 -0.0800 -0.0070 0.8570
3.0987 0.0050 -0.0050 -0.0070 0.0070 -0.0010 -0.9470 -0.0210 0.0210 0.0070 -0.0800 -0.0070 0.8570
3.0995 0.0050 -0.0050 -0.0070 0.0070 -0.0010 -0.9470 -0.0210 0.0210 0.0070 -0.0800 -0.0070 0.8570
3.1005 0.0050 -0.0050 -0.0070 0.0070 -0.0010 -0.9470 -0.0210 0.0210 0.0070 -0.0800 -0.0070 0.8570
3.1016 0.0050 -0.0050 -0.0070 0.0070 -0.0010 -0.9470 -0.0210 0.0210 0.0070 -0.0800 -0.0070 0.8570
3.1025 0.0050 -0.0050 -0.0070 0.0070 -0.0010 -0.9470 -0.0210 0.0210 0.0070 -0.0800 -0.0070 0.8570
3.1035 0.0050 -0.0050 -0.0070 0.0070 -0.0010 -0.9470 -0.0210 0.0210 0.0070 -0.0800 -0.0070 0.8570
3.1045 0.0050 -0.0050 -0.0070 0.0070 -0.0010 -0.9470 -0.0210 0.0210 0.0070 -0.0800 -0.0070 0.8570
3.1057 0.0050 -0.0050 -0.0070 0.0070 -0.0010 -0.9450 -0.0360 0.0210 -0.0070 -0.0210 -0.0070 0.9010
3.1066 0.0050 -0.0040 -0.0070 0.0070 -0.0010 -0.9420 -0.0360 0.0360 -0.0070 -0.0210 -0.0210 0.8710
3.1076 0.0050 -0.0040 -0.0070 0.0070 -0.0010 -0.9420 -0.0360 0.0360 -0.0070 -0.0210 -0.0210 0.8710
3.1086 0.0050 -0.0040 -0.0070 0.0070 -0.0010 -0.9420 -0.0360 0.0360 -0.0070 -0.0210 -0.0210 0.8710
3.1096 0.0050 -0.0040 -0.0070 0.0070 -0.0010 -0.9420 -0.0360 0.0360 -0.0070 -0.0210 -0.0210 0.8710
3.1106 0.0050 -0.0040 -0.0070 0.0070 -0.0010 -0.9420 -0.0360 0.0360 -0.0070 -0.0210 -0.0210 0.8710
3.1115 0.0050 -0.0040 -0.0070 0.0070 -0.0010 -0.9420 -0.0360 0.0360 -0.0070 -0.0210 -0.0210 0.8710
3.1125 0.0050 -0.0040 -0.0070 0.0070 -0.0010 -0.9420 -0.0360 0.0360 -0.0070 -0.0210 -0.0210 0.8710
3.1136 0.0050 -0.0040 -0.0070 0.0070 -0.0010 -0.9420 -0.0360 0.0360 -0.0070 -0.0210 -0.0210 0.8710
3.1146 0.0050 -0.0040 -0.0070 0.0070 -0.0010 -0.9420 -0.0360 0.0360 -0.0070 -0.0210 -0.0210 0.8710
3.1155 0.0050 -0.0040 -0.0070 0.0070 -0.0010 -0.9420 -0.0360 0.0360 -0.0070 -0.0210 -0.0210 0.8710
3.1166 0.0050 -0.0040 -0.0070 0.0070 -0.0010 -0.9420 -0.0360 0.0360 -0.0070 -0.0210 -0.0210 0.8710
3.1183 0.0050 -0.0040 -0.0070 0.0070 -0.0010 -0.9420 -0.0360 0.0360 -0.0070 -0.0210 -0.0210 0.8710
3.1188 0.0050 -0.0040 -0.0070 0.0070 -0.0010 -0.9400 -0.0510 0.0210 -0.0070 -0.0210 -0.0070 0.8860
3.1195 0.0050 -0.0040 -0.0070 0.0070 -0.0010 -0.9400 -0.0510 0.0360 0.0070 -0.0070 -0.0070 0.8860
3.1205 0.0050 -0.0040 -0.0070 0.0070 -0.0010 -0.9400 -0.0510 0.0360 0.0070 -0.0070 -0.0070 0.8860
3.1215 0.0050 -0.0040 -0.0070 0.0070 -0.0010 -0.9400 -0.0510 0.0360 0.0070 -0.0070 -0.0070 0.8860
3.1226 0.0050 -0.0040 -0.0070 0.0070 -0.0010 -0.9400 -0.0510 0.0360 0.0070 -0.0070 -0.0070 0.8860
3.1236 0.0050 -0.0040 -0.0070 0.0070 -0.0010 -0.9400 -0.0510 0.0360 0.0070 -0.0070 -0.0070 0.8860
3.1246 0.0050 -0.0040 -0.0070 0.0070 -0.0010 -0.9400 -0.0510 0.0360 0.0070 -0.0070 -0.0070 0.8860
3.1255 0.0050 -0.0040 -0.0070 0.0070 -0.0010 -0.9400 -0.0510 0.0360 0.0070 -0.0070 -0.0070 0.8860
3.1266 0.0050 -0.0040 -0.0070 0.0070 -0.0010 -0.9400 -0.0510 0.0360 0.0070 -0.0070 -0.0070 0.8860
3.1276 0.0050 -0.0040 -0.0070 0.0070 -0.0010 -0.9400 -0.0510 0.0360 0.0070 -0.0070 -0.0070 0.8860
3.1304 0.0050 -0.0040 -0.0070 0.0070 -0.0010 -0.9400 -0.0510 0.0360 0.0070 -0.0070 -0.0070 0.8860
3.1305 0.0050 -0.0040 -0.0070 0.0070 -0.0010 -0.9380 -0.0510 0.0360 0.0070 -0.0070 -0.0070 0.9300
3.1328 0.0050 -0.0040 -0.0070 0.0070 -0.0010 -0.9380 -0.0510 0.0360 0.0070 -0.0070 -0.0070 0.9300
3.1330 0.0050 -0.0040 -0.0070 0.0070 -0.0010 -0.9360 -0.0360 0.0210 -0.0070 -0.0360 -0.0070 0.9010
3.1336 0.0050 -0.0040 -0.0070 0.0070 -0.0010 -0.9350 -0.0360 0.0360 0.0070 -0.0210 -0.0070 0.8710
3.1346 0.0050 -0.0040 -0.0070 0.0070 -0.0010 -0.9350 -0.0360 0.0360 0.0070 -0.0210 -0.0070 0.8710
3.1356 0.0050 -0.0040 -0.0070 0.0070 -0.0010 -0.9350 -0.0360 0.0360 0.0070 -0.0210 -0.0070 0.8710
3.1366 0.0050 -0.0040 -0.0070 0.0070 -0.0010 -0.9350 -0.0360 0.0360 0.0070 -0.0210 -0.0070 0.8710
3.1375 0.0050 -0.0040 -0.0070 0.0070 -0.0010 -0.9350 -0.0360 0.0360 0.0070 -0.0210 -0.0070 0.8710
3.1386 0.0050 -0.0040 -0.0070 0.0070 -0.0010 -0.9350 -0.0360 0.0360 0.0070 -0.0210 -0.0070 0.8710
3.1396 0.0050 -0.0040 -0.0070 0.0070 -0.0010 -0.9350 -0.0360 0.0360 0.0070 -0.0210 -0.0070 0.8710
3.1406 0.0050 -0.0040 -0.0070 0.0070 -0.0010 -0.9350 -0.0360 0.0360 0.0070 -0.0210 -0.0070 0.8710
3.1419 0.0050 -0.0040 -0.0070 0.0070 -0.0010 -0.9340 -0.0360 0.0210 0.0210 -0.0210 0.0070 0.9010
3.1426 0.0050 -0.0040 -0.0070 0.0070 -0.0010 -0.9320 -0.0210 0.0070 0.0210 -0.0360 0.0070 0.9150
3.1436 0.0050 -0.0040 -0.0070 0.0070 -0.0010 -0.9320 -0.0210 0.0070 0.0210 -0.0360 0.0070 0.9150
3.1445 0.0050 -0.0040 -0.0070 0.0070 -0.0010 -0.9320 -0.0210 0.0070 0.0210 -0.0360 0.0070 0.9150
3.1456 0.0050 -0.0040 -0.0070 0.0070 -0.0010 -0.9320 -0.0210 0.0070 0.0210 -0.0360 0.0070 0.9150
3.1466 0.0050 -0.0040 -0.0070 0.0070 -0.0010 -0.9320 -0.0210 0.0070 0.0210 -0.0360 0.0070 0.9150
3.1476 0.0050 -0.0040 -0.0070 0.0070 -0.0010 -0.9320 -0.0210 0.0070 0.0210 -0.0360 0.0070 0.9150
3.1486 0.0050 -0.0040 -0.0070 0.0070 -0.0010 -0.9320 -0.0210 0.0070 0.0210 -0.0360 0.0070 0.9150
3.1496 0.0050 -0.0040 -0.0070 0.0070 -0.0010 -0.9320 -0.0210 0.0070 0.0210 -0.0360 0.0070 0.9150
3.1506 0.0050 -0.0040 -0.0070 0.0070 -0.0010 -0.9320 -0.0210 0.0070 0.0210 -0.0360 0.0070 0.9150
3.1516 0.0050 -0.0040 -0.0070 0.0070 -0.0010 -0.9320 -0.0210 0.0070 0.0210 -0.0360 0.0070 0.9150
3.1526 0.0050 -0.0040 -0.0070 0.0070 -0.0010 -0.9320 -0.0210 0.0070 0.0210 -0.0360 0.0070 0.9150
3.1536 0.0050 -0.0040 -0.0070 0.0070 -0.0010 -0.9320 -0.0210 0.0070 0.0210 -0.0360 0.0070 0.9150
3.1547 0.0050 -0.0040 -0.0070 0.0070 0.0000 -0.9290 -0.0360 0.0210 0.0210 -0.0070 0.0210 0.8570
3.1555 0.0050 -0.0040 -0.0070 0.0070 0.0000 -0.9290 -0.0360 0.0210 0.0210 -0.0070 0.0210 0.8570
3.1565 0.0050 -0.0040 -0.0070 0.0070 0.0000 -0.9290 -0.0360 0.0210 0.0210 -0.0070 0.0210 0.8570
3.1576 0.0050 -0.0040 -0.0070 0.0070 0.0000 -0.9290 -0.0360 0.0210 0.0210 -0.0070 0.0210 0.8570
3.1586 0.0050 -0.0040 -0.0070 0.0070 0.0000 -0.9290 -0.0360 0.0210 0.0210 -0.0070 0.0210 0.8570
3.1596 0.0050 -0.0040 -0.0070 0.0070 0.0000 -0.9290 -0.0360 0.0210 0.0210 -0.0070 0.0210 0.8570
3.1606 0.0050 -0.0040 -0.0070 0.0070 0.0000 -0.9290 -0.0360 0.0210 0.0210 -0.0070 0.0210 0.8570
3.1616 0.0050 -0.0040 -0.0070 0.0070 0.0000 -0.9290 -0.0360 0.0210 0.0210 -0.0070 0.0210 0.8570
3.1626 0.0050 -0.0040 -0.0070 0.0070 0.0000 -0.9290 -0.0360 0.0210 0.0210 -0.0070 0.0210 0.8570
3.1637 0.0050 -0.0040 -0.0070 0.0070 0.0000 -0.9290 -0.0360 0.0210 0.0210 -0.0070 0.0210 0.8570
3.1652 0.0050 -0.0040 -0.0070 0.0070 0.0000 -0.9290 -0.0360 0.0210 0.0210 -0.0070 0.0210 0.8570
3.1656 0.0050 -0.0040 -0.0070 0.0070 0.0000 -0.9290 -0.0360 0.0210 0.0210 -0.0070 0.0210 0.8570
3.1666 0.0050 -0.0040 -0.0070 0.0070 0.0000 -0.9240 -0.0210 0.0070 0.0070 -0.0210 0.0210 0.9150
3.1676 0.0050 -0.0040 -0.0070 0.0070 0.0000 -0.9240 -0.0210 0.0070 0.0070 -0.0210 0.0210 0.9150
3.1686 0.0050 -0.0040 -0.0070 0.0070 0.0000 -0.9240 -0.0210 0.0070 0.0070 -0.0210 0.0210 0.9150
3.1696 0.0050 -0.0040 -0.0070 0.0070 0.0000 -0.9240 -0.0210 0.0070 0.0070 -0.0210 0.0210 0.9150
3.1706 0.0050 -0.0040 -0.0070 0.0070 0.0000 -0.9240 -0.0210 0.0070 0.0070 -0.0210 0.0210 0.9150
3.1716 0.0050 -0.0040 -0.0070 0.0070 0.0000 -0.9240 -0.0210 0.0070 0.0070 -0.0210 0.0210 0.9150
3.1726 0.0050 -0.0040 -0.0070 0.0070 0.0000 -0.9240 -0.0210 0.0070 0.0070 -0.0210 0.0210 0.9150
3.1736 0.0050 -0.0040 -0.0070 0.0070 0.0000 -0.9240 -0.0210 0.0070 0.0070 -0.0210 0.0210 0.9150
3.1746 0.0050 -0.0040 -0.0070 0.0070 0.0000 -0.9240 -0.0210 0.0070 0.0070 -0.0210 0.0210 0.9150
3.1756 0.0050 -0.0040 -0.0070 0.0070 0.0000 -0.9240 -0.0210 0.0070 0.0070 -0.0210 0.0210 0.9150
3.1766 0.0050 -0.0040 -0.0070 0.0070 0.0000 -0.9240 -0.0210 0.0070 0.0070 -0.0210 0.0210 0.9150
3.1777 0.0050 -0.0040 -0.0070 0.0070 0.0000 -0.9240 -0.0210 0.0070 0.0070 -0.0210 0.0210 0.9150
3.1786 0.0050 -0.0040 -0.0070 0.0070 0.0000 -0.9210 -0.0210 0.0070 0.0210 -0.0070 0.0070 0.8710
3.1796 0.0050 -0.0040 -0.0060 0.0070 0.0000 -0.9210 -0.0210 0.0210 0.0510 -0.0210 -0.0070 0.8710
3.1806 0.0050 -0.0040 -0.0060 0.0070 0.0000 -0.9210 -0.0210 0.0210 0.0510 -0.0210 -0.0070 0.8710
3.1816 0.0050 -0.0040 -0.0060 0.0070 0.0000 -0.9210 -0.0210 0.0210 0.0510 -0.0210 -0.0070 0.8710
3.1827 0.0050 -0.0040 -0.0060 0.0070 0.0000 -0.9210 -0.0210 0.0210 0.0510 -0.0210 -0.0070 0.8710
3.1836 0.0050 -0.0040 -0.0060 0.0070 0.0000 -0.9210 -0.0210 0.0210 0.0510 -0.0210 -0.0070 0.8710
3.1846 0.0050 -0.0040 -0.0060 0.0070 0.0000 -0.9210 -0.0210 0.0210 0.0510 -0.0210 -0.0070 0.8710
3.1856 0.0050 -0.0040 -0.0060 0.0070 0.0000 -0.9210 -0.0210 0.0210 0.0510 -0.0210 -0.0070 0.8710
3.1866 0.0050 -0.0040 -0.0060 0.0070 0.0000 -0.9210 -0.0210 0.0210 0.0510 -0.0210 -0.0070 0.8710
3.1876 0.0050 -0.0040 -0.0060 0.0070 0.0000 -0.9210 -0.0210 0.0210 0.0510 -0.0210 -0.0070 0.8710
3.1886 0.0050 -0.0040 -0.0060 0.0070 0.0000 -0.9210 -0.0210 0.0210 0.0510 -0.0210 -0.0070 0.8710
3.1896 0.0050 -0.0040 -0.0060 0.0070 0.0000 -0.9210 -0.0210 0.0210 0.0510 -0.0210 -0.0070 0.8710
3.1906 0.0050 -0.0040 -0.0060 0.0070 0.0000 -0.9180 -0.0210 -0.0070 0.0650 -0.0360 0.0070 0.9150
3.1916 0.0050 -0.0040 -0.0060 0.0070 0.0000 -0.9170 -0.0070 0.0210 0.0800 -0.0360 -0.0070 0.9150
3.1925 0.0050 -0.0040 -0.0060 0.0070 0.0000 -0.9170 -0.0070 0.0210 0.0800 -0.0360 -0.0070 0.9150
3.1936 0.0050 -0.0040 -0.0060 0.0070 0.0000 -0.9170 -0.0070 0.0210 0.0800 -0.0360 -0.0070 0.9150
3.1946 0.0050 -0.0040 -0.0060 0.0070 0.0000 -0.9170 -0.0070 0.0210 0.0800 -0.0360 -0.0070 0.9150
3.1957 0.0050 -0.0040 -0.0060 0.0070 0.0000 -0.9170 -0.0070 0.0210 0.0800 -0.0360 -0.0070 0.9150
3.1966 0.0050 -0.0040 -0.0060 0.0070 0.0000 -0.9170 -0.0070 0.0210 0.0800 -0.0360 -0.0070 0.9150
3.1989 0.0050 -0.0040 -0.0060 0.0070 0.0000 -0.9170 -0.0070 0.0210 0.0800 -0.0360 -0.0070 0.9150
3.1993 0.0050 -0.0040 -0.0060 0.0070 0.0000 -0.9170 -0.0070 0.0210 0.0800 -0.0360 -0.0070 0.9150
3.1997 0.0050 -0.0040 -0.0060 0.0070 0.0000 -0.9170 -0.0070 0.0210 0.0800 -0.0360 -0.0070 0.9150
3.2006 0.0050 -0.0040 -0.0060 0.0070 0.0000 -0.9170 -0.0070 0.0210 0.0800 -0.0360 -0.0070 0.9150
3.2017 0.0050 -0.0040 -0.0060 0.0070 0.0000 -0.9170 -0.0070 0.0210 0.0360 -0.0360 0.0070 0.9150
3.2026 0.0050 -0.0040 -0.0060 0.0070 0.0000 -0.9130 -0.0210 0.0210 -0.0070 -0.0210 -0.0070 0.9150
3.2035 0.0050 -0.0040 -0.0060 0.0070 0.0000 -0.9130 -0.0210 0.0210 -0.0070 -0.0210 -0.0070 0.9150
3.2046 0.0050 -0.0040 -0.0060 0.0070 0.0000 -0.9130 -0.0210 0.0210 -0.0070 -0.0210 -0.0070 0.9150
3.2056 0.0050 -0.0040 -0.0060 0.0070 0.0000 -0.9130 -0.0210 0.0210 -0.0070 -0.0210 -0.0070 0.9150
3.2066 0.0050 -0.0040 -0.0060 0.0070 0.0000 -0.9130 -0.0210 0.0210 -0.0070 -0.0210 -0.0070 0.9150
3.2076 0.0050 -0.0040 -0.0060 0.0070 0.0000 -0.9130 -0.0210 0.0210 -0.0070 -0.0210 -0.0070 0.9150
3.2086 0.0050 -0.0040 -0.0060 0.0070 0.0000 -0.9130 -0.0210 0.0210 -0.0070 -0.0210 -0.0070 0.9150
3.2096 0.0050 -0.0040 -0.0060 0.0070 0.0000 -0.9130 -0.0210 0.0210 -0.0070 -0.0210 -0.0070 0.9150
3.2106 0.0050 -0.0040 -0.0060 0.0070 0.0000 -0.9130 -0.0210 0.0210 -0.0070 -0.0210 -0.0070 0.9150
3.2116 0.0050 -0.0040 -0.0060 0.0070 0.0000 -0.9130 -0.0210 0.0210 -0.0070 -0.0210 -0.0070 0.9150
3.2126 0.0050 -0.0040 -0.0060 0.0070 0.0000 -0.9130 -0.0210 0.0210 -0.0070 -0.0210 -0.0070 0.9150
3.2138 0.0050 -0.0040 -0.0060 0.0070 0.0000 -0.9130 -0.0070 0.0210 0.0070 -0.0210 0.0070 0.9150
3.2146 0.0050 -0.0040 -0.0060 0.0070 0.0000 -0.9100 -0.0210 0.0360 -0.0070 -0.0210 0.0070 0.8710
3.2156 0.0050 -0.0040 -0.0060 0.0070 0.0000 -0.9100 -0.0210 0.0360 -0.0070 -0.0210 0.0070 0.8710
3.2166 0.0050 -0.0040 -0.0060 0.0070 0.0000 -0.9100 -0.0210 0.0360 -0.0070 -0.0210 0.0070 0.8710
3.2176 0.0050 -0.0040 -0.0060 0.0070 0.0000 -0.9100 -0.0210 0.0360 -0.0070 -0.0210 0.0070 0.8710
3.2186 0.0050 -0.0040 -0.0060 0.0070 0.0000 -0.9100 -0.0210 0.0360 -0.0070 -0.0210 0.0070 0.8710
3.2196 0.0050 -0.0040 -0.0060 0.0070 0.0000 -0.9100 -0.0210 0.0360 -0.0070 -0.0210 0.0070 0.8710
3.2206 0.0050 -0.0040 -0.0060 0.0070 0.0000 -0.9100 -0.0210 0.0360 -0.0070 -0.0210 0.0070 0.8710
3.2216 0.0050 -0.0040 -0.0060 0.0070 0.0000 -0.9100 -0.0210 0.0360 -0.0070 -0.0210 0.0070 0.8710
3.2226 0.0050 -0.0040 -0.0060 0.0070 0.0000 -0.9100 -0.0210 0.0360 -0.0070 -0.0210 0.0070 0.8710
3.2236 0.0050 -0.0040 -0.0060 0.0070 0.0000 -0.9100 -0.0210 0.0360 -0.0070 -0.0210 0.0070 0.8710
3.2246 0.0050 -0.0040 -0.0060 0.0070 0.0000 -0.9100 -0.0210 0.0360 -0.0070 -0.0210 0.0070 0.8710
3.2260 0.0050 -0.0040 -0.0060 0.0070 0.0000 -0.9080 -0.0210 0.0210 0.0070 -0.0360 -0.0070 0.8570
3.2268 0.0050 -0.0040 -0.0060 0.0070 0.0000 -0.9060 -0.0210 0.0210 -0.0070 -0.0650 -0.0210 0.8860
3.2276 0.0050 -0.0040 -0.0060 0.0070 0.0000 -0.9060 -0.0210 0.0210 -0.0070 -0.0650 -0.0210 0.8860
3.2286 0.0050 -0.0040 -0.0060 0.0070 0.0000 -0.9060 -0.0210 0.0210 -0.0070 -0.0650 -0.0210 0.8860
3.2299 0.0050 -0.0040 -0.0060 0.0070 0.0000 -0.9060 -0.0210 0.0210 -0.0070 -0.0650 -0.0210 0.8860
3.2313 0.0050 -0.0040 -0.0060 0.0070 0.0000 -0.9060 -0.0210 0.0210 -0.0070 -0.0650 -0.0210 0.8860
3.2316 0.0050 -0.0040 -0.0060 0.0070 0.0000 -0.9060 -0.0210 0.0210 -0.0070 -0.0650 -0.0210 0.8860
3.2326 0.0050 -0.0040 -0.0060 0.0070 0.0000 -0.9060 -0.0210 0.0210 -0.0070 -0.0650 -0.0210 0.8860
3.2336 0.0050 -0.0040 -0.0060 0.0070 0.0000 -0.9060 -0.0210 0.0210 -0.0070 -0.0650 -0.0210 0.8860
3.2346 0.0050 -0.0040 -0.0060 0.0070 0.0000 -0.9060 -0.0210 0.0210 -0.0070 -0.0650 -0.0210 0.8860
3.2356 0.0050 -0.0040 -0.0060 0.0070 0.0000 -0.9060 -0.0210 0.0210 -0.0070 -0.0650 -0.0210 0.8860
3.2367 0.0050 -0.0040 -0.0060 0.0070 0.0000 -0.9060 -0.0210 0.0210 -0.0070 -0.0650 -0.0210 0.8860
3.2382 0.0050 -0.0040 -0.0060 0.0070 0.0000 -0.9060 -0.0210 0.0210 -0.0070 -0.0650 -0.0210 0.8860
3.2385 0.0050 -0.0030 -0.0060 0.0060 0.0000 -0.9020 -0.0070 0.0360 -0.0070 -0.0510 -0.0070 0.8570
3.2396 0.0050 -0.0030 -0.0060 0.0060 0.0000 -0.9020 -0.0070 0.0360 -0.0070 -0.0510 -0.0070 0.8570
3.2406 0.0050 -0.0030 -0.0060 0.0060 0.0000 -0.9020 -0.0070 0.0360 -0.0070 -0.0510 -0.0070 0.8570
3.2416 0.0050 -0.0030 -0.0060 0.0060 0.0000 -0.9020 -0.0070 0.0360 -0.0070 -0.0510 -0.0070 0.8570
3.2426 0.0050 -0.0030 -0.0060 0.0060 0.0000 -0.9020 -0.0070 0.0360 -0.0070 -0.0510 -0.0070 0.8570
3.2436 0.0050 -0.0030 -0.0060 0.0060 0.0000 -0.9020 -0.0070 0.0360 -0.0070 -0.0510 -0.0070 0.8570
3.2446 0.0050 -0.0030 -0.0060 0.0060 0.0000 -0.9020 -0.0070 0.0360 -0.0070 -0.0510 -0.0070 0.8570
3.2456 0.0050 -0.0030 -0.0060 0.0060 0.0000 -0.9020 -0.0070 0.0360 -0.0070 -0.0510 -0.0070 0.8570
3.2466 0.0050 -0.0030 -0.0060 0.0060 0.0000 -0.9020 -0.0070 0.0360 -0.0070 -0.0510 -0.0070 0.8570
3.2476 0.0050 -0.0030 -0.0060 0.0060 0.0000 -0.9020 -0.0070 0.0360 -0.0070 -0.0510 -0.0070 0.8570
3.2488 0.0050 -0.0030 -0.0060 0.0060 0.0000 -0.9020 -0.0070 0.0360 -0.0070 -0.0510 -0.0070 0.8570
3.2500 0.0050 -0.0030 -0.0060 0.0060 0.0000 -0.9020 -0.0070 0.0210 -0.0070 -0.0360 -0.0210 0.8570
3.2506 0.0050 -0.0030 -0.0060 0.0060 0.0000 -0.8990 -0.0210 0.0070 -0.0070 -0.0510 -0.0070 0.9300
3.2516 0.0050 -0.0030 -0.0060 0.0060 0.0000 -0.8990 -0.0210 0.0070 -0.0070 -0.0510 -0.0070 0.9300
3.2526 0.0050 -0.0030 -0.0060 0.0060 0.0000 -0.8990 -0.0210 0.0070 -0.0070 -0.0510 -0.0070 0.9300
3.2536 0.0050 -0.0030 -0.0060 0.0060 0.0000 -0.8990 -0.0210 0.0070 -0.0070 -0.0510 -0.0070 0.9300
3.2546 0.0050 -0.0030 -0.0060 0.0060 0.0000 -0.8990 -0.0210 0.0070 -0.0070 -0.0510 -0.0070 0.9300
3.2556 0.0050 -0.0030 -0.0060 0.0060 0.0000 -0.8990 -0.0210 0.0070 -0.0070 -0.0510 -0.0070 0.9300
3.2566 0.0050 -0.0030 -0.0060 0.0060 0.0000 -0.8990 -0.0210 0.0070 -0.0070 -0.0510 -0.0070 0.9300
3.2575 0.0050 -0.0030 -0.0060 0.0060 0.0000 -0.8990 -0.0210 0.0070 -0.0070 -0.0510 -0.0070 0.9300
3.2586 0.0050 -0.0030 -0.0060 0.0060 0.0000 -0.8990 -0.0210 0.0070 -0.0070 -0.0510 -0.0070 0.9300
3.2596 0.0050 -0.0030 -0.0060 0.0060 0.0000 -0.8990 -0.0210 0.0070 -0.0070 -0.0510 -0.0070 0.9300
3.2606 0.0050 -0.0030 -0.0060 0.0060 0.0000 -0.8990 -0.0210 0.0070 -0.0070 -0.0510 -0.0070 0.9300
3.2628 0.0050 -0.0030 -0.0060 0.0060 0.0000 -0.8990 -0.0210 0.0070 -0.0070 -0.0510 -0.0070 0.9300
3.2630 0.0050 -0.0030 -0.0060 0.0060 0.0000 -0.8990 -0.0210 0.0070 -0.0070 -0.0510 -0.0070 0.9300
3.2636 0.0050 -0.0030 -0.0060 0.0060 0.0000 -0.8950 -0.0070 0.0070 0.0070 -0.0210 -0.0210 0.8570
3.2646 0.0050 -0.0030 -0.0060 0.0060 0.0000 -0.8950 -0.0070 0.0070 0.0070 -0.0210 -0.0210 0.8570
3.2656 0.0050 -0.0030 -0.0060 0.0060 0.0000 -0.8950 -0.0070 0.0070 0.0070 -0.0210 -0.0210 0.8570
3.2666 0.0050 -0.0030 -0.0060 0.0060 0.0000 -0.8950 -0.0070 0.0070 0.0070 -0.0210 -0.0210 0.8570
3.2676 0.0050 -0.0030 -0.0060 0.0060 0.0000 -0.8950 -0.0070 0.0070 0.0070 -0.0210 -0.0210 0.8570
3.2686 0.0050 -0.0030 -0.0060 0.0060 0.0000 -0.8950 -0.0070 0.0070 0.0070 -0.0210 -0.0210 0.8570
3.2697 0.0050 -0.0030 -0.0060 0.0060 0.0000 -0.8950 -0.0070 0.0070 0.0070 -0.0210 -0.0210 0.8570
3.2706 0.0050 -0.0030 -0.0060 0.0060 0.0000 -0.8950 -0.0070 0.0070 0.0070 -0.0210 -0.0210 0.8570
3.2716 0.0050 -0.0030 -0.0060 0.0060 0.0000 -0.8950 -0.0070 0.0070 0.0070 -0.0210 -0.0210 0.8570
3.2726 0.0050 -0.0030 -0.0060 0.0060 0.0000 -0.8950 -0.0070 0.0070 0.0070 -0.0210 -0.0210 0.8570
3.2741 0.0050 -0.0030 -0.0060 0.0060 0.0000 -0.8950 -0.0210 0.0070 -0.0070 -0.0070 -0.0210 0.8570
3.2747 0.0050 -0.0030 -0.0060 0.0060 0.0000 -0.8930 -0.0210 0.0070 -0.0070 -0.0210 0.0070 0.9150
3.2756 0.0050 -0.0030 -0.0060 0.0060 0.0000 -0.8930 -0.0210 0.0070 -0.0070 -0.0210 0.0070 0.9150
3.2766 0.0050 -0.0030 -0.0060 0.0060 0.0000 -0.8930 -0.0210 0.0070 -0.0070 -0.0210 0.0070 0.9150
3.2776 0.0050 -0.0030 -0.0060 0.0060 0.0000 -0.8930 -0.0210 0.0070 -0.0070 -0.0210 0.0070 0.9150
3.2786 0.0050 -0.0030 -0.0060 0.0060 0.0000 -0.8930 -0.0210 0.0070 -0.0070 -0.0210 0.0070 0.9150
3.2796 0.0050 -0.0030 -0.0060 0.0060 0.0000 -0.8930 -0.0210 0.0070 -0.0070 -0.0210 0.0070 0.9150
3.2806 0.0050 -0.0030 -0.0060 0.0060 0.0000 -0.8930 -0.0210 0.0070 -0.0070 -0.0210 0.0070 0.9150
3.2816 0.0050 -0.0030 -0.0060 0.0060 0.0000 -0.8930 -0.0210 0.0070 -0.0070 -0.0210 0.0070 0.9150
3.2826 0.0050 -0.0030 -0.0060 0.0060 0.0000 -0.8930 -0.0210 0.0070 -0.0070 -0.0210 0.0070 0.9150
3.2836 0.0050 -0.0030 -0.0060 0.0060 0.0000 -0.8930 -0.0210 0.0070 -0.0070 -0.0210 0.0070 0.9150
3.2846 0.0050 -0.0030 -0.0060 0.0060 0.0000 -0.8930 -0.0210 0.0070 -0.0070 -0.0210 0.0070 0.9150
3.2857 0.0040 -0.0030 -0.0060 0.0060 0.0000 -0.8910 -0.0210 0.0070 -0.0070 -0.0210 0.0070 0.9300
3.2867 0.0040 -0.0030 -0.0060 0.0060 0.0000 -0.8900 -0.0210 0.0070 0.0070 -0.0210 -0.0070 0.8710
3.2877 0.0040 -0.0030 -0.0060 0.0060 0.0000 -0.8890 -0.0360 -0.0070 0.0070 -0.0360 -0.0070 0.8710
3.2885 0.0040 -0.0030 -0.0060 0.0060 0.0000 -0.8890 -0.0360 -0.0070 0.0070 -0.0360 -0.0070 0.8710
3.2896 0.0040 -0.0030 -0.0060 0.0060 0.0000 -0.8890 -0.0360 -0.0070 0.0070 -0.0360 -0.0070 0.8710
3.2906 0.0040 -0.0030 -0.0060 0.0060 0.0000 -0.8890 -0.0360 -0.0070 0.0070 -0.0360 -0.0070 0.8710
3.2916 0.0040 -0.0030 -0.0060 0.0060 0.0000 -0.8890 -0.0360 -0.0070 0.0070 -0.0360 -0.0070 0.8710
3.2926 0.0040 -0.0030 -0.0060 0.0060 0.0000 -0.8890 -0.0360 -0.0070 0.0070 -0.0360 -0.0070 0.8710
3.2936 0.0040 -0.0030 -0.0060 0.0060 0.0000 -0.8890 -0.0360 -0.0070 0.0070 -0.0360 -0.0070 0.8710
3.2946 0.0040 -0.0030 -0.0060 0.0060 0.0000 -0.8890 -0.0360 -0.0070 0.0070 -0.0360 -0.0070 0.8710
3.2956 0.0040 -0.0030 -0.0060 0.0060 0.0000 -0.8890 -0.0360 -0.0070 0.0070 -0.0360 -0.0070 0.8710
3.2966 0.0040 -0.0030 -0.0060 0.0060 0.0000 -0.8890 -0.0360 -0.0070 0.0070 -0.0360 -0.0070 0.8710
3.2976 0.0040 -0.0030 -0.0060 0.0060 0.0000 -0.8890 -0.0360 -0.0070 0.0070 -0.0360 -0.0070 0.8710
3.2987 0.0040 -0.0030 -0.0060 0.0060 0.0000 -0.8870 -0.0360 0.0070 -0.0070 -0.0210 0.0070 0.9010
3.2996 0.0040 -0.0030 -0.0060 0.0060 0.0000 -0.8840 -0.0360 -0.0070 0.0070 -0.0210 -0.0070 0.8860
3.3006 0.0040 -0.0030 -0.0060 0.0060 0.0000 -0.8840 -0.0360 -0.0070 0.0070 -0.0210 -0.0070 0.8860
3.3016 0.0040 -0.0030 -0.0060 0.0060 0.0000 -0.8840 -0.0360 -0.0070 0.0070 -0.0210 -0.0070 0.8860
3.3026 0.0040 -0.0030 -0.0060 0.0060 0.0000 -0.8840 -0.0360 -0.0070 0.0070 -0.0210 -0.0070 0.8860
3.3036 0.0040 -0.0030 -0.0060 0.0060 0.0000 -0.8840 -0.0360 -0.0070 0.0070 -0.0210 -0.0070 0.8860
3.3045 0.0040 -0.0030 -0.0060 0.0060 0.0000 -0.8840 -0.0360 -0.0070 0.0070 -0.0210 -0.0070 0.8860
3.3056 0.0040 -0.0030 -0.0060 0.0060 0.0000 -0.8840 -0.0360 -0.0070 0.0070 -0.0210 -0.0070 0.8860
3.3066 0.0040 -0.0030 -0.0060 0.0060 0.0000 -0.8840 -0.0360 -0.0070 0.0070 -0.0210 -0.0070 0.8860
3.3077 0.0040 -0.0030 -0.0060 0.0060 0.0000 -0.8840 -0.0360 -0.0070 0.0070 -0.0210 -0.0070 0.8860
3.3086 0.0040 -0.0030 -0.0060 0.0060 0.0000 -0.8840 -0.0360 -0.0070 0.0070 -0.0210 -0.0070 0.8860
3.3096 0.0040 -0.0030 -0.0060 0.0060 0.0000 -0.8840 -0.0360 -0.0070 0.0070 -0.0210 -0.0070 0.8860
3.3106 0.0040 -0.0030 -0.0060 0.0060 0.0000 -0.8840 -0.0210 -0.0070 0.0070 -0.0210 -0.0070 0.8860
3.3117 0.0040 -0.0030 -0.0060 0.0060 0.0000 -0.8810 -0.0650 0.0070 0.0070 -0.0210 -0.0070 0.8570
3.3126 0.0040 -0.0030 -0.0060 0.0060 0.0000 -0.8810 -0.0650 0.0070 0.0070 -0.0210 -0.0070 0.8570
3.3136 0.0040 -0.0030 -0.0060 0.0060 0.0000 -0.8810 -0.0650 0.0070 0.0070 -0.0210 -0.0070 0.8570
3.3146 0.0040 -0.0030 -0.0060 0.0060 0.0000 -0.8810 -0.0650 0.0070 0.0070 -0.0210 -0.0070 0.8570
3.3156 0.0040 -0.0030 -0.0060 0.0060 0.0000 -0.8810 -0.0650 0.0070 0.0070 -0.0210 -0.0070 0.8570
3.3166 0.0040 -0.0030 -0.0060 0.0060 0.0000 -0.8810 -0.0650 0.0070 0.0070 -0.0210 -0.0070 0.8570
3.3176 0.0040 -0.0030 -0.0060 0.0060 0.0000 -0.8810 -0.0650 0.0070 0.0070 -0.0210 -0.0070 0.8570
3.3186 0.0040 -0.0030 -0.0060 0.0060 0.0000 -0.8810 -0.0650 0.0070 0.0070 -0.0210 -0.0070 0.8570
3.3196 0.0040 -0.0030 -0.0060 0.0060 0.0000 -0.8810 -0.0650 0.0070 0.0070 -0.0210 -0.0070 0.8570
3.3206 0.0040 -0.0030 -0.0060 0.0060 0.0000 -0.8810 -0.0650 0.0070 0.0070 -0.0210 -0.0070 0.8570
3.3216 0.0040 -0.0030 -0.0060 0.0060 0.0000 -0.8810 -0.0650 0.0070 0.0070 -0.0210 -0.0070 0.8570
3.3229 0.0040 -0.0030 -0.0060 0.0060 0.0000 -0.8810 -0.0650 0.0070 0.0070 -0.0210 -0.0070 0.8570
3.3254 0.0040 -0.0030 -0.0060 0.0060 0.0000 -0.8790 -0.0650 0.0210 0.0070 -0.0210 -0.0070 0.9150
3.3255 0.0040 -0.0030 -0.0060 0.0060 0.0000 -0.8790 -0.0650 0.0210 0.0070 -0.0210 -0.0070 0.9150
3.3266 0.0040 -0.0030 -0.0060 0.0060 0.0000 -0.8760 -0.0360 0.0210 0.0070 -0.0070 -0.0070 0.8710
3.3276 0.0040 -0.0030 -0.0060 0.0060 0.0000 -0.8760 -0.0360 0.0210 0.0070 -0.0070 -0.0070 0.8710
3.3286 0.0040 -0.0030 -0.0060 0.0060 0.0000 -0.8760 -0.0360 0.0210 0.0070 -0.0070 -0.0070 0.8710
3.3296 0.0040 -0.0030 -0.0060 0.0060 0.0000 -0.8760 -0.0360 0.0210 0.0070 -0.0070 -0.0070 0.8710
3.3306 0.0040 -0.0030 -0.0060 0.0060 0.0000 -0.8760 -0.0360 0.0210 0.0070 -0.0070 -0.0070 0.8710
3.3316 0.0040 -0.0030 -0.0060 0.0060 0.0000 -0.8760 -0.0360 0.0210 0.0070 -0.0070 -0.0070 0.8710
3.3326 0.0040 -0.0030 -0.0060 0.0060 0.0000 -0.8760 -0.0360 0.0210 0.0070 -0.0070 -0.0070 0.8710
3.3336 0.0040 -0.0030 -0.0060 0.0060 0.0000 -0.8760 -0.0360 0.0210 0.0070 -0.0070 -0.0070 0.8710
3.3347 0.0040 -0.0030 -0.0060 0.0060 0.0000 -0.8760 -0.0360 0.0210 0.0070 -0.0070 -0.0070 0.8710
3.3357 0.0040 -0.0030 -0.0060 0.0060 0.0000 -0.8760 -0.0210 0.0210 0.0070 -0.0070 -0.0070 0.8710
3.3368 0.0040 -0.0030 -0.0060 0.0060 0.0000 -0.8750 -0.0360 0.0210 0.0070 -0.0210 -0.0070 0.8570
3.3375 0.0040 -0.0030 -0.0060 0.0060 0.0000 -0.8730 -0.0360 0.0210 0.0210 -0.0210 -0.0070 0.9010
3.3386 0.0040 -0.0030 -0.0060 0.0060 0.0000 -0.8730 -0.0360 0.0210 0.0210 -0.0210 -0.0070 0.9010
3.3396 0.0040 -0.0030 -0.0060 0.0060 0.0000 -0.8730 -0.0360 0.0210 0.0210 -0.0210 -0.0070 0.9010
3.3406 0.0040 -0.0030 -0.0060 0.0060 0.0000 -0.8730 -0.0360 0.0210 0.0210 -0.0210 -0.0070 0.9010
3.3416 0.0040 -0.0030 -0.0060 0.0060 0.0000 -0.8730 -0.0360 0.0210 0.0210 -0.0210 -0.0070 0.9010
3.3426 0.0040 -0.0030 -0.0060 0.0060 0.0000 -0.8730 -0.0360 0.0210 0.0210 -0.0210 -0.0070 0.9010
3.3436 0.0040 -0.0030 -0.0060 0.0060 0.0000 -0.8730 -0.0360 0.0210 0.0210 -0.0210 -0.0070 0.9010
3.3446 0.0040 -0.0030 -0.0060 0.0060 0.0000 -0.8730 -0.0360 0.0210 0.0210 -0.0210 -0.0070 0.9010
3.3456 0.0040 -0.0030 -0.0060 0.0060 0.0000 -0.8730 -0.0360 0.0210 0.0210 -0.0210 -0.0070 0.9010
3.3466 0.0040 -0.0030 -0.0060 0.0060 0.0000 -0.8730 -0.0360 0.0210 0.0210 -0.0210 -0.0070 0.9010
3.3488 0.0040 -0.0030 -0.0060 0.0060 0.0000 -0.8730 -0.0360 0.0210 0.0210 -0.0210 -0.0070 0.9010
3.3490 0.0040 -0.0020 -0.0050 0.0060 0.0000 -0.8700 -0.0210 0.0360 0.0360 -0.0210 -0.0210 0.8710
3.3496 0.0040 -0.0020 -0.0050 0.0060 0.0000 -0.8690 -0.0210 0.0800 0.0210 -0.0210 0.0070 0.8420
3.3506 0.0040 -0.0020 -0.0050 0.0060 0.0000 -0.8690 -0.0210 0.0800 0.0210 -0.0210 0.0070 0.8420
3.3516 0.0040 -0.0020 -0.0050 0.0060 0.0000 -0.8690 -0.0210 0.0800 0.0210 -0.0210 0.0070 0.8420
3.3526 0.0040 -0.0020 -0.0050 0.0060 0.0000 -0.8690 -0.0210 0.0800 0.0210 -0.0210 0.0070 0.8420
3.3536 0.0040 -0.0020 -0.0050 0.0060 0.0000 -0.8690 -0.0210 0.0800 0.0210 -0.0210 0.0070 0.8420
3.3546 0.0040 -0.0020 -0.0050 0.0060 0.0000 -0.8690 -0.0210 0.0800 0.0210 -0.0210 0.0070 0.8420
3.3556 0.0040 -0.0020 -0.0050 0.0060 0.0000 -0.8690 -0.0210 0.0800 0.0210 -0.0210 0.0070 0.8420
3.3566 0.0040 -0.0020 -0.0050 0.0060 0.0000 -0.8690 -0.0210 0.0800 0.0210 -0.0210 0.0070 0.8420
3.3576 0.0040 -0.0020 -0.0050 0.0060 0.0000 -0.8690 -0.0210 0.0800 0.0210 -0.0210 0.0070 0.8420
3.3586 0.0040 -0.0020 -0.0050 0.0060 0.0000 -0.8690 -0.0210 0.0800 0.0210 -0.0210 0.0070 0.8420
3.3596 0.0040 -0.0020 -0.0050 0.0060 0.0000 -0.8690 -0.0210 0.0800 0.0210 -0.0210 0.0070 0.8420
3.3615 0.0040 -0.0020 -0.0050 0.0060 0.0000 -0.8660 -0.0070 0.0950 0.0510 -0.0210 -0.0210 0.9300
3.3617 0.0040 -0.0020 -0.0050 0.0060 0.0000 -0.8660 -0.0070 0.0950 0.0510 -0.0210 -0.0210 0.9300
3.3626 0.0040 -0.0020 -0.0050 0.0060 0.0000 -0.8660 -0.0070 0.0950 0.0510 -0.0210 -0.0210 0.9300
3.3636 0.0040 -0.0020 -0.0050 0.0060 0.0000 -0.8660 -0.0070 0.0950 0.0510 -0.0210 -0.0210 0.9300
3.3646 0.0040 -0.0020 -0.0050 0.0060 0.0000 -0.8660 -0.0070 0.0950 0.0510 -0.0210 -0.0210 0.9300
3.3656 0.0040 -0.0020 -0.0050 0.0060 0.0000 -0.8660 -0.0070 0.0950 0.0510 -0.0210 -0.0210 0.9300
3.3666 0.0040 -0.0020 -0.0050 0.0060 0.0000 -0.8660 -0.0070 0.0950 0.0510 -0.0210 -0.0210 0.9300
3.3676 0.0040 -0.0020 -0.0050 0.0060 0.0000 -0.8660 -0.0070 0.0950 0.0510 -0.0210 -0.0210 0.9300
3.3686 0.0040 -0.0020 -0.0050 0.0060 0.0000 -0.8660 -0.0070 0.0950 0.0510 -0.0210 -0.0210 0.9300
3.3696 0.0040 -0.0020 -0.0050 0.0060 0.0000 -0.8660 -0.0070 0.0950 0.0510 -0.0210 -0.0210 0.9300
3.3706 0.0040 -0.0020 -0.0050 0.0060 0.0000 -0.8660 -0.0070 0.0950 0.0510 -0.0210 -0.0210 0.9300
3.3724 0.0040 -0.0020 -0.0050 0.0060 0.0000 -0.8640 -0.0070 0.0650 0.0360 -0.0210 -0.0070 0.9150
3.3728 0.0040 -0.0020 -0.0050 0.0060 0.0000 -0.8630 -0.0360 0.0360 0.0070 -0.0210 -0.0070 0.8570
3.3736 0.0040 -0.0020 -0.0050 0.0060 0.0000 -0.8630 -0.0360 0.0360 0.0070 -0.0210 -0.0070 0.8570
3.3746 0.0040 -0.0020 -0.0050 0.0060 0.0000 -0.8630 -0.0360 0.0360 0.0070 -0.0210 -0.0070 0.8570
3.3756 0.0040 -0.0020 -0.0050 0.0060 0.0000 -0.8630 -0.0360 0.0360 0.0070 -0.0210 -0.0070 0.8570
3.3766 0.0040 -0.0020 -0.0050 0.0060 0.0000 -0.8630 -0.0360 0.0360 0.0070 -0.0210 -0.0070 0.8570
3.3776 0.0040 -0.0020 -0.0050 0.0060 0.0000 -0.8630 -0.0360 0.0360 0.0070 -0.0210 -0.0070 0.8570
3.3786 0.0040 -0.0020 -0.0050 0.0060 0.0000 -0.8630 -0.0360 0.0360 0.0070 -0.0210 -0.0070 0.8570
3.3796 0.0040 -0.0020 -0.0050 0.0060 0.0000 -0.8630 -0.0360 0.0360 0.0070 -0.0210 -0.0070 0.8570
3.3806 0.0040 -0.0020 -0.0050 0.0060 0.0000 -0.8630 -0.0360 0.0360 0.0070 -0.0210 -0.0070 0.8570
3.3816 0.0040 -0.0020 -0.0050 0.0060 0.0000 -0.8630 -0.0360 0.0360 0.0070 -0.0210 -0.0070 0.8570
3.3826 0.0040 -0.0020 -0.0050 0.0060 0.0000 -0.8630 -0.0360 0.0360 0.0070 -0.0210 -0.0070 0.8570
3.3841 0.0040 -0.0020 -0.0050 0.0050 0.0000 -0.8600 -0.0360 0.0650 0.0070 -0.0360 -0.0070 0.9010
3.3846 0.0040 -0.0020 -0.0050 0.0050 0.0000 -0.8600 -0.0360 0.0650 0.0070 -0.0360 -0.0070 0.9010
3.3855 0.0040 -0.0020 -0.0050 0.0050 0.0000 -0.8600 -0.0360 0.0650 0.0070 -0.0360 -0.0070 0.9010
3.3866 0.0040 -0.0020 -0.0050 0.0050 0.0000 -0.8600 -0.0360 0.0650 0.0070 -0.0360 -0.0070 0.9010
3.3876 0.0040 -0.0020 -0.0050 0.0050 0.0000 -0.8600 -0.0360 0.0650 0.0070 -0.0360 -0.0070 0.9010
3.3886 0.0040 -0.0020 -0.0050 0.0050 0.0000 -0.8600 -0.0360 0.0650 0.0070 -0.0360 -0.0070 0.9010
3.3896 0.0040 -0.0020 -0.0050 0.0050 0.0000 -0.8600 -0.0360 0.0650 0.0070 -0.0360 -0.0070 0.9010
3.3906 0.0040 -0.0020 -0.0050 0.0050 0.0000 -0.8600 -0.0360 0.0650 0.0070 -0.0360 -0.0070 0.9010
3.3916 0.0040 -0.0020 -0.0050 0.0050 0.0000 -0.8600 -0.0360 0.0650 0.0070 -0.0360 -0.0070 0.9010
3.3926 0.0040 -0.0020 -0.0050 0.0050 0.0000 -0.8600 -0.0360 0.0650 0.0070 -0.0360 -0.0070 0.9010
3.3936 0.0040 -0.0020 -0.0050 0.0050 0.0000 -0.8600 -0.0360 0.0650 0.0070 -0.0360 -0.0070 0.9010
3.3946 0.0040 -0.0020 -0.0050 0.0050 0.0000 -0.8600 -0.0360 0.0650 0.0070 -0.0360 -0.0070 0.9010
3.3959 0.0040 -0.0020 -0.0050 0.0050 0.0000 -0.8580 -0.0210 0.0650 0.0070 -0.0210 -0.0070 0.9300
3.3966 0.0040 -0.0010 -0.0050 0.0050 0.0000 -0.8550 -0.0360 0.0650 -0.0070 -0.0210 -0.0070 0.8710
3.3976 0.0040 -0.0010 -0.0050 0.0050 0.0000 -0.8550 -0.0360 0.0650 -0.0070 -0.0210 -0.0070 0.8710
3.3986 0.0040 -0.0010 -0.0050 0.0050 0.0000 -0.8550 -0.0360 0.0650 -0.0070 -0.0210 -0.0070 0.8710
3.3996 0.0040 -0.0010 -0.0050 0.0050 0.0000 -0.8550 -0.0360 0.0650 -0.0070 -0.0210 -0.0070 0.8710
3.4006 0.0040 -0.0010 -0.0050 0.0050 0.0000 -0.8550 -0.0360 0.0650 -0.0070 -0.0210 -0.0070 0.8710
3.4016 0.0040 -0.0010 -0.0050 0.0050 0.0000 -0.8550 -0.0360 0.0650 -0.0070 -0.0210 -0.0070 0.8710
3.4026 0.0040 -0.0010 -0.0050 0.0050 0.0000 -0.8550 -0.0360 0.0650 -0.0070 -0.0210 -0.0070 0.8710
3.4036 0.0040 -0.0010 -0.0050 0.0050 0.0000 -0.8550 -0.0360 0.0650 -0.0070 -0.0210 -0.0070 0.8710
3.4046 0.0040 -0.0010 -0.0050 0.0050 0.0000 -0.8550 -0.0360 0.0650 -0.0070 -0.0210 -0.0070 0.8710
3.4056 0.0040 -0.0010 -0.0050 0.0050 0.0000 -0.8550 -0.0360 0.0650 -0.0070 -0.0210 -0.0070 0.8710
3.4066 0.0040 -0.0010 -0.0050 0.0050 0.0000 -0.8550 -0.0360 0.0510 0.0070 -0.0210 -0.0070 0.8710
3.4076 0.0040 -0.0010 -0.0050 0.0050 0.0000 -0.8520 -0.0210 -0.0070 0.0070 -0.0360 -0.0070 0.9150
3.4086 0.0040 -0.0010 -0.0050 0.0050 0.0000 -0.8520 -0.0210 -0.0070 0.0070 -0.0360 -0.0070 0.9150
3.4096 0.0040 -0.0010 -0.0050 0.0050 0.0000 -0.8520 -0.0210 -0.0070 0.0070 -0.0360 -0.0070 0.9150
3.4106 0.0040 -0.0010 -0.0050 0.0050 0.0000 -0.8520 -0.0210 -0.0070 0.0070 -0.0360 -0.0070 0.9150
3.4116 0.0040 -0.0010 -0.0050 0.0050 0.0000 -0.8520 -0.0210 -0.0070 0.0070 -0.0360 -0.0070 0.9150
3.4126 0.0040 -0.0010 -0.0050 0.0050 0.0000 -0.8520 -0.0210 -0.0070 0.0070 -0.0360 -0.0070 0.9150
3.4136 0.0040 -0.0010 -0.0050 0.0050 0.0000 -0.8520 -0.0210 -0.0070 0.0070 -0.0360 -0.0070 0.9150
3.4146 0.0040 -0.0010 -0.0050 0.0050 0.0000 -0.8520 -0.0210 -0.0070 0.0070 -0.0360 -0.0070 0.9150
3.4156 0.0040 -0.0010 -0.0050 0.0050 0.0000 -0.8520 -0.0210 -0.0070 0.0070 -0.0360 -0.0070 0.9150
3.4166 0.0040 -0.0010 -0.0050 0.0050 0.0000 -0.8520 -0.0210 -0.0070 0.0070 -0.0360 -0.0070 0.9150
3.4176 0.0040 -0.0010 -0.0050 0.0050 0.0000 -0.8520 -0.0210 -0.0070 0.0070 -0.0360 -0.0070 0.9150
3.4186 0.0040 -0.0010 -0.0050 0.0050 0.0000 -0.8520 -0.0210 -0.0070 0.0070 -0.0360 -0.0070 0.9150
3.4198 0.0040 -0.0010 -0.0050 0.0050 0.0000 -0.8510 -0.0360 -0.0070 0.0070 -0.0360 -0.0070 0.8860
3.4206 0.0040 -0.0010 -0.0050 0.0050 0.0000 -0.8500 -0.0210 0.0070 0.0070 -0.0210 -0.0070 0.8570
3.4216 0.0040 -0.0010 -0.0050 0.0050 0.0000 -0.8500 -0.0210 0.0070 0.0070 -0.0210 -0.0070 0.8570
3.4225 0.0040 -0.0010 -0.0050 0.0050 0.0000 -0.8500 -0.0210 0.0070 0.0070 -0.0210 -0.0070 0.8570
3.4236 0.0040 -0.0010 -0.0050 0.0050 0.0000 -0.8500 -0.0210 0.0070 0.0070 -0.0210 -0.0070 0.8570
3.4246 0.0040 -0.0010 -0.0050 0.0050 0.0000 -0.8500 -0.0210 0.0070 0.0070 -0.0210 -0.0070 0.8570
3.4269 0.0040 -0.0010 -0.0050 0.0050 0.0000 -0.8500 -0.0210 0.0070 0.0070 -0.0210 -0.0070 0.8570
3.4271 0.0040 -0.0010 -0.0050 0.0050 0.0000 -0.8500 -0.0210 0.0070 0.0070 -0.0210 -0.0070 0.8570
3.4276 0.0040 -0.0010 -0.0050 0.0050 0.0000 -0.8500 -0.0210 0.0070 0.0070 -0.0210 -0.0070 0.8570
3.4286 0.0040 -0.0010 -0.0050 0.0050 0.0000 -0.8500 -0.0210 0.0070 0.0070 -0.0210 -0.0070 0.8570
3.4296 0.0040 -0.0010 -0.0050 0.0050 0.0000 -0.8500 -0.0210 0.0070 0.0070 -0.0210 -0.0070 0.8570
3.4306 0.0040 -0.0010 -0.0050 0.0050 0.0000 -0.8500 -0.0210 0.0070 0.0070 -0.0210 -0.0070 0.8570
3.4323 0.0040 -0.0010 -0.0050 0.0050 0.0000 -0.8480 -0.0210 0.0070 0.0070 -0.0210 -0.0070 0.8860
3.4329 0.0040 -0.0010 -0.0050 0.0050 0.0000 -0.8440 -0.0210 0.0070 -0.0070 -0.0210 -0.0070 0.8860
3.4336 0.0040 -0.0010 -0.0050 0.0050 0.0000 -0.8440 -0.0210 0.0070 -0.0070 -0.0210 -0.0070 0.8860
3.4346 0.0040 -0.0010 -0.0050 0.0050 0.0000 -0.8440 -0.0210 0.0070 -0.0070 -0.0210 -0.0070 0.8860
3.4356 0.0040 -0.0010 -0.0050 0.0050 0.0000 -0.8440 -0.0210 0.0070 -0.0070 -0.0210 -0.0070 0.8860
3.4366 0.0040 -0.0010 -0.0050 0.0050 0.0000 -0.8440 -0.0210 0.0070 -0.0070 -0.0210 -0.0070 0.8860
3.4376 0.0040 -0.0010 -0.0050 0.0050 0.0000 -0.8440 -0.0210 0.0070 -0.0070 -0.0210 -0.0070 0.8860
3.4386 0.0040 -0.0010 -0.0050 0.0050 0.0000 -0.8440 -0.0210 0.0070 -0.0070 -0.0210 -0.0070 0.8860
3.4396 0.0040 -0.0010 -0.0050 0.0050 0.0000 -0.8440 -0.0210 0.0070 -0.0070 -0.0210 -0.0070 0.8860
3.4406 0.0040 -0.0010 -0.0050 0.0050 0.0000 -0.8440 -0.0210 0.0070 -0.0070 -0.0210 -0.0070 0.8860
3.4416 0.0040 -0.0010 -0.0050 0.0050 0.0000 -0.8440 -0.0210 0.0070 -0.0070 -0.0210 -0.0070 0.8860
3.4426 0.0040 -0.0010 -0.0050 0.0050 0.0000 -0.8440 -0.0210 0.0070 -0.0070 -0.0210 -0.0070 0.8860
3.4436 0.0040 -0.0010 -0.0050 0.0050 0.0000 -0.8440 -0.0210 0.0070 -0.0070 -0.0210 -0.0070 0.8860
3.4446 0.0030 -0.0010 -0.0050 0.0050 0.0000 -0.8420 -0.0210 -0.0070 -0.0070 -0.0360 0.0070 0.8860
3.4456 0.0030 -0.0010 -0.0050 0.0050 0.0000 -0.8420 -0.0210 -0.0070 -0.0070 -0.0360 0.0070 0.8860
3.4466 0.0030 -0.0010 -0.0050 0.0050 0.0000 -0.8420 -0.0210 -0.0070 -0.0070 -0.0360 0.0070 0.8860
3.4477 0.0030 -0.0010 -0.0050 0.0050 0.0000 -0.8420 -0.0210 -0.0070 -0.0070 -0.0360 0.0070 0.8860
3.4486 0.0030 -0.0010 -0.0050 0.0050 0.0000 -0.8420 -0.0210 -0.0070 -0.0070 -0.0360 0.0070 0.8860
3.4496 0.0030 -0.0010 -0.0050 0.0050 0.0000 -0.8420 -0.0210 -0.0070 -0.0070 -0.0360 0.0070 0.8860
3.4506 0.0030 -0.0010 -0.0050 0.0050 0.0000 -0.8420 -0.0210 -0.0070 -0.0070 -0.0360 0.0070 0.8860
3.4516 0.0030 -0.0010 -0.0050 0.0050 0.0000 -0.8420 -0.0210 -0.0070 -0.0070 -0.0360 0.0070 0.8860
3.4526 0.0030 -0.0010 -0.0050 0.0050 0.0000 -0.8420 -0.0210 -0.0070 -0.0070 -0.0360 0.0070 0.8860
3.4536 0.0030 -0.0010 -0.0050 0.0050 0.0000 -0.8420 -0.0210 -0.0070 -0.0070 -0.0360 0.0070 0.8860
3.4546 0.0030 -0.0010 -0.0050 0.0050 0.0000 -0.8420 -0.0210 -0.0070 -0.0070 -0.0360 0.0070 0.8860
3.4574 0.0030 -0.0010 -0.0050 0.0050 0.0000 -0.8370 -0.0360 -0.0070 0.0070 -0.0210 -0.0070 0.8710
3.4576 0.0030 -0.0010 -0.0050 0.0050 0.0000 -0.8370 -0.0360 -0.0070 0.0070 -0.0210 -0.0070 0.8710
3.4586 0.0030 -0.0010 -0.0050 0.0050 0.0000 -0.8370 -0.0360 0.0070 0.0070 -0.0360 0.0070 0.8710
3.4596 0.0030 -0.0010 -0.0050 0.0050 0.0000 -0.8370 -0.0360 0.0070 0.0070 -0.0360 0.0070 0.8710
3.4606 0.0030 -0.0010 -0.0050 0.0050 0.0000 -0.8370 -0.0360 0.0070 0.0070 -0.0360 0.0070 0.8710
3.4616 0.0030 -0.0010 -0.0050 0.0050 0.0000 -0.8370 -0.0360 0.0070 0.0070 -0.0360 0.0070 0.8710
3.4626 0.0030 -0.0010 -0.0050 0.0050 0.0000 -0.8370 -0.0360 0.0070 0.0070 -0.0360 0.0070 0.8710
3.4636 0.0030 -0.0010 -0.0050 0.0050 0.0000 -0.8370 -0.0360 0.0070 0.0070 -0.0360 0.0070 0.8710
3.4647 0.0030 -0.0010 -0.0050 0.0050 0.0000 -0.8370 -0.0360 0.0070 0.0070 -0.0360 0.0070 0.8710
3.4657 0.0030 -0.0010 -0.0050 0.0050 0.0000 -0.8370 -0.0360 0.0070 0.0070 -0.0360 0.0070 0.8710
3.4667 0.0030 -0.0010 -0.0050 0.0050 0.0000 -0.8370 -0.0360 0.0070 0.0070 -0.0360 0.0070 0.8710
3.4677 0.0030 -0.0010 -0.0050 0.0050 0.0000 -0.8370 -0.0360 0.0070 0.0070 -0.0360 0.0070 0.8710
3.4689 0.0030 -0.0010 -0.0050 0.0050 0.0000 -0.8340 -0.0070 0.0070 -0.0070 -0.0210 0.0070 0.9010
3.4696 0.0030 -0.0010 -0.0050 0.0050 0.0000 -0.8330 -0.0070 0.0070 -0.0070 -0.0070 -0.0070 0.9300
3.4706 0.0030 -0.0010 -0.0050 0.0050 0.0000 -0.8330 -0.0070 0.0070 -0.0070 -0.0070 -0.0070 0.9300
3.4717 0.0030 -0.0010 -0.0050 0.0050 0.0000 -0.8330 -0.0070 0.0070 -0.0070 -0.0070 -0.0070 0.9300
3.4727 0.0030 -0.0010 -0.0050 0.0050 0.0000 -0.8330 -0.0070 0.0070 -0.0070 -0.0070 -0.0070 0.9300
3.4736 0.0030 -0.0010 -0.0050 0.0050 0.0000 -0.8330 -0.0070 0.0070 -0.0070 -0.0070 -0.0070 0.9300
3.4747 0.0030 -0.0010 -0.0050 0.0050 0.0000 -0.8330 -0.0070 0.0070 -0.0070 -0.0070 -0.0070 0.9300
3.4756 0.0030 -0.0010 -0.0050 0.0050 0.0000 -0.8330 -0.0070 0.0070 -0.0070 -0.0070 -0.0070 0.9300
3.4767 0.0030 -0.0010 -0.0050 0.0050 0.0000 -0.8330 -0.0070 0.0070 -0.0070 -0.0070 -0.0070 0.9300
3.4776 0.0030 -0.0010 -0.0050 0.0050 0.0000 -0.8330 -0.0070 0.0070 -0.0070 -0.0070 -0.0070 0.9300
3.4786 0.0030 -0.0010 -0.0050 0.0050 0.0000 -0.8330 -0.0070 0.0070 -0.0070 -0.0070 -0.0070 0.9300
3.4796 0.0030 -0.0010 -0.0050 0.0050 0.0000 -0.8330 -0.0070 0.0070 -0.0070 -0.0070 -0.0070 0.9300
3.4811 0.0030 0.0000 -0.0050 0.0050 0.0000 -0.8310 -0.0210 0.0360 0.0070 -0.0210 -0.0070 0.8860
3.4816 0.0030 0.0000 -0.0050 0.0050 0.0000 -0.8300 -0.0070 0.0360 0.0070 -0.0210 -0.0070 0.8420
3.4826 0.0030 0.0000 -0.0050 0.0050 0.0000 -0.8300 -0.0070 0.0360 0.0070 -0.0210 -0.0070 0.8420
3.4836 0.0030 0.0000 -0.0050 0.0050 0.0000 -0.8300 -0.0070 0.0360 0.0070 -0.0210 -0.0070 0.8420
3.4846 0.0030 0.0000 -0.0050 0.0050 0.0000 -0.8300 -0.0070 0.0360 0.0070 -0.0210 -0.0070 0.8420
3.4856 0.0030 0.0000 -0.0050 0.0050 0.0000 -0.8300 -0.0070 0.0360 0.0070 -0.0210 -0.0070 0.8420
3.4867 0.0030 0.0000 -0.0050 0.0050 0.0000 -0.8300 -0.0070 0.0360 0.0070 -0.0210 -0.0070 0.8420
3.4877 0.0030 0.0000 -0.0050 0.0050 0.0000 -0.8300 -0.0070 0.0360 0.0070 -0.0210 -0.0070 0.8420
3.4886 0.0030 0.0000 -0.0050 0.0050 0.0000 -0.8300 -0.0070 0.0360 0.0070 -0.0210 -0.0070 0.8420
3.4896 0.0030 0.0000 -0.0050 0.0050 0.0000 -0.8300 -0.0070 0.0360 0.0070 -0.0210 -0.0070 0.8420
3.4906 0.0030 0.0000 -0.0050 0.0050 0.0000 -0.8300 -0.0070 0.0360 0.0070 -0.0210 -0.0070 0.8420
3.4916 0.0030 0.0000 -0.0050 0.0050 0.0000 -0.8300 -0.0070 0.0360 0.0070 -0.0210 -0.0070 0.8420
3.4926 0.0030 0.0000 -0.0050 0.0050 0.0000 -0.8300 -0.0070 0.0360 0.0070 -0.0210 -0.0070 0.8420
3.4936 0.0030 0.0000 -0.0050 0.0050 0.0000 -0.8260 -0.0210 0.0510 -0.0070 -0.0210 -0.0070 0.9010
3.4946 0.0030 0.0000 -0.0050 0.0050 0.0000 -0.8260 -0.0210 0.0510 -0.0070 -0.0210 -0.0070 0.9010
3.4956 0.0030 0.0000 -0.0050 0.0050 0.0000 -0.8260 -0.0210 0.0510 -0.0070 -0.0210 -0.0070 0.9010
3.4966 0.0030 0.0000 -0.0050 0.0050 0.0000 -0.8260 -0.0210 0.0510 -0.0070 -0.0210 -0.0070 0.9010
3.4976 0.0030 0.0000 -0.0050 0.0050 0.0000 -0.8260 -0.0210 0.0510 -0.0070 -0.0210 -0.0070 0.9010
3.4987 0.0030 0.0000 -0.0050 0.0050 0.0000 -0.8260 -0.0210 0.0510 -0.0070 -0.0210 -0.0070 0.9010
3.4997 0.0030 0.0000 -0.0050 0.0050 0.0000 -0.8260 -0.0210 0.0510 -0.0070 -0.0210 -0.0070 0.9010
3.5006 0.0030 0.0000 -0.0050 0.0050 0.0000 -0.8260 -0.0210 0.0510 -0.0070 -0.0210 -0.0070 0.9010
3.5016 0.0030 0.0000 -0.0050 0.0050 0.0000 -0.8260 -0.0210 0.0510 -0.0070 -0.0210 -0.0070 0.9010
3.5026 0.0030 0.0000 -0.0050 0.0050 0.0000 -0.8260 -0.0210 0.0510 -0.0070 -0.0210 -0.0070 0.9010
3.5037 0.0030 0.0000 -0.0050 0.0050 0.0000 -0.8260 -0.0210 0.0510 -0.0070 -0.0210 -0.0070 0.9010
3.5046 0.0030 0.0000 -0.0050 0.0050 0.0000 -0.8240 -0.0210 -0.0070 0.0070 -0.0210 -0.0070 0.8570
3.5056 0.0030 0.0000 -0.0050 0.0050 0.0000 -0.8240 -0.0210 -0.0070 0.0070 -0.0210 -0.0070 0.8570
3.5066 0.0030 0.0000 -0.0050 0.0050 0.0000 -0.8240 -0.0210 -0.0070 0.0070 -0.0210 -0.0070 0.8570
3.5076 0.0030 0.0000 -0.0050 0.0050 0.0000 -0.8240 -0.0210 -0.0070 0.0070 -0.0210 -0.0070 0.8570
3.5086 0.0030 0.0000 -0.0050 0.0050 0.0000 -0.8240 -0.0210 -0.0070 0.0070 -0.0210 -0.0070 0.8570
3.5097 0.0030 0.0000 -0.0050 0.0050 0.0000 -0.8240 -0.0210 -0.0070 0.0070 -0.0210 -0.0070 0.8570
3.5107 0.0030 0.0000 -0.0050 0.0050 0.0000 -0.8240 -0.0210 -0.0070 0.0070 -0.0210 -0.0070 0.8570
3.5116 0.0030 0.0000 -0.0050 0.0050 0.0000 -0.8240 -0.0210 -0.0070 0.0070 -0.0210 -0.0070 0.8570
3.5126 0.0030 0.0000 -0.0050 0.0050 0.0000 -0.8240 -0.0210 -0.0070 0.0070 -0.0210 -0.0070 0.8570
3.5136 0.0030 0.0000 -0.0050 0.0050 0.0000 -0.8240 -0.0210 -0.0070 0.0070 -0.0210 -0.0070 0.8570
3.5146 0.0030 0.0000 -0.0050 0.0050 0.0000 -0.8240 -0.0210 -0.0070 0.0070 -0.0210 -0.0070 0.8570
3.5157 0.0030 0.0000 -0.0050 0.0050 0.0000 -0.8230 -0.0210 -0.0070 0.0070 -0.0210 -0.0070 0.8710
3.5168 0.0030 0.0000 -0.0050 0.0050 0.0000 -0.8210 -0.0070 0.0070 -0.0070 -0.0070 -0.0070 0.9150
3.5176 0.0030 0.0000 -0.0050 0.0050 0.0000 -0.8190 -0.0210 -0.0070 0.0070 -0.0210 -0.0070 0.9300
3.5186 0.0030 0.0000 -0.0050 0.0050 0.0000 -0.8190 -0.0210 -0.0070 0.0070 -0.0210 -0.0070 0.9300
3.5197 0.0030 0.0000 -0.0050 0.0050 0.0000 -0.8190 -0.0210 -0.0070 0.0070 -0.0210 -0.0070 0.9300
3.5206 0.0030 0.0000 -0.0050 0.0050 0.0000 -0.8190 -0.0210 -0.0070 0.0070 -0.0210 -0.0070 0.9300
3.5216 0.0030 0.0000 -0.0050 0.0050 0.0000 -0.8190 -0.0210 -0.0070 0.0070 -0.0210 -0.0070 0.9300
3.5226 0.0030 0.0000 -0.0050 0.0050 0.0000 -0.8190 -0.0210 -0.0070 0.0070 -0.0210 -0.0070 0.9300
3.5236 0.0030 0.0000 -0.0050 0.0050 0.0000 -0.8190 -0.0210 -0.0070 0.0070 -0.0210 -0.0070 0.9300
3.5246 0.0030 0.0000 -0.0050 0.0050 0.0000 -0.8190 -0.0210 -0.0070 0.0070 -0.0210 -0.0070 0.9300
3.5256 0.0030 0.0000 -0.0050 0.0050 0.0000 -0.8190 -0.0210 -0.0070 0.0070 -0.0210 -0.0070 0.9300
3.5266 0.0030 0.0000 -0.0050 0.0050 0.0000 -0.8190 -0.0210 -0.0070 0.0070 -0.0210 -0.0070 0.9300
3.5287 0.0030 0.0000 -0.0050 0.0050 0.0000 -0.8180 -0.0070 0.0070 0.0070 -0.0070 -0.0210 0.8860
3.5290 0.0030 0.0000 -0.0050 0.0050 0.0000 -0.8160 -0.0210 0.0070 -0.0070 -0.0070 -0.0070 0.8570
3.5296 0.0030 0.0000 -0.0050 0.0050 0.0000 -0.8160 -0.0210 0.0070 -0.0070 -0.0070 -0.0070 0.8570
3.5307 0.0030 0.0000 -0.0050 0.0050 0.0000 -0.8160 -0.0210 0.0070 -0.0070 -0.0070 -0.0070 0.8570
3.5316 0.0030 0.0000 -0.0050 0.0050 0.0000 -0.8160 -0.0210 0.0070 -0.0070 -0.0070 -0.0070 0.8570
3.5327 0.0030 0.0000 -0.0050 0.0050 0.0000 -0.8160 -0.0210 0.0070 -0.0070 -0.0070 -0.0070 0.8570
3.5336 0.0030 0.0000 -0.0050 0.0050 0.0000 -0.8160 -0.0210 0.0070 -0.0070 -0.0070 -0.0070 0.8570
3.5346 0.0030 0.0000 -0.0050 0.0050 0.0000 -0.8160 -0.0210 0.0070 -0.0070 -0.0070 -0.0070 0.8570
3.5357 0.0030 0.0000 -0.0050 0.0050 0.0000 -0.8160 -0.0210 0.0070 -0.0070 -0.0070 -0.0070 0.8570
3.5366 0.0030 0.0000 -0.0050 0.0050 0.0000 -0.8160 -0.0210 0.0070 -0.0070 -0.0070 -0.0070 0.8570
3.5376 0.0030 0.0000 -0.0050 0.0050 0.0000 -0.8160 -0.0210 0.0070 -0.0070 -0.0070 -0.0070 0.8570
3.5387 0.0030 0.0000 -0.0050 0.0050 0.0000 -0.8160 -0.0210 0.0070 -0.0070 -0.0070 -0.0070 0.8570
3.5397 0.0030 0.0000 -0.0050 0.0050 0.0000 -0.8160 -0.0210 0.0070 -0.0070 -0.0070 -0.0070 0.8570
3.5415 0.0030 0.0000 -0.0050 0.0050 0.0000 -0.8120 -0.0210 0.0070 0.0070 -0.0070 -0.0210 0.9150
3.5416 0.0030 0.0000 -0.0050 0.0050 0.0000 -0.8120 -0.0070 0.0070 0.0070 -0.0070 -0.0210 0.9150
3.5426 0.0030 0.0000 -0.0050 0.0050 0.0000 -0.8120 -0.0070 0.0070 0.0070 -0.0070 -0.0210 0.9150
3.5436 0.0030 0.0000 -0.0050 0.0050 0.0000 -0.8120 -0.0070 0.0070 0.0070 -0.0070 -0.0210 0.9150
3.5447 0.0030 0.0000 -0.0050 0.0050 0.0000 -0.8120 -0.0070 0.0070 0.0070 -0.0070 -0.0210 0.9150
3.5457 0.0030 0.0000 -0.0050 0.0050 0.0000 -0.8120 -0.0070 0.0070 0.0070 -0.0070 -0.0210 0.9150
3.5467 0.0030 0.0000 -0.0050 0.0050 0.0000 -0.8120 -0.0070 0.0070 0.0070 -0.0070 -0.0210 0.9150
3.5477 0.0030 0.0000 -0.0050 0.0050 0.0000 -0.8120 -0.0070 0.0070 0.0070 -0.0070 -0.0210 0.9150
3.5486 0.0030 0.0000 -0.0050 0.0050 0.0000 -0.8120 -0.0070 0.0070 0.0070 -0.0070 -0.0210 0.9150
3.5497 0.0030 0.0000 -0.0050 0.0050 0.0000 -0.8120 -0.0070 0.0070 0.0070 -0.0070 -0.0210 0.9150
3.5507 0.0030 0.0000 -0.0050 0.0050 0.0000 -0.8120 -0.0070 0.0070 0.0070 -0.0070 -0.0210 0.9150
3.5517 0.0030 0.0000 -0.0050 0.0050 0.0000 -0.8120 -0.0070 0.0070 0.0070 -0.0070 -0.0210 0.9150
3.5526 0.0030 0.0000 -0.0050 0.0050 0.0000 -0.8120 -0.0070 0.0070 0.0070 -0.0070 -0.0210 0.9150
3.5540 0.0030 0.0000 -0.0050 0.0050 0.0000 -0.8100 -0.0070 0.0070 -0.0070 -0.0070 -0.0070 0.8710
3.5546 0.0030 0.0000 -0.0050 0.0050 0.0000 -0.8070 -0.0070 -0.0070 -0.0070 -0.0210 0.0070 0.9300
3.5556 0.0030 0.0000 -0.0050 0.0050 0.0000 -0.8070 -0.0070 -0.0070 -0.0070 -0.0210 0.0070 0.9300
3.5566 0.0030 0.0000 -0.0050 0.0050 0.0000 -0.8070 -0.0070 -0.0070 -0.0070 -0.0210 0.0070 0.9300
3.5577 0.0030 0.0000 -0.0050 0.0050 0.0000 -0.8070 -0.0070 -0.0070 -0.0070 -0.0210 0.0070 0.9300
3.5587 0.0030 0.0000 -0.0050 0.0050 0.0000 -0.8070 -0.0070 -0.0070 -0.0070 -0.0210 0.0070 0.9300
3.5596 0.0030 0.0000 -0.0050 0.0050 0.0000 -0.8070 -0.0070 -0.0070 -0.0070 -0.0210 0.0070 0.9300
3.5606 0.0030 0.0000 -0.0050 0.0050 0.0000 -0.8070 -0.0070 -0.0070 -0.0070 -0.0210 0.0070 0.9300
3.5616 0.0030 0.0000 -0.0050 0.0050 0.0000 -0.8070 -0.0070 -0.0070 -0.0070 -0.0210 0.0070 0.9300
3.5626 0.0030 0.0000 -0.0050 0.0050 0.0000 -0.8070 -0.0070 -0.0070 -0.0070 -0.0210 0.0070 0.9300
3.5636 0.0030 0.0000 -0.0050 0.0050 0.0000 -0.8070 -0.0070 -0.0070 -0.0070 -0.0210 0.0070 0.9300
3.5647 0.0030 0.0000 -0.0050 0.0050 0.0000 -0.8070 -0.0070 -0.0070 -0.0070 -0.0210 0.0070 0.9300
3.5659 0.0030 0.0000 -0.0050 0.0050 0.0000 -0.8070 -0.0070 -0.0070 -0.0070 -0.0210 0.0070 0.9300
3.5666 0.0030 0.0000 -0.0050 0.0050 0.0000 -0.8050 -0.0360 -0.0070 -0.0070 -0.0210 -0.0070 0.8710
3.5676 0.0030 0.0000 -0.0050 0.0050 0.0000 -0.8050 -0.0360 -0.0070 -0.0070 -0.0210 -0.0070 0.8710
3.5686 0.0030 0.0000 -0.0050 0.0050 0.0000 -0.8050 -0.0360 -0.0070 -0.0070 -0.0210 -0.0070 0.8710
3.5696 0.0030 0.0000 -0.0050 0.0050 0.0000 -0.8050 -0.0360 -0.0070 -0.0070 -0.0210 -0.0070 0.8710
3.5706 0.0030 0.0000 -0.0050 0.0050 0.0000 -0.8050 -0.0360 -0.0070 -0.0070 -0.0210 -0.0070 0.8710
3.5716 0.0030 0.0000 -0.0050 0.0050 0.0000 -0.8050 -0.0360 -0.0070 -0.0070 -0.0210 -0.0070 0.8710
3.5727 0.0030 0.0000 -0.0050 0.0050 0.0000 -0.8050 -0.0360 -0.0070 -0.0070 -0.0210 -0.0070 0.8710
3.5736 0.0030 0.0000 -0.0050 0.0050 0.0000 -0.8050 -0.0360 -0.0070 -0.0070 -0.0210 -0.0070 0.8710
3.5746 0.0030 0.0000 -0.0050 0.0050 0.0000 -0.8050 -0.0360 -0.0070 -0.0070 -0.0210 -0.0070 0.8710
3.5756 0.0030 0.0000 -0.0050 0.0050 0.0000 -0.8050 -0.0360 -0.0070 -0.0070 -0.0210 -0.0070 0.8710
3.5766 0.0030 0.0000 -0.0050 0.0050 0.0000 -0.8050 -0.0360 -0.0070 -0.0070 -0.0210 -0.0070 0.8710
3.5777 0.0030 0.0000 -0.0050 0.0050 0.0000 -0.8030 -0.0070 0.0070 -0.0070 -0.0210 -0.0070 0.8570
3.5786 0.0030 0.0000 -0.0050 0.0050 0.0000 -0.8000 -0.0070 0.0210 -0.0070 -0.0210 0.0070 0.9300
3.5796 0.0030 0.0000 -0.0050 0.0050 0.0000 -0.8000 -0.0070 0.0210 -0.0070 -0.0210 0.0070 0.9300
3.5806 0.0030 0.0000 -0.0050 0.0050 0.0000 -0.8000 -0.0070 0.0210 -0.0070 -0.0210 0.0070 0.9300
3.5816 0.0030 0.0000 -0.0050 0.0050 0.0000 -0.8000 -0.0070 0.0210 -0.0070 -0.0210 0.0070 0.9300
3.5826 0.0030 0.0000 -0.0050 0.0050 0.0000 -0.8000 -0.0070 0.0210 -0.0070 -0.0210 0.0070 0.9300
3.5836 0.0030 0.0000 -0.0050 0.0050 0.0000 -0.8000 -0.0070 0.0210 -0.0070 -0.0210 0.0070 0.9300
3.5846 0.0030 0.0000 -0.0050 0.0050 0.0000 -0.8000 -0.0070 0.0210 -0.0070 -0.0210 0.0070 0.9300
3.5856 0.0030 0.0000 -0.0050 0.0050 0.0000 -0.8000 -0.0070 0.0210 -0.0070 -0.0210 0.0070 0.9300
3.5866 0.0030 0.0000 -0.0050 0.0050 0.0000 -0.8000 -0.0070 0.0210 -0.0070 -0.0210 0.0070 0.9300
3.5876 0.0030 0.0000 -0.0050 0.0050 0.0000 -0.8000 -0.0070 0.0210 -0.0070 -0.0210 0.0070 0.9300
3.5887 0.0030 0.0000 -0.0050 0.0050 0.0000 -0.8000 -0.0070 0.0210 -0.0070 -0.0210 0.0070 0.9300
3.5896 0.0030 0.0000 -0.0050 0.0050 0.0000 -0.8000 -0.0070 0.0210 -0.0070 -0.0210 0.0070 0.9300
3.5906 0.0030 0.0000 -0.0050 0.0050 0.0000 -0.7970 0.0070 0.0070 0.0070 -0.0210 -0.0070 0.8420
3.5916 0.0030 0.0000 -0.0050 0.0050 0.0000 -0.7970 0.0070 0.0070 0.0070 -0.0210 -0.0070 0.8420
3.5926 0.0030 0.0000 -0.0050 0.0050 0.0000 -0.7970 0.0070 0.0070 0.0070 -0.0210 -0.0070 0.8420
3.5936 0.0030 0.0000 -0.0050 0.0050 0.0000 -0.7970 0.0070 0.0070 0.0070 -0.0210 -0.0070 0.8420
3.5947 0.0030 0.0000 -0.0050 0.0050 0.0000 -0.7970 0.0070 0.0070 0.0070 -0.0210 -0.0070 0.8420
3.5956 0.0030 0.0000 -0.0050 0.0050 0.0000 -0.7970 0.0070 0.0070 0.0070 -0.0210 -0.0070 0.8420
3.5967 0.0030 0.0000 -0.0050 0.0050 0.0000 -0.7970 0.0070 0.0070 0.0070 -0.0210 -0.0070 0.8420
3.5976 0.0030 0.0000 -0.0050 0.0050 0.0000 -0.7970 0.0070 0.0070 0.0070 -0.0210 -0.0070 0.8420
3.5987 0.0030 0.0000 -0.0050 0.0050 0.0000 -0.7970 0.0070 0.0070 0.0070 -0.0210 -0.0070 0.8420
3.5997 0.0030 0.0000 -0.0050 0.0050 0.0000 -0.7970 0.0070 0.0070 0.0070 -0.0210 -0.0070 0.8420
3.6007 0.0030 0.0000 -0.0050 0.0050 0.0000 -0.7970 -0.0070 0.0070 0.0070 -0.0210 -0.0070 0.8420
3.6016 0.0030 0.0000 -0.0050 0.0050 0.0000 -0.7940 -0.0210 0.0210 -0.0070 -0.0360 -0.0070 0.9150
3.6026 0.0030 0.0000 -0.0050 0.0050 0.0000 -0.7940 -0.0210 0.0210 -0.0070 -0.0360 -0.0070 0.9150
3.6036 0.0030 0.0000 -0.0050 0.0050 0.0000 -0.7940 -0.0210 0.0210 -0.0070 -0.0360 -0.0070 0.9150
3.6046 0.0030 0.0000 -0.0050 0.0050 0.0000 -0.7940 -0.0210 0.0210 -0.0070 -0.0360 -0.0070 0.9150
3.6056 0.0030 0.0000 -0.0050 0.0050 0.0000 -0.7940 -0.0210 0.0210 -0.0070 -0.0360 -0.0070 0.9150
3.6067 0.0030 0.0000 -0.0050 0.0050 0.0000 -0.7940 -0.0210 0.0210 -0.0070 -0.0360 -0.0070 0.9150
3.6077 0.0030 0.0000 -0.0050 0.0050 0.0000 -0.7940 -0.0210 0.0210 -0.0070 -0.0360 -0.0070 0.9150
3.6086 0.0030 0.0000 -0.0050 0.0050 0.0000 -0.7940 -0.0210 0.0210 -0.0070 -0.0360 -0.0070 0.9150
3.6097 0.0030 0.0000 -0.0050 0.0050 0.0000 -0.7940 -0.0210 0.0210 -0.0070 -0.0360 -0.0070 0.9150
3.6107 0.0030 0.0000 -0.0050 0.0050 0.0000 -0.7940 -0.0210 0.0210 -0.0070 -0.0360 -0.0070 0.9150
3.6116 0.0030 0.0000 -0.0050 0.0050 0.0000 -0.7940 -0.0210 0.0210 -0.0070 -0.0360 -0.0070 0.9150
3.6136 0.0030 0.0000 -0.0050 0.0040 0.0000 -0.7890 -0.0210 0.0360 -0.0070 -0.0360 -0.0070 0.8570
3.6137 0.0030 0.0000 -0.0050 0.0040 0.0000 -0.7890 -0.0210 0.0360 -0.0070 -0.0360 -0.0070 0.8570
3.6146 0.0030 0.0000 -0.0050 0.0040 0.0000 -0.7890 -0.0210 0.0360 -0.0070 -0.0360 -0.0070 0.8570
3.6156 0.0030 0.0000 -0.0050 0.0040 0.0000 -0.7890 -0.0210 0.0360 -0.0070 -0.0360 -0.0070 0.8570
3.6166 0.0030 0.0000 -0.0050 0.0040 0.0000 -0.7890 -0.0210 0.0360 -0.0070 -0.0360 -0.0070 0.8570
3.6176 0.0030 0.0000 -0.0050 0.0040 0.0000 -0.7890 -0.0210 0.0360 -0.0070 -0.0360 -0.0070 0.8570
3.6186 0.0030 0.0000 -0.0050 0.0040 0.0000 -0.7890 -0.0210 0.0360 -0.0070 -0.0360 -0.0070 0.8570
3.6196 0.0030 0.0000 -0.0050 0.0040 0.0000 -0.7890 -0.0210 0.0360 -0.0070 -0.0360 -0.0070 0.8570
3.6206 0.0030 0.0000 -0.0050 0.0040 0.0000 -0.7890 -0.0210 0.0360 -0.0070 -0.0360 -0.0070 0.8570
3.6216 0.0030 0.0000 -0.0050 0.0040 0.0000 -0.7890 -0.0210 0.0360 -0.0070 -0.0360 -0.0070 0.8570
3.6227 0.0030 0.0000 -0.0050 0.0040 0.0000 -0.7890 -0.0210 0.0360 -0.0070 -0.0360 -0.0070 0.8570
3.6237 0.0030 0.0000 -0.0050 0.0040 0.0000 -0.7890 -0.0210 0.0360 -0.0070 -0.0360 -0.0070 0.8570
3.6246 0.0030 0.0000 -0.0050 0.0040 0.0000 -0.7890 -0.0210 0.0360 -0.0070 -0.0360 -0.0070 0.8570
3.6257 0.0030 0.0000 -0.0050 0.0040 0.0000 -0.7860 -0.0070 0.0210 -0.0070 -0.0210 -0.0070 0.9590
3.6266 0.0030 0.0000 -0.0050 0.0040 0.0000 -0.7860 -0.0070 0.0210 -0.0070 -0.0210 -0.0070 0.9590
3.6276 0.0030 0.0000 -0.0050 0.0040 0.0000 -0.7860 -0.0070 0.0210 -0.0070 -0.0210 -0.0070 0.9590
3.6286 0.0030 0.0000 -0.0050 0.0040 0.0000 -0.7860 -0.0070 0.0210 -0.0070 -0.0210 -0.0070 0.9590
3.6296 0.0030 0.0000 -0.0050 0.0040 0.0000 -0.7860 -0.0070 0.0210 -0.0070 -0.0210 -0.0070 0.9590
3.6306 0.0030 0.0000 -0.0050 0.0040 0.0000 -0.7860 -0.0070 0.0210 -0.0070 -0.0210 -0.0070 0.9590
3.6316 0.0030 0.0000 -0.0050 0.0040 0.0000 -0.7860 -0.0070 0.0210 -0.0070 -0.0210 -0.0070 0.9590
3.6326 0.0030 0.0000 -0.0050 0.0040 0.0000 -0.7860 -0.0070 0.0210 -0.0070 -0.0210 -0.0070 0.9590
3.6337 0.0030 0.0000 -0.0050 0.0040 0.0000 -0.7860 -0.0070 0.0210 -0.0070 -0.0210 -0.0070 0.9590
3.6347 0.0030 0.0000 -0.0050 0.0040 0.0000 -0.7860 -0.0070 0.0210 -0.0070 -0.0210 -0.0070 0.9590
3.6359 0.0030 0.0000 -0.0050 0.0040 0.0000 -0.7860 -0.0070 0.0210 -0.0070 -0.0210 -0.0070 0.9590
3.6367 0.0030 0.0000 -0.0050 0.0040 0.0000 -0.7850 -0.0210 0.0070 -0.0070 -0.0360 -0.0210 0.8710
3.6376 0.0030 0.0000 -0.0050 0.0040 0.0000 -0.7820 -0.0210 0.0070 0.0070 -0.0210 -0.0070 0.8860
3.6386 0.0030 0.0000 -0.0050 0.0040 0.0000 -0.7820 -0.0210 0.0070 0.0070 -0.0210 -0.0070 0.8860
3.6396 0.0030 0.0000 -0.0050 0.0040 0.0000 -0.7820 -0.0210 0.0070 0.0070 -0.0210 -0.0070 0.8860
3.6406 0.0030 0.0000 -0.0050 0.0040 0.0000 -0.7820 -0.0210 0.0070 0.0070 -0.0210 -0.0070 0.8860
3.6416 0.0030 0.0000 -0.0050 0.0040 0.0000 -0.7820 -0.0210 0.0070 0.0070 -0.0210 -0.0070 0.8860
3.6427 0.0030 0.0000 -0.0050 0.0040 0.0000 -0.7820 -0.0210 0.0070 0.0070 -0.0210 -0.0070 0.8860
3.6436 0.0030 0.0000 -0.0050 0.0040 0.0000 -0.7820 -0.0210 0.0070 0.0070 -0.0210 -0.0070 0.8860
3.6446 0.0030 0.0000 -0.0050 0.0040 0.0000 -0.7820 -0.0210 0.0070 0.0070 -0.0210 -0.0070 0.8860
3.6456 0.0030 0.0000 -0.0050 0.0040 0.0000 -0.7820 -0.0210 0.0070 0.0070 -0.0210 -0.0070 0.8860
3.6467 0.0030 0.0000 -0.0050 0.0040 0.0000 -0.7820 -0.0210 0.0070 0.0070 -0.0210 -0.0070 0.8860
3.6477 0.0030 0.0000 -0.0050 0.0040 0.0000 -0.7820 -0.0210 0.0070 0.0070 -0.0210 -0.0070 0.8860
3.6496 0.0030 0.0000 -0.0050 0.0040 0.0000 -0.7820 -0.0210 0.0070 0.0070 -0.0210 -0.0070 0.8860
3.6531 0.0030 0.0000 -0.0050 0.0040 0.0000 -0.7820 -0.0210 0.0070 0.0070 -0.0210 -0.0070 0.8860
3.6539 0.0030 0.0000 -0.0050 0.0040 0.0000 -0.7790 -0.0210 0.0070 -0.0070 -0.0210 -0.0070 0.9010
3.6546 0.0030 0.0000 -0.0050 0.0040 0.0000 -0.7790 -0.0210 0.0070 -0.0070 -0.0210 -0.0070 0.9010
3.6556 0.0030 0.0000 -0.0050 0.0040 0.0000 -0.7790 -0.0210 0.0070 -0.0070 -0.0210 -0.0070 0.9010
3.6566 0.0030 0.0000 -0.0050 0.0040 0.0000 -0.7790 -0.0210 0.0070 -0.0070 -0.0210 -0.0070 0.9010
3.6576 0.0030 0.0000 -0.0050 0.0040 0.0000 -0.7790 -0.0210 0.0070 -0.0070 -0.0210 -0.0070 0.9010
3.6586 0.0030 0.0000 -0.0050 0.0040 0.0000 -0.7790 -0.0210 0.0070 -0.0070 -0.0210 -0.0070 0.9010
3.6596 0.0030 0.0000 -0.0050 0.0040 0.0000 -0.7790 -0.0210 0.0070 -0.0070 -0.0210 -0.0070 0.9010
3.6606 0.0030 0.0000 -0.0050 0.0040 0.0000 -0.7790 -0.0210 0.0070 -0.0070 -0.0210 -0.0070 0.9010
3.6626 0.0030 0.0000 -0.0050 0.0040 0.0000 -0.7790 -0.0210 0.0070 -0.0070 -0.0210 -0.0070 0.9010
3.6638 0.0030 0.0000 -0.0050 0.0040 0.0000 -0.7790 -0.0210 0.0070 -0.0070 -0.0210 -0.0070 0.9010
3.6729 0.0030 0.0000 -0.0050 0.0040 0.0000 -0.7780 -0.0210 -0.0070 0.0070 -0.0210 -0.0070 0.8710
3.6741 0.0030 0.0000 -0.0050 0.0040 0.0000 -0.7760 -0.0210 0.0070 -0.0070 -0.0360 -0.0070 0.9010
3.6755 0.0030 0.0000 -0.0050 0.0040 0.0000 -0.7760 -0.0210 0.0070 -0.0070 -0.0360 -0.0070 0.9010
3.6764 0.0030 0.0000 -0.0050 0.0040 0.0000 -0.7760 -0.0210 0.0070 -0.0070 -0.0360 -0.0070 0.9010
3.6776 0.0030 0.0000 -0.0050 0.0040 0.0000 -0.7760 -0.0070 0.0070 -0.0070 -0.0360 -0.0070 0.9010
3.6786 0.0030 0.0000 -0.0050 0.0040 0.0000 -0.7760 -0.0070 0.0070 -0.0070 -0.0360 -0.0070 0.9010
3.6803 0.0030 0.0000 -0.0050 0.0040 0.0000 -0.7760 -0.0070 0.0070 -0.0070 -0.0360 -0.0070 0.9010
3.6810 0.0030 0.0000 -0.0050 0.0040 0.0000 -0.7760 -0.0070 0.0070 -0.0070 -0.0360 -0.0070 0.9010
3.6822 0.0030 0.0000 -0.0050 0.0040 0.0000 -0.7740 -0.0070 -0.0070 0.0070 -0.0070 -0.0070 0.9450
3.6831 0.0030 0.0000 -0.0050 0.0040 0.0000 -0.7740 -0.0070 -0.0070 0.0070 -0.0070 -0.0070 0.9450
3.6839 0.0030 0.0000 -0.0050 0.0040 0.0000 -0.7740 -0.0070 -0.0070 0.0070 -0.0070 -0.0070 0.9450
3.6849 0.0030 0.0000 -0.0050 0.0040 0.0000 -0.7740 -0.0070 -0.0070 0.0070 -0.0070 -0.0070 0.9450
3.6859 0.0030 0.0000 -0.0050 0.0040 0.0000 -0.7740 -0.0070 -0.0070 0.0070 -0.0070 -0.0070 0.9450
3.6869 0.0030 0.0000 -0.0050 0.0040 0.0000 -0.7740 -0.0070 -0.0070 0.0070 -0.0070 -0.0070 0.9450
3.6879 0.0030 0.0000 -0.0050 0.0040 0.0000 -0.7740 -0.0070 -0.0070 0.0070 -0.0070 -0.0070 0.9450
3.6889 0.0030 0.0000 -0.0050 0.0040 0.0000 -0.7740 -0.0070 -0.0070 0.0070 -0.0070 -0.0070 0.9450
3.6902 0.0030 0.0000 -0.0050 0.0040 0.0000 -0.7740 -0.0070 -0.0070 0.0070 -0.0070 -0.0070 0.9450
3.6909 0.0030 0.0000 -0.0050 0.0040 0.0000 -0.7740 -0.0070 -0.0070 0.0070 -0.0070 -0.0070 0.9450
3.6919 0.0030 0.0000 -0.0050 0.0040 0.0000 -0.7740 -0.0070 -0.0070 0.0070 -0.0070 -0.0070 0.9450
3.6929 0.0030 0.0000 -0.0050 0.0040 0.0000 -0.7740 -0.0070 -0.0070 0.0070 -0.0070 -0.0070 0.9450
3.7045 0.0030 0.0000 -0.0050 0.0040 0.0000 -0.7740 -0.0070 -0.0070 0.0070 -0.0070 -0.0070 0.9450
3.7051 0.0030 0.0000 -0.0050 0.0040 0.0000 -0.7730 -0.0210 -0.0070 -0.0070 -0.0210 -0.0070 0.9150
3.7067 0.0020 0.0000 -0.0040 0.0040 0.0000 -0.7650 -0.0210 -0.0070 0.0210 -0.0210 -0.0210 0.8710
3.7075 0.0020 0.0000 -0.0040 0.0040 0.0000 -0.7650 -0.0210 -0.0070 0.0210 -0.0210 -0.0210 0.8710
3.7083 0.0020 0.0000 -0.0040 0.0040 0.0000 -0.7650 -0.0210 -0.0070 0.0210 -0.0210 -0.0210 0.8710
3.7129 0.0020 0.0000 -0.0040 0.0040 0.0000 -0.7650 -0.0210 -0.0070 0.0210 -0.0210 -0.0210 0.8710
3.7137 0.0020 0.0000 -0.0040 0.0040 0.0000 -0.7650 -0.0210 -0.0070 0.0210 -0.0210 -0.0210 0.8710
3.7145 0.0020 0.0000 -0.0040 0.0040 0.0000 -0.7650 -0.0210 -0.0070 0.0210 -0.0210 -0.0210 0.8710
3.7159 0.0020 0.0000 -0.0040 0.0040 0.0000 -0.7650 -0.0210 -0.0070 0.0210 -0.0210 -0.0210 0.8710
3.7175 0.0020 0.0000 -0.0040 0.0040 0.0000 -0.7650 -0.0210 -0.0070 0.0210 -0.0210 -0.0210 0.8710
3.7184 0.0020 0.0000 -0.0040 0.0040 0.0000 -0.7650 -0.0210 -0.0070 0.0210 -0.0210 -0.0210 0.8710
3.7188 0.0020 0.0000 -0.0040 0.0040 0.0000 -0.7640 -0.0210 -0.0070 0.0210 -0.0070 -0.0070 0.8710
3.7196 0.0020 0.0000 -0.0040 0.0040 0.0000 -0.7640 -0.0210 -0.0070 0.0210 -0.0070 -0.0070 0.8710
3.7210 0.0020 0.0000 -0.0040 0.0040 0.0000 -0.7640 -0.0210 -0.0070 0.0210 -0.0070 -0.0070 0.8710
3.7219 0.0020 0.0000 -0.0040 0.0040 0.0000 -0.7630 -0.0210 -0.0070 0.0210 -0.0360 0.0070 0.9010
3.7229 0.0020 0.0000 -0.0040 0.0040 0.0000 -0.7630 -0.0210 -0.0070 0.0210 -0.0360 0.0070 0.9010
3.7240 0.0020 0.0000 -0.0040 0.0040 0.0000 -0.7610 -0.0210 -0.0070 0.0070 -0.0070 -0.0070 0.9300
3.7252 0.0020 0.0000 -0.0040 0.0040 0.0000 -0.7610 -0.0360 -0.0070 0.0070 -0.0070 -0.0070 0.9300
3.7255 0.0020 0.0000 -0.0040 0.0040 0.0000 -0.7600 -0.0360 -0.0070 0.0210 -0.0210 -0.0070 0.9010
3.7294 0.0020 0.0000 -0.0040 0.0040 0.0000 -0.7600 -0.0360 -0.0070 0.0210 -0.0210 -0.0070 0.9010
3.7303 0.0020 0.0000 -0.0040 0.0040 0.0000 -0.7600 -0.0360 -0.0070 0.0210 -0.0210 -0.0070 0.9010
3.7348 0.0020 0.0000 -0.0040 0.0040 0.0000 -0.7600 -0.0360 -0.0070 0.0210 -0.0210 -0.0070 0.9010
3.7352 0.0020 0.0000 -0.0040 0.0040 0.0000 -0.7600 -0.0360 -0.0070 0.0210 -0.0210 -0.0070 0.9010
3.7362 0.0020 0.0000 -0.0040 0.0040 0.0000 -0.7600 -0.0360 -0.0070 0.0210 -0.0210 -0.0070 0.9010
3.7403 0.0020 0.0000 -0.0040 0.0040 0.0000 -0.7600 -0.0360 -0.0070 0.0210 -0.0210 -0.0070 0.9010
3.7413 0.0020 0.0000 -0.0040 0.0040 0.0000 -0.7580 -0.0360 -0.0070 0.0210 -0.0210 -0.0210 0.8270
3.7426 0.0020 0.0000 -0.0040 0.0040 0.0000 -0.7580 -0.0360 -0.0070 0.0210 -0.0210 -0.0210 0.8270
3.7430 0.0020 0.0000 -0.0040 0.0040 0.0000 -0.7580 -0.0360 -0.0070 0.0210 -0.0210 -0.0210 0.8270
3.7437 0.0020 0.0000 -0.0040 0.0040 0.0000 -0.7580 -0.0360 -0.0070 0.0210 -0.0210 -0.0210 0.8270
3.7449 0.0020 0.0000 -0.0040 0.0040 0.0000 -0.7580 -0.0360 -0.0070 0.0210 -0.0210 -0.0210 0.8270
3.7456 0.0020 0.0000 -0.0040 0.0040 0.0000 -0.7550 -0.0070 -0.0070 0.0210 -0.0070 0.0070 0.9300
3.7471 0.0020 0.0000 -0.0040 0.0040 0.0000 -0.7520 -0.0210 0.0070 0.0070 -0.0070 -0.0070 0.8710
3.7477 0.0020 0.0000 -0.0040 0.0040 0.0000 -0.7520 -0.0210 0.0070 0.0070 -0.0070 -0.0070 0.8710
3.7487 0.0020 0.0000 -0.0040 0.0040 0.0000 -0.7520 -0.0210 0.0070 0.0070 -0.0070 -0.0070 0.8710
3.7496 0.0020 0.0000 -0.0040 0.0040 0.0000 -0.7520 -0.0210 0.0070 0.0070 -0.0070 -0.0070 0.8710
3.7508 0.0020 0.0000 -0.0040 0.0040 0.0000 -0.7520 -0.0210 0.0070 0.0070 -0.0070 -0.0070 0.8710
3.7517 0.0020 0.0000 -0.0040 0.0040 0.0000 -0.7520 -0.0210 0.0070 0.0070 -0.0070 -0.0070 0.8710
3.7526 0.0020 0.0000 -0.0040 0.0040 0.0000 -0.7520 -0.0210 0.0070 0.0070 -0.0070 -0.0070 0.8710
3.7536 0.0020 0.0000 -0.0040 0.0040 0.0000 -0.7520 -0.0210 0.0070 0.0070 -0.0070 -0.0070 0.8710
3.7546 0.0020 0.0000 -0.0040 0.0040 0.0000 -0.7520 -0.0210 0.0070 0.0070 -0.0070 -0.0070 0.8710
3.7557 0.0020 0.0000 -0.0040 0.0040 0.0000 -0.7520 -0.0210 0.0070 0.0070 -0.0070 -0.0070 0.8710
3.7567 0.0020 0.0000 -0.0040 0.0040 0.0000 -0.7520 -0.0210 0.0070 0.0070 -0.0070 -0.0070 0.8710
3.7577 0.0020 0.0000 -0.0040 0.0040 0.0000 -0.7520 -0.0210 0.0070 0.0070 -0.0070 -0.0070 0.8710
3.7586 0.0020 0.0000 -0.0040 0.0040 0.0000 -0.7470 -0.0210 -0.0070 0.0070 -0.0210 -0.0070 0.9300
3.7597 0.0020 0.0000 -0.0040 0.0040 0.0000 -0.7470 -0.0210 -0.0070 0.0070 -0.0210 -0.0070 0.9300
3.7611 0.0020 0.0000 -0.0040 0.0040 0.0000 -0.7470 -0.0210 -0.0070 0.0070 -0.0210 -0.0070 0.9300
3.7616 0.0020 0.0000 -0.0040 0.0040 0.0000 -0.7470 -0.0210 -0.0070 0.0070 -0.0210 -0.0070 0.9300
3.7626 0.0020 0.0000 -0.0040 0.0040 0.0000 -0.7470 -0.0210 -0.0070 0.0070 -0.0210 -0.0070 0.9300
3.7636 0.0020 0.0000 -0.0040 0.0040 0.0000 -0.7470 -0.0210 -0.0070 0.0070 -0.0210 -0.0070 0.9300
3.7647 0.0020 0.0000 -0.0040 0.0040 0.0000 -0.7470 -0.0210 -0.0070 0.0070 -0.0210 -0.0070 0.9300
3.7657 0.0020 0.0000 -0.0040 0.0040 0.0000 -0.7470 -0.0210 -0.0070 0.0070 -0.0210 -0.0070 0.9300
3.7667 0.0020 0.0000 -0.0040 0.0040 0.0000 -0.7470 -0.0210 -0.0070 0.0070 -0.0210 -0.0070 0.9300
3.7677 0.0020 0.0000 -0.0040 0.0040 0.0000 -0.7470 -0.0210 -0.0070 0.0070 -0.0210 -0.0070 0.9300
3.7686 0.0020 0.0000 -0.0040 0.0040 0.0000 -0.7470 -0.0210 -0.0070 0.0070 -0.0210 -0.0070 0.9300
3.7696 0.0020 0.0000 -0.0040 0.0040 0.0000 -0.7470 -0.0210 -0.0070 0.0070 -0.0210 -0.0070 0.9300
3.7707 0.0020 0.0000 -0.0040 0.0040 0.0000 -0.7470 -0.0210 -0.0070 0.0070 -0.0210 -0.0070 0.9300
3.7716 0.0020 0.0000 -0.0040 0.0040 0.0000 -0.7460 -0.0210 -0.0210 0.0210 -0.0210 0.0070 0.8710
3.7726 0.0020 0.0000 -0.0040 0.0040 0.0000 -0.7440 -0.0210 -0.0070 -0.0070 -0.0070 -0.0070 0.8570
3.7737 0.0020 0.0000 -0.0040 0.0040 0.0000 -0.7430 -0.0210 0.0070 0.0210 -0.0210 -0.0210 0.8860
3.7746 0.0020 0.0000 -0.0040 0.0040 0.0000 -0.7430 -0.0070 0.0070 0.0210 -0.0210 -0.0210 0.8860
3.7756 0.0020 0.0000 -0.0040 0.0040 0.0000 -0.7430 -0.0070 0.0070 0.0210 -0.0210 -0.0210 0.8860
3.7766 0.0020 0.0000 -0.0040 0.0040 0.0000 -0.7430 -0.0070 0.0070 0.0210 -0.0210 -0.0210 0.8860
3.7777 0.0020 0.0000 -0.0040 0.0040 0.0000 -0.7430 -0.0070 0.0070 0.0210 -0.0210 -0.0210 0.8860
3.7787 0.0020 0.0000 -0.0040 0.0040 0.0000 -0.7430 -0.0070 0.0070 0.0210 -0.0210 -0.0210 0.8860
3.7797 0.0020 0.0000 -0.0040 0.0040 0.0000 -0.7430 -0.0070 0.0070 0.0210 -0.0210 -0.0210 0.8860
3.7806 0.0020 0.0000 -0.0040 0.0040 0.0000 -0.7430 -0.0070 0.0070 0.0210 -0.0210 -0.0210 0.8860
3.7816 0.0020 0.0000 -0.0040 0.0040 0.0000 -0.7430 -0.0070 0.0070 0.0210 -0.0210 -0.0210 0.8860
3.7827 0.0020 0.0000 -0.0040 0.0040 0.0000 -0.7430 -0.0070 0.0070 0.0210 -0.0210 -0.0210 0.8860
3.7836 0.0020 0.0000 -0.0040 0.0040 0.0000 -0.7430 -0.0070 0.0070 0.0210 -0.0210 -0.0210 0.8860
3.7847 0.0020 0.0000 -0.0040 0.0040 0.0000 -0.7430 -0.0070 0.0070 0.0210 -0.0210 -0.0210 0.8860
3.7856 0.0020 0.0000 -0.0040 0.0040 0.0000 -0.7410 -0.0070 -0.0070 0.0070 -0.0210 -0.0070 0.9300
3.7873 0.0020 0.0000 -0.0040 0.0040 0.0000 -0.7390 -0.0210 -0.0070 0.0210 -0.0210 -0.0070 0.8570
3.7876 0.0020 0.0000 -0.0040 0.0040 0.0000 -0.7390 -0.0210 -0.0070 0.0210 -0.0210 -0.0070 0.8570
3.7886 0.0020 0.0000 -0.0040 0.0040 0.0000 -0.7390 -0.0210 -0.0070 0.0210 -0.0210 -0.0070 0.8570
3.7897 0.0020 0.0000 -0.0040 0.0040 0.0000 -0.7390 -0.0210 -0.0070 0.0210 -0.0210 -0.0070 0.8570
3.7906 0.0020 0.0000 -0.0040 0.0040 0.0000 -0.7390 -0.0210 -0.0070 0.0210 -0.0210 -0.0070 0.8570
3.7916 0.0020 0.0000 -0.0040 0.0040 0.0000 -0.7390 -0.0210 -0.0070 0.0210 -0.0210 -0.0070 0.8570
3.7926 0.0020 0.0000 -0.0040 0.0040 0.0000 -0.7390 -0.0210 -0.0070 0.0210 -0.0210 -0.0070 0.8570
3.7936 0.0020 0.0000 -0.0040 0.0040 0.0000 -0.7390 -0.0210 -0.0070 0.0210 -0.0210 -0.0070 0.8570
3.7947 0.0020 0.0000 -0.0040 0.0040 0.0000 -0.7390 -0.0210 -0.0070 0.0210 -0.0210 -0.0070 0.8570
3.7957 0.0020 0.0000 -0.0040 0.0040 0.0000 -0.7390 -0.0210 -0.0070 0.0210 -0.0210 -0.0070 0.8570
3.7967 0.0020 0.0000 -0.0040 0.0040 0.0000 -0.7390 -0.0210 -0.0070 0.0210 -0.0210 -0.0070 0.8570
3.7979 0.0020 0.0000 -0.0040 0.0040 0.0000 -0.7370 -0.0210 -0.0070 0.0070 -0.0360 -0.0070 0.8710
3.7986 0.0020 0.0000 -0.0040 0.0040 0.0000 -0.7360 -0.0210 -0.0070 0.0070 -0.0210 -0.0070 0.9150
3.7996 0.0020 0.0000 -0.0040 0.0040 0.0000 -0.7340 -0.0210 -0.0070 0.0210 -0.0360 0.0070 0.9150
3.8006 0.0020 0.0000 -0.0040 0.0040 0.0000 -0.7340 -0.0210 -0.0070 0.0210 -0.0360 0.0070 0.9150
3.8016 0.0020 0.0000 -0.0040 0.0040 0.0000 -0.7340 -0.0210 -0.0070 0.0210 -0.0360 0.0070 0.9150
3.8027 0.0020 0.0000 -0.0040 0.0040 0.0000 -0.7340 -0.0210 -0.0070 0.0210 -0.0360 0.0070 0.9150
3.8037 0.0020 0.0000 -0.0040 0.0040 0.0000 -0.7340 -0.0210 -0.0070 0.0210 -0.0360 0.0070 0.9150
3.8047 0.0020 0.0000 -0.0040 0.0040 0.0000 -0.7340 -0.0210 -0.0070 0.0210 -0.0360 0.0070 0.9150
3.8057 0.0020 0.0000 -0.0040 0.0040 0.0000 -0.7340 -0.0210 -0.0070 0.0210 -0.0360 0.0070 0.9150
3.8067 0.0020 0.0000 -0.0040 0.0040 0.0000 -0.7340 -0.0210 -0.0070 0.0210 -0.0360 0.0070 0.9150
3.8077 0.0020 0.0000 -0.0040 0.0040 0.0000 -0.7340 -0.0210 -0.0070 0.0210 -0.0360 0.0070 0.9150
3.8087 0.0020 0.0000 -0.0040 0.0040 0.0000 -0.7340 -0.0210 -0.0070 0.0210 -0.0360 0.0070 0.9150
3.8097 0.0020 0.0000 -0.0040 0.0040 0.0000 -0.7340 -0.0210 -0.0070 0.0210 -0.0360 0.0070 0.9150
3.8107 0.0020 0.0000 -0.0040 0.0040 0.0000 -0.7340 -0.0210 -0.0070 0.0210 -0.0360 0.0070 0.9150
3.8122 0.0020 0.0000 -0.0040 0.0040 0.0000 -0.7330 -0.0070 -0.0210 0.0360 -0.0360 -0.0210 0.8710
3.8126 0.0020 0.0000 -0.0040 0.0040 0.0000 -0.7310 -0.0210 -0.0070 0.0210 -0.0360 -0.0210 0.8710
3.8136 0.0020 0.0000 -0.0040 0.0040 0.0000 -0.7310 -0.0210 -0.0070 0.0210 -0.0360 -0.0210 0.8710
3.8146 0.0020 0.0000 -0.0040 0.0040 0.0000 -0.7310 -0.0210 -0.0070 0.0210 -0.0360 -0.0210 0.8710
3.8157 0.0020 0.0000 -0.0040 0.0040 0.0000 -0.7310 -0.0210 -0.0070 0.0210 -0.0360 -0.0210 0.8710
3.8167 0.0020 0.0000 -0.0040 0.0040 0.0000 -0.7310 -0.0210 -0.0070 0.0210 -0.0360 -0.0210 0.8710
3.8177 0.0020 0.0000 -0.0040 0.0040 0.0000 -0.7310 -0.0210 -0.0070 0.0210 -0.0360 -0.0210 0.8710
3.8187 0.0020 0.0000 -0.0040 0.0040 0.0000 -0.7310 -0.0210 -0.0070 0.0210 -0.0360 -0.0210 0.8710
3.8197 0.0020 0.0000 -0.0040 0.0040 0.0000 -0.7310 -0.0210 -0.0070 0.0210 -0.0360 -0.0210 0.8710
3.8206 0.0020 0.0000 -0.0040 0.0040 0.0000 -0.7310 -0.0210 -0.0070 0.0210 -0.0360 -0.0210 0.8710
3.8217 0.0020 0.0000 -0.0040 0.0040 0.0000 -0.7310 -0.0210 -0.0070 0.0210 -0.0360 -0.0210 0.8710
3.8228 0.0020 0.0000 -0.0040 0.0040 0.0000 -0.7310 -0.0210 -0.0070 0.0210 -0.0360 -0.0210 0.8710
3.8237 0.0020 0.0000 -0.0040 0.0030 0.0000 -0.7280 -0.0210 -0.0070 0.0360 -0.0510 -0.0070 0.9150
3.8246 0.0020 0.0000 -0.0040 0.0030 0.0000 -0.7260 -0.0210 -0.0070 0.0510 -0.0510 -0.0210 0.9150
3.8256 0.0020 0.0000 -0.0040 0.0030 0.0000 -0.7260 -0.0210 -0.0070 0.0510 -0.0510 -0.0210 0.9150
3.8267 0.0020 0.0000 -0.0040 0.0030 0.0000 -0.7260 -0.0210 -0.0070 0.0510 -0.0510 -0.0210 0.9150
3.8277 0.0020 0.0000 -0.0040 0.0030 0.0000 -0.7260 -0.0210 -0.0070 0.0510 -0.0510 -0.0210 0.9150
3.8286 0.0020 0.0000 -0.0040 0.0030 0.0000 -0.7260 -0.0210 -0.0070 0.0510 -0.0510 -0.0210 0.9150
3.8297 0.0020 0.0000 -0.0040 0.0030 0.0000 -0.7260 -0.0210 -0.0070 0.0510 -0.0510 -0.0210 0.9150
3.8307 0.0020 0.0000 -0.0040 0.0030 0.0000 -0.7260 -0.0210 -0.0070 0.0510 -0.0510 -0.0210 0.9150
3.8317 0.0020 0.0000 -0.0040 0.0030 0.0000 -0.7260 -0.0210 -0.0070 0.0510 -0.0510 -0.0210 0.9150
3.8326 0.0020 0.0000 -0.0040 0.0030 0.0000 -0.7260 -0.0210 -0.0070 0.0510 -0.0510 -0.0210 0.9150
3.8337 0.0020 0.0000 -0.0040 0.0030 0.0000 -0.7260 -0.0210 -0.0070 0.0510 -0.0510 -0.0210 0.9150
3.8346 0.0020 0.0000 -0.0040 0.0030 0.0000 -0.7260 -0.0210 -0.0070 0.0510 -0.0510 -0.0210 0.9150
3.8356 0.0020 0.0000 -0.0040 0.0030 0.0000 -0.7260 -0.0210 -0.0070 0.0510 -0.0510 -0.0210 0.9150
3.8367 0.0020 0.0000 -0.0030 0.0030 0.0000 -0.7230 -0.0070 -0.0210 0.0510 -0.0360 -0.0210 0.8710
3.8376 0.0020 0.0000 -0.0030 0.0030 0.0000 -0.7230 -0.0210 -0.0210 0.0510 -0.0360 -0.0210 0.8710
3.8386 0.0020 0.0000 -0.0030 0.0030 0.0000 -0.7230 -0.0210 -0.0210 0.0510 -0.0360 -0.0210 0.8710
3.8396 0.0020 0.0000 -0.0030 0.0030 0.0000 -0.7230 -0.0210 -0.0210 0.0510 -0.0360 -0.0210 0.8710
3.8406 0.0020 0.0000 -0.0030 0.0030 0.0000 -0.7230 -0.0210 -0.0210 0.0510 -0.0360 -0.0210 0.8710
3.8416 0.0020 0.0000 -0.0030 0.0030 0.0000 -0.7230 -0.0210 -0.0210 0.0510 -0.0360 -0.0210 0.8710
3.8427 0.0020 0.0000 -0.0030 0.0030 0.0000 -0.7230 -0.0210 -0.0210 0.0510 -0.0360 -0.0210 0.8710
3.8436 0.0020 0.0000 -0.0030 0.0030 0.0000 -0.7230 -0.0210 -0.0210 0.0510 -0.0360 -0.0210 0.8710
3.8447 0.0020 0.0000 -0.0030 0.0030 0.0000 -0.7230 -0.0210 -0.0210 0.0510 -0.0360 -0.0210 0.8710
3.8456 0.0020 0.0000 -0.0030 0.0030 0.0000 -0.7230 -0.0210 -0.0210 0.0510 -0.0360 -0.0210 0.8710
3.8466 0.0020 0.0000 -0.0030 0.0030 0.0000 -0.7230 -0.0210 -0.0210 0.0510 -0.0360 -0.0210 0.8710
3.8476 0.0020 0.0000 -0.0030 0.0030 0.0000 -0.7230 -0.0210 -0.0210 0.0510 -0.0360 -0.0210 0.8710
3.8486 0.0020 0.0000 -0.0030 0.0030 0.0000 -0.7220 -0.0070 -0.0070 0.0070 -0.0210 -0.0070 0.9450
3.8497 0.0020 0.0000 -0.0030 0.0030 0.0000 -0.7200 -0.0210 -0.0070 0.0070 -0.0210 -0.0070 0.9150
3.8506 0.0020 0.0000 -0.0030 0.0030 0.0000 -0.7190 -0.0210 -0.0070 0.0070 -0.0210 -0.0070 0.8710
3.8516 0.0020 0.0000 -0.0030 0.0030 0.0000 -0.7190 -0.0210 -0.0070 0.0070 -0.0210 -0.0070 0.8710
3.8527 0.0020 0.0000 -0.0030 0.0030 0.0000 -0.7190 -0.0210 -0.0070 0.0070 -0.0210 -0.0070 0.8710
3.8537 0.0020 0.0000 -0.0030 0.0030 0.0000 -0.7190 -0.0210 -0.0070 0.0070 -0.0210 -0.0070 0.8710
3.8547 0.0020 0.0000 -0.0030 0.0030 0.0000 -0.7190 -0.0210 -0.0070 0.0070 -0.0210 -0.0070 0.8710
3.8557 0.0020 0.0000 -0.0030 0.0030 0.0000 -0.7190 -0.0210 -0.0070 0.0070 -0.0210 -0.0070 0.8710
3.8567 0.0020 0.0000 -0.0030 0.0030 0.0000 -0.7190 -0.0210 -0.0070 0.0070 -0.0210 -0.0070 0.8710
3.8577 0.0020 0.0000 -0.0030 0.0030 0.0000 -0.7190 -0.0210 -0.0070 0.0070 -0.0210 -0.0070 0.8710
3.8587 0.0020 0.0000 -0.0030 0.0030 0.0000 -0.7190 -0.0210 -0.0070 0.0070 -0.0210 -0.0070 0.8710
3.8597 0.0020 0.0000 -0.0030 0.0030 0.0000 -0.7190 -0.0210 -0.0070 0.0070 -0.0210 -0.0070 0.8710
3.8606 0.0020 0.0000 -0.0030 0.0030 0.0000 -0.7190 -0.0210 -0.0070 0.0070 -0.0210 -0.0070 0.8710
3.8617 0.0020 0.0000 -0.0030 0.0030 0.0000 -0.7190 -0.0210 -0.0070 0.0070 -0.0210 -0.0070 0.8710
3.8631 0.0020 0.0000 -0.0030 0.0030 0.0000 -0.7160 -0.0070 -0.0210 0.0070 -0.0210 -0.0070 0.9150
3.8636 0.0020 0.0000 -0.0030 0.0030 0.0000 -0.7160 -0.0070 -0.0210 0.0070 -0.0210 -0.0070 0.9150
3.8646 0.0020 0.0000 -0.0030 0.0030 0.0000 -0.7160 -0.0070 -0.0210 0.0070 -0.0210 -0.0070 0.9150
3.8656 0.0020 0.0000 -0.0030 0.0030 0.0000 -0.7160 -0.0070 -0.0210 0.0070 -0.0210 -0.0070 0.9150
3.8666 0.0020 0.0000 -0.0030 0.0030 0.0000 -0.7160 -0.0070 -0.0210 0.0070 -0.0210 -0.0070 0.9150
3.8676 0.0020 0.0000 -0.0030 0.0030 0.0000 -0.7160 -0.0070 -0.0210 0.0070 -0.0210 -0.0070 0.9150
3.8687 0.0020 0.0000 -0.0030 0.0030 0.0000 -0.7160 -0.0070 -0.0210 0.0070 -0.0210 -0.0070 0.9150
3.8696 0.0020 0.0000 -0.0030 0.0030 0.0000 -0.7160 -0.0070 -0.0210 0.0070 -0.0210 -0.0070 0.9150
3.8706 0.0020 0.0000 -0.0030 0.0030 0.0000 -0.7160 -0.0070 -0.0210 0.0070 -0.0210 -0.0070 0.9150
3.8717 0.0020 0.0000 -0.0030 0.0030 0.0000 -0.7160 -0.0070 -0.0210 0.0070 -0.0210 -0.0070 0.9150
3.8730 0.0020 0.0000 -0.0030 0.0030 0.0000 -0.7140 -0.0210 -0.0360 0.0070 -0.0210 0.0070 0.9150
3.8741 0.0020 0.0000 -0.0030 0.0030 0.0000 -0.7130 -0.0210 -0.0070 0.0070 -0.0360 -0.0070 0.8710
3.8746 0.0020 0.0000 -0.0030 0.0030 0.0000 -0.7120 -0.0070 -0.0210 0.0210 -0.0210 -0.0070 0.8420
3.8756 0.0020 0.0000 -0.0030 0.0030 0.0000 -0.7120 -0.0070 -0.0210 0.0210 -0.0210 -0.0070 0.8420
3.8767 0.0020 0.0000 -0.0030 0.0030 0.0000 -0.7120 -0.0070 -0.0210 0.0210 -0.0210 -0.0070 0.8420
3.8776 0.0020 0.0000 -0.0030 0.0030 0.0000 -0.7120 -0.0070 -0.0210 0.0210 -0.0210 -0.0070 0.8420
3.8787 0.0020 0.0000 -0.0030 0.0030 0.0000 -0.7120 -0.0070 -0.0210 0.0210 -0.0210 -0.0070 0.8420
3.8796 0.0020 0.0000 -0.0030 0.0030 0.0000 -0.7120 -0.0070 -0.0210 0.0210 -0.0210 -0.0070 0.8420
3.8807 0.0020 0.0000 -0.0030 0.0030 0.0000 -0.7120 -0.0070 -0.0210 0.0210 -0.0210 -0.0070 0.8420
3.8817 0.0020 0.0000 -0.0030 0.0030 0.0000 -0.7120 -0.0070 -0.0210 0.0210 -0.0210 -0.0070 0.8420
3.8826 0.0020 0.0000 -0.0030 0.0030 0.0000 -0.7120 -0.0070 -0.0210 0.0210 -0.0210 -0.0070 0.8420
3.8838 0.0020 0.0000 -0.0030 0.0030 0.0000 -0.7120 -0.0070 -0.0210 0.0210 -0.0210 -0.0070 0.8420
3.8847 0.0020 0.0000 -0.0030 0.0030 0.0000 -0.7120 -0.0070 -0.0210 0.0210 -0.0210 -0.0070 0.8420
3.8861 0.0020 0.0000 -0.0030 0.0030 0.0000 -0.7120 -0.0070 -0.0210 0.0210 -0.0210 -0.0070 0.8420
3.8872 0.0020 0.0000 -0.0030 0.0030 0.0000 -0.7120 -0.0070 -0.0210 0.0210 -0.0210 -0.0070 0.8420
3.8876 0.0020 0.0000 -0.0030 0.0030 0.0000 -0.7080 -0.0070 -0.0070 0.0210 -0.0360 -0.0210 0.9450
3.8886 0.0020 0.0000 -0.0030 0.0030 0.0000 -0.7080 -0.0070 -0.0070 0.0210 -0.0360 -0.0210 0.9450
3.8896 0.0020 0.0000 -0.0030 0.0030 0.0000 -0.7080 -0.0070 -0.0070 0.0210 -0.0360 -0.0210 0.9450
3.8906 0.0020 0.0000 -0.0030 0.0030 0.0000 -0.7080 -0.0070 -0.0070 0.0210 -0.0360 -0.0210 0.9450
3.8916 0.0020 0.0000 -0.0030 0.0030 0.0000 -0.7080 -0.0070 -0.0070 0.0210 -0.0360 -0.0210 0.9450
3.8926 0.0020 0.0000 -0.0030 0.0030 0.0000 -0.7080 -0.0070 -0.0070 0.0210 -0.0360 -0.0210 0.9450
3.8937 0.0020 0.0000 -0.0030 0.0030 0.0000 -0.7080 -0.0070 -0.0070 0.0210 -0.0360 -0.0210 0.9450
3.8947 0.0020 0.0000 -0.0030 0.0030 0.0000 -0.7080 -0.0070 -0.0070 0.0210 -0.0360 -0.0210 0.9450
3.8957 0.0020 0.0000 -0.0030 0.0030 0.0000 -0.7080 -0.0070 -0.0070 0.0210 -0.0360 -0.0210 0.9450
3.8967 0.0020 0.0000 -0.0030 0.0030 0.0000 -0.7080 -0.0070 -0.0070 0.0210 -0.0360 -0.0210 0.9450
3.8977 0.0020 0.0000 -0.0030 0.0030 0.0000 -0.7080 -0.0070 -0.0070 0.0210 -0.0360 -0.0210 0.9450
3.8997 0.0020 0.0000 -0.0030 0.0030 0.0000 -0.7070 -0.0210 -0.0070 0.0210 -0.0510 -0.0070 0.8570
3.8999 0.0020 0.0000 -0.0030 0.0020 0.0000 -0.7040 -0.0210 -0.0070 0.0210 -0.0650 0.0070 0.8710
3.9006 0.0020 0.0000 -0.0030 0.0020 0.0000 -0.7040 -0.0210 -0.0070 0.0210 -0.0650 0.0070 0.8710
3.9016 0.0020 0.0000 -0.0030 0.0020 0.0000 -0.7040 -0.0210 -0.0070 0.0210 -0.0650 0.0070 0.8710
3.9027 0.0020 0.0000 -0.0030 0.0020 0.0000 -0.7040 -0.0210 -0.0070 0.0210 -0.0650 0.0070 0.8710
3.9036 0.0020 0.0000 -0.0030 0.0020 0.0000 -0.7040 -0.0210 -0.0070 0.0210 -0.0650 0.0070 0.8710
3.9047 0.0020 0.0000 -0.0030 0.0020 0.0000 -0.7040 -0.0210 -0.0070 0.0210 -0.0650 0.0070 0.8710
3.9057 0.0020 0.0000 -0.0030 0.0020 0.0000 -0.7040 -0.0210 -0.0070 0.0210 -0.0650 0.0070 0.8710
3.9067 0.0020 0.0000 -0.0030 0.0020 0.0000 -0.7040 -0.0210 -0.0070 0.0210 -0.0650 0.0070 0.8710
3.9077 0.0020 0.0000 -0.0030 0.0020 0.0000 -0.7040 -0.0210 -0.0070 0.0210 -0.0650 0.0070 0.8710
3.9087 0.0020 0.0000 -0.0030 0.0020 0.0000 -0.7040 -0.0210 -0.0070 0.0210 -0.0650 0.0070 0.8710
3.9097 0.0020 0.0000 -0.0030 0.0020 0.0000 -0.7040 -0.0210 -0.0070 0.0210 -0.0650 0.0070 0.8710
3.9107 0.0020 0.0000 -0.0030 0.0020 0.0000 -0.7040 -0.0210 -0.0070 0.0210 -0.0650 0.0070 0.8710
3.9132 0.0020 0.0000 -0.0030 0.0020 0.0000 -0.7040 -0.0210 -0.0070 0.0210 -0.0650 0.0070 0.8710
3.9134 0.0020 0.0000 -0.0030 0.0020 0.0000 -0.7040 -0.0210 -0.0070 0.0210 -0.0650 0.0070 0.8710
3.9138 0.0020 0.0000 -0.0030 0.0020 0.0000 -0.7040 -0.0210 -0.0070 0.0210 -0.0650 0.0070 0.8710
3.9147 0.0020 0.0000 -0.0030 0.0020 0.0000 -0.7010 -0.0360 -0.0210 0.0210 -0.0510 -0.0070 0.9150
3.9156 0.0020 0.0000 -0.0030 0.0020 0.0000 -0.7010 -0.0360 -0.0210 0.0210 -0.0510 -0.0070 0.9150
3.9166 0.0020 0.0000 -0.0030 0.0020 0.0000 -0.7010 -0.0360 -0.0210 0.0210 -0.0510 -0.0070 0.9150
3.9176 0.0020 0.0000 -0.0030 0.0020 0.0000 -0.7010 -0.0360 -0.0210 0.0210 -0.0510 -0.0070 0.9150
3.9187 0.0020 0.0000 -0.0030 0.0020 0.0000 -0.7010 -0.0360 -0.0210 0.0210 -0.0510 -0.0070 0.9150
3.9198 0.0020 0.0000 -0.0030 0.0020 0.0000 -0.7010 -0.0360 -0.0210 0.0210 -0.0510 -0.0070 0.9150
3.9206 0.0020 0.0000 -0.0030 0.0020 0.0000 -0.7010 -0.0360 -0.0210 0.0210 -0.0510 -0.0070 0.9150
3.9217 0.0020 0.0000 -0.0030 0.0020 0.0000 -0.7010 -0.0360 -0.0210 0.0210 -0.0510 -0.0070 0.9150
3.9227 0.0020 0.0000 -0.0030 0.0020 0.0000 -0.7010 -0.0360 -0.0210 0.0210 -0.0510 -0.0070 0.9150
3.9236 0.0020 0.0000 -0.0030 0.0020 0.0000 -0.7010 -0.0360 -0.0210 0.0210 -0.0510 -0.0070 0.9150
3.9252 0.0020 0.0000 -0.0030 0.0020 0.0000 -0.6990 -0.0360 -0.0070 0.0210 -0.0510 -0.0070 0.8710
3.9258 0.0020 0.0000 -0.0030 0.0020 0.0000 -0.6980 -0.0210 -0.0070 0.0070 -0.0210 -0.0210 0.8860
3.9266 0.0020 0.0000 -0.0030 0.0020 0.0000 -0.6960 -0.0210 0.0070 0.0070 -0.0210 -0.0070 0.9300
3.9276 0.0020 0.0000 -0.0030 0.0020 0.0000 -0.6960 -0.0210 0.0070 0.0070 -0.0210 -0.0070 0.9300
3.9287 0.0020 0.0000 -0.0030 0.0020 0.0000 -0.6960 -0.0210 0.0070 0.0070 -0.0210 -0.0070 0.9300
3.9296 0.0020 0.0000 -0.0030 0.0020 0.0000 -0.6960 -0.0210 0.0070 0.0070 -0.0210 -0.0070 0.9300
3.9306 0.0020 0.0000 -0.0030 0.0020 0.0000 -0.6960 -0.0210 0.0070 0.0070 -0.0210 -0.0070 0.9300
3.9317 0.0020 0.0000 -0.0030 0.0020 0.0000 -0.6960 -0.0210 0.0070 0.0070 -0.0210 -0.0070 0.9300
3.9327 0.0020 0.0000 -0.0030 0.0020 0.0000 -0.6960 -0.0210 0.0070 0.0070 -0.0210 -0.0070 0.9300
3.9336 0.0020 0.0000 -0.0030 0.0020 0.0000 -0.6960 -0.0210 0.0070 0.0070 -0.0210 -0.0070 0.9300
3.9346 0.0020 0.0000 -0.0030 0.0020 0.0000 -0.6960 -0.0210 0.0070 0.0070 -0.0210 -0.0070 0.9300
3.9356 0.0020 0.0000 -0.0030 0.0020 0.0000 -0.6960 -0.0210 0.0070 0.0070 -0.0210 -0.0070 0.9300
3.9367 0.0020 0.0000 -0.0030 0.0020 0.0000 -0.6960 -0.0210 0.0070 0.0070 -0.0210 -0.0070 0.9300
3.9376 0.0020 0.0000 -0.0030 0.0020 0.0000 -0.6960 -0.0210 0.0070 0.0070 -0.0210 -0.0070 0.9300
3.9387 0.0020 0.0000 -0.0030 0.0020 0.0000 -0.6960 -0.0210 0.0070 0.0070 -0.0210 -0.0070 0.9300
3.9402 0.0020 0.0000 -0.0030 0.0020 0.0000 -0.6920 -0.0360 -0.0070 0.0070 -0.0210 0.0070 0.8570
3.9406 0.0020 0.0000 -0.0030 0.0020 0.0000 -0.6920 -0.0360 -0.0070 0.0070 -0.0210 0.0070 0.8570
3.9416 0.0020 0.0000 -0.0030 0.0020 0.0000 -0.6920 -0.0360 -0.0070 0.0070 -0.0210 0.0070 0.8570
3.9427 0.0020 0.0000 -0.0030 0.0020 0.0000 -0.6920 -0.0360 -0.0070 0.0070 -0.0210 0.0070 0.8570
3.9437 0.0020 0.0000 -0.0030 0.0020 0.0000 -0.6920 -0.0360 -0.0070 0.0070 -0.0210 0.0070 0.8570
3.9446 0.0020 0.0000 -0.0030 0.0020 0.0000 -0.6920 -0.0360 -0.0070 0.0070 -0.0210 0.0070 0.8570
3.9456 0.0020 0.0000 -0.0030 0.0020 0.0000 -0.6920 -0.0360 -0.0070 0.0070 -0.0210 0.0070 0.8570
3.9467 0.0020 0.0000 -0.0030 0.0020 0.0000 -0.6920 -0.0360 -0.0070 0.0070 -0.0210 0.0070 0.8570
3.9477 0.0020 0.0000 -0.0030 0.0020 0.0000 -0.6920 -0.0360 -0.0070 0.0070 -0.0210 0.0070 0.8570
3.9486 0.0020 0.0000 -0.0030 0.0020 0.0000 -0.6920 -0.0360 -0.0070 0.0070 -0.0210 0.0070 0.8570
3.9507 0.0020 0.0000 -0.0030 0.0020 0.0000 -0.6920 -0.0360 -0.0070 0.0070 -0.0210 0.0070 0.8570
3.9509 0.0020 0.0000 -0.0030 0.0020 0.0000 -0.6890 -0.0210 0.0070 0.0070 -0.0210 -0.0210 0.9300
3.9516 0.0020 0.0000 -0.0030 0.0020 0.0000 -0.6890 -0.0210 0.0070 0.0070 -0.0210 -0.0210 0.9300
3.9526 0.0020 0.0000 -0.0030 0.0020 0.0000 -0.6890 -0.0210 0.0070 0.0070 -0.0210 -0.0210 0.9300
3.9537 0.0020 0.0000 -0.0030 0.0020 0.0000 -0.6890 -0.0210 0.0070 0.0070 -0.0210 -0.0210 0.9300
3.9546 0.0020 0.0000 -0.0030 0.0020 0.0000 -0.6890 -0.0210 0.0070 0.0070 -0.0210 -0.0210 0.9300
3.9556 0.0020 0.0000 -0.0030 0.0020 0.0000 -0.6890 -0.0210 0.0070 0.0070 -0.0210 -0.0210 0.9300
3.9566 0.0020 0.0000 -0.0030 0.0020 0.0000 -0.6890 -0.0210 0.0070 0.0070 -0.0210 -0.0210 0.9300
3.9576 0.0020 0.0000 -0.0030 0.0020 0.0000 -0.6890 -0.0210 0.0070 0.0070 -0.0210 -0.0210 0.9300
3.9587 0.0020 0.0000 -0.0030 0.0020 0.0000 -0.6890 -0.0210 0.0070 0.0070 -0.0210 -0.0210 0.9300
3.9596 0.0020 0.0000 -0.0030 0.0020 0.0000 -0.6890 -0.0210 0.0070 0.0070 -0.0210 -0.0210 0.9300
3.9607 0.0020 0.0000 -0.0030 0.0020 0.0000 -0.6890 -0.0210 0.0070 0.0070 -0.0210 -0.0210 0.9300
3.9624 0.0020 0.0000 -0.0030 0.0020 0.0000 -0.6890 -0.0210 0.0070 0.0070 -0.0210 -0.0210 0.9300
3.9627 0.0020 0.0000 -0.0030 0.0020 0.0000 -0.6890 -0.0210 0.0070 0.0070 -0.0210 -0.0210 0.9300
3.9636 0.0010 0.0000 -0.0020 0.0020 0.0000 -0.6840 -0.0210 -0.0070 0.0210 -0.0210 -0.0070 0.9010
3.9646 0.0010 0.0000 -0.0020 0.0020 0.0000 -0.6840 -0.0210 -0.0070 0.0210 -0.0210 -0.0070 0.9010
3.9656 0.0010 0.0000 -0.0020 0.0020 0.0000 -0.6840 -0.0210 -0.0070 0.0210 -0.0210 -0.0070 0.9010
3.9667 0.0010 0.0000 -0.0020 0.0020 0.0000 -0.6840 -0.0210 -0.0070 0.0210 -0.0210 -0.0070 0.9010
3.9677 0.0010 0.0000 -0.0020 0.0020 0.0000 -0.6840 -0.0210 -0.0070 0.0210 -0.0210 -0.0070 0.9010
3.9686 0.0010 0.0000 -0.0020 0.0020 0.0000 -0.6840 -0.0210 -0.0070 0.0210 -0.0210 -0.0070 0.9010
3.9697 0.0010 0.0000 -0.0020 0.0020 0.0000 -0.6840 -0.0210 -0.0070 0.0210 -0.0210 -0.0070 0.9010
3.9706 0.0010 0.0000 -0.0020 0.0020 0.0000 -0.6840 -0.0210 -0.0070 0.0210 -0.0210 -0.0070 0.9010
3.9716 0.0010 0.0000 -0.0020 0.0020 0.0000 -0.6840 -0.0210 -0.0070 0.0210 -0.0210 -0.0070 0.9010
3.9727 0.0010 0.0000 -0.0020 0.0020 0.0000 -0.6840 -0.0210 -0.0070 0.0210 -0.0210 -0.0070 0.9010
3.9737 0.0010 0.0000 -0.0020 0.0020 0.0000 -0.6840 -0.0210 -0.0070 0.0210 -0.0210 -0.0070 0.9010
3.9753 0.0010 0.0000 -0.0020 0.0020 0.0000 -0.6840 -0.0210 -0.0070 0.0210 -0.0210 -0.0070 0.9010
3.9758 0.0010 0.0000 -0.0020 0.0020 0.0000 -0.6830 -0.0070 0.0070 0.0070 -0.0210 -0.0070 0.9150
3.9766 0.0010 0.0000 -0.0020 0.0020 0.0000 -0.6810 -0.0070 0.0070 0.0210 -0.0210 0.0070 0.9150
3.9776 0.0010 0.0000 -0.0020 0.0020 0.0000 -0.6810 -0.0070 0.0070 0.0210 -0.0210 0.0070 0.9150
3.9787 0.0010 0.0000 -0.0020 0.0020 0.0000 -0.6810 -0.0070 0.0070 0.0210 -0.0210 0.0070 0.9150
3.9797 0.0010 0.0000 -0.0020 0.0020 0.0000 -0.6810 -0.0070 0.0070 0.0210 -0.0210 0.0070 0.9150
3.9806 0.0010 0.0000 -0.0020 0.0020 0.0000 -0.6810 -0.0070 0.0070 0.0210 -0.0210 0.0070 0.9150
3.9816 0.0010 0.0000 -0.0020 0.0020 0.0000 -0.6810 -0.0070 0.0070 0.0210 -0.0210 0.0070 0.9150
3.9827 0.0010 0.0000 -0.0020 0.0020 0.0000 -0.6810 -0.0070 0.0070 0.0210 -0.0210 0.0070 0.9150
3.9847 0.0010 0.0000 -0.0020 0.0020 0.0000 -0.6810 -0.0070 0.0070 0.0210 -0.0210 0.0070 0.9150
3.9849 0.0010 0.0000 -0.0020 0.0020 0.0000 -0.6810 -0.0070 0.0070 0.0210 -0.0210 0.0070 0.9150
3.9856 0.0010 0.0000 -0.0020 0.0020 0.0000 -0.6810 -0.0070 0.0070 0.0210 -0.0210 0.0070 0.9150
3.9867 0.0010 0.0000 -0.0020 0.0020 0.0000 -0.6810 -0.0070 0.0070 0.0210 -0.0210 0.0070 0.9150
3.9904 0.0010 0.0000 -0.0020 0.0020 0.0000 -0.6810 -0.0210 0.0070 0.0210 -0.0210 0.0070 0.9150
3.9906 0.0010 0.0000 -0.0020 0.0020 0.0000 -0.6770 -0.0210 -0.0210 -0.0070 -0.0210 -0.0070 0.9010
3.9916 0.0010 0.0000 -0.0020 0.0020 0.0000 -0.6770 -0.0210 -0.0210 -0.0070 -0.0210 -0.0070 0.9010
3.9926 0.0010 0.0000 -0.0020 0.0020 0.0000 -0.6770 -0.0210 -0.0210 -0.0070 -0.0210 -0.0070 0.9010
3.9936 0.0010 0.0000 -0.0020 0.0020 0.0000 -0.6770 -0.0210 -0.0210 -0.0070 -0.0210 -0.0070 0.9010
3.9946 0.0010 0.0000 -0.0020 0.0020 0.0000 -0.6770 -0.0210 -0.0210 -0.0070 -0.0210 -0.0070 0.9010
3.9956 0.0010 0.0000 -0.0020 0.0020 0.0000 -0.6770 -0.0210 -0.0210 -0.0070 -0.0210 -0.0070 0.9010
3.9967 0.0010 0.0000 -0.0020 0.0020 0.0000 -0.6770 -0.0210 -0.0210 -0.0070 -0.0210 -0.0070 0.9010
3.9977 0.0010 0.0000 -0.0020 0.0020 0.0000 -0.6770 -0.0210 -0.0210 -0.0070 -0.0210 -0.0070 0.9010
3.9986 0.0010 0.0000 -0.0020 0.0020 0.0000 -0.6770 -0.0210 -0.0210 -0.0070 -0.0210 -0.0070 0.9010
3.9996 0.0010 0.0000 -0.0020 0.0020 0.0000 -0.6770 -0.0210 -0.0210 -0.0070 -0.0210 -0.0070 0.9010
4.0019 0.0010 0.0000 -0.0020 0.0020 0.0000 -0.6750 -0.0070 0.0070 0.0210 -0.0210 -0.0070 0.9300
4.0028 0.0010 0.0000 -0.0020 0.0020 0.0000 -0.6740 -0.0070 -0.0070 0.0360 -0.0360 -0.0070 0.9010
4.0030 0.0010 0.0000 -0.0020 0.0020 0.0000 -0.6740 -0.0210 -0.0070 0.0360 -0.0360 -0.0070 0.9010
4.0036 0.0010 0.0000 -0.0020 0.0020 0.0000 -0.6740 -0.0210 -0.0070 0.0360 -0.0360 -0.0070 0.9010
4.0046 0.0010 0.0000 -0.0020 0.0020 0.0000 -0.6740 -0.0210 -0.0070 0.0360 -0.0360 -0.0070 0.9010
4.0056 0.0010 0.0000 -0.0020 0.0020 0.0000 -0.6740 -0.0210 -0.0070 0.0360 -0.0360 -0.0070 0.9010
4.0067 0.0010 0.0000 -0.0020 0.0020 0.0000 -0.6740 -0.0210 -0.0070 0.0360 -0.0360 -0.0070 0.9010
4.0077 0.0010 0.0000 -0.0020 0.0020 0.0000 -0.6740 -0.0210 -0.0070 0.0360 -0.0360 -0.0070 0.9010
4.0087 0.0010 0.0000 -0.0020 0.0020 0.0000 -0.6740 -0.0210 -0.0070 0.0360 -0.0360 -0.0070 0.9010
4.0096 0.0010 0.0000 -0.0020 0.0020 0.0000 -0.6740 -0.0210 -0.0070 0.0360 -0.0360 -0.0070 0.9010
4.0107 0.0010 0.0000 -0.0020 0.0020 0.0000 -0.6740 -0.0210 -0.0070 0.0360 -0.0360 -0.0070 0.9010
4.0117 0.0010 0.0000 -0.0020 0.0020 0.0000 -0.6740 -0.0210 -0.0070 0.0360 -0.0360 -0.0070 0.9010
4.0127 0.0010 0.0000 -0.0020 0.0020 0.0000 -0.6740 -0.0210 -0.0070 0.0360 -0.0360 -0.0070 0.9010
4.0136 0.0010 0.0000 -0.0020 0.0020 0.0000 -0.6740 -0.0210 -0.0070 0.0360 -0.0360 -0.0070 0.9010
4.0157 0.0010 0.0000 -0.0020 0.0020 0.0000 -0.6730 -0.0210 -0.0070 0.0360 -0.0360 -0.0070 0.8570
4.0159 0.0010 0.0000 -0.0020 0.0020 0.0000 -0.6710 -0.0070 -0.0070 0.0210 -0.0360 -0.0070 0.8860
4.0166 0.0010 0.0000 -0.0020 0.0020 0.0000 -0.6700 -0.0070 -0.0070 0.0210 -0.0360 -0.0070 0.9300
4.0176 0.0010 0.0000 -0.0020 0.0020 0.0000 -0.6700 -0.0070 -0.0070 0.0210 -0.0360 -0.0070 0.9300
4.0187 0.0010 0.0000 -0.0020 0.0020 0.0000 -0.6700 -0.0070 -0.0070 0.0210 -0.0360 -0.0070 0.9300
4.0196 0.0010 0.0000 -0.0020 0.0020 0.0000 -0.6700 -0.0070 -0.0070 0.0210 -0.0360 -0.0070 0.9300
4.0206 0.0010 0.0000 -0.0020 0.0020 0.0000 -0.6700 -0.0070 -0.0070 0.0210 -0.0360 -0.0070 0.9300
4.0216 0.0010 0.0000 -0.0020 0.0020 0.0000 -0.6700 -0.0070 -0.0070 0.0210 -0.0360 -0.0070 0.9300
4.0226 0.0010 0.0000 -0.0020 0.0020 0.0000 -0.6700 -0.0070 -0.0070 0.0210 -0.0360 -0.0070 0.9300
4.0237 0.0010 0.0000 -0.0020 0.0020 0.0000 -0.6700 -0.0070 -0.0070 0.0210 -0.0360 -0.0070 0.9300
4.0246 0.0010 0.0000 -0.0020 0.0020 0.0000 -0.6700 -0.0070 -0.0070 0.0210 -0.0360 -0.0070 0.9300
4.0256 0.0010 0.0000 -0.0020 0.0020 0.0000 -0.6700 -0.0070 -0.0070 0.0210 -0.0360 -0.0070 0.9300
4.0266 0.0010 0.0000 -0.0020 0.0020 0.0000 -0.6700 -0.0070 -0.0070 0.0210 -0.0360 -0.0070 0.9300
4.0276 0.0010 0.0000 -0.0020 0.0020 0.0000 -0.6700 -0.0070 -0.0070 0.0210 -0.0360 -0.0070 0.9300
4.0294 0.0010 0.0000 -0.0020 0.0020 0.0000 -0.6650 -0.0070 -0.0210 0.0360 -0.0650 -0.0210 0.8860
4.0296 0.0010 0.0000 -0.0020 0.0020 0.0000 -0.6650 -0.0070 -0.0210 0.0360 -0.0650 -0.0210 0.8860
4.0306 0.0010 0.0000 -0.0020 0.0020 0.0000 -0.6650 -0.0070 -0.0210 0.0360 -0.0650 -0.0210 0.8860
4.0316 0.0010 0.0000 -0.0020 0.0020 0.0000 -0.6650 -0.0070 -0.0210 0.0360 -0.0650 -0.0210 0.8860
4.0326 0.0010 0.0000 -0.0020 0.0020 0.0000 -0.6650 -0.0070 -0.0210 0.0360 -0.0650 -0.0210 0.8860
4.0336 0.0010 0.0000 -0.0020 0.0020 0.0000 -0.6650 -0.0070 -0.0210 0.0360 -0.0650 -0.0210 0.8860
4.0346 0.0010 0.0000 -0.0020 0.0020 0.0000 -0.6650 -0.0070 -0.0210 0.0360 -0.0650 -0.0210 0.8860
4.0356 0.0010 0.0000 -0.0020 0.0020 0.0000 -0.6650 -0.0070 -0.0210 0.0360 -0.0650 -0.0210 0.8860
4.0367 0.0010 0.0000 -0.0020 0.0020 0.0000 -0.6650 -0.0070 -0.0210 0.0360 -0.0650 -0.0210 0.8860
4.0377 0.0010 0.0000 -0.0020 0.0020 0.0000 -0.6650 -0.0070 -0.0210 0.0360 -0.0650 -0.0210 0.8860
4.0387 0.0010 0.0000 -0.0020 0.0020 0.0000 -0.6650 -0.0070 -0.0210 0.0360 -0.0650 -0.0210 0.8860
4.0396 0.0010 0.0000 -0.0020 0.0020 0.0000 -0.6650 -0.0070 -0.0210 0.0360 -0.0650 -0.0210 0.8860
4.0407 0.0010 0.0000 -0.0020 0.0020 0.0000 -0.6650 -0.0070 -0.0210 0.0360 -0.0650 -0.0210 0.8860
4.0417 0.0010 0.0000 -0.0020 0.0020 0.0000 -0.6630 -0.0210 -0.0210 0.0510 -0.0800 -0.0070 0.9300
4.0426 0.0010 0.0000 -0.0020 0.0020 0.0000 -0.6620 -0.0070 -0.0360 0.0510 -0.0650 -0.0070 0.9300
4.0436 0.0010 0.0000 -0.0020 0.0020 0.0000 -0.6620 -0.0070 -0.0360 0.0510 -0.0650 -0.0070 0.9300
4.0446 0.0010 0.0000 -0.0020 0.0020 0.0000 -0.6620 -0.0070 -0.0360 0.0510 -0.0650 -0.0070 0.9300
4.0456 0.0010 0.0000 -0.0020 0.0020 0.0000 -0.6620 -0.0070 -0.0360 0.0510 -0.0650 -0.0070 0.9300
4.0467 0.0010 0.0000 -0.0020 0.0020 0.0000 -0.6620 -0.0070 -0.0360 0.0510 -0.0650 -0.0070 0.9300
4.0476 0.0010 0.0000 -0.0020 0.0020 0.0000 -0.6620 -0.0070 -0.0360 0.0510 -0.0650 -0.0070 0.9300
4.0486 0.0010 0.0000 -0.0020 0.0020 0.0000 -0.6620 -0.0070 -0.0360 0.0510 -0.0650 -0.0070 0.9300
4.0496 0.0010 0.0000 -0.0020 0.0020 0.0000 -0.6620 -0.0070 -0.0360 0.0510 -0.0650 -0.0070 0.9300
4.0506 0.0010 0.0000 -0.0020 0.0020 0.0000 -0.6620 -0.0070 -0.0360 0.0510 -0.0650 -0.0070 0.9300
4.0517 0.0010 0.0000 -0.0020 0.0020 0.0000 -0.6620 -0.0070 -0.0360 0.0510 -0.0650 -0.0070 0.9300
4.0526 0.0010 0.0000 -0.0020 0.0020 0.0000 -0.6620 -0.0070 -0.0360 0.0510 -0.0650 -0.0070 0.9300
4.0546 0.0010 0.0000 -0.0020 0.0010 0.0000 -0.6600 -0.0070 -0.0210 0.0650 -0.0510 -0.0070 0.8570
4.0555 0.0010 0.0000 -0.0020 0.0010 0.0000 -0.6590 -0.0070 -0.0510 0.0360 -0.0210 -0.0070 0.8570
4.0561 0.0010 0.0000 -0.0020 0.0010 0.0000 -0.6590 -0.0070 -0.0510 0.0360 -0.0210 -0.0070 0.8570
4.0566 0.0010 0.0000 -0.0020 0.0010 0.0000 -0.6570 -0.0070 -0.0360 0.0210 -0.0210 -0.0070 0.9010
4.0576 0.0010 0.0000 -0.0020 0.0010 0.0000 -0.6570 -0.0070 -0.0360 0.0210 -0.0210 -0.0070 0.9010
4.0586 0.0010 0.0000 -0.0020 0.0010 0.0000 -0.6570 -0.0070 -0.0360 0.0210 -0.0210 -0.0070 0.9010
4.0596 0.0010 0.0000 -0.0020 0.0010 0.0000 -0.6570 -0.0070 -0.0360 0.0210 -0.0210 -0.0070 0.9010
4.0606 0.0010 0.0000 -0.0020 0.0010 0.0000 -0.6570 -0.0070 -0.0360 0.0210 -0.0210 -0.0070 0.9010
4.0616 0.0010 0.0000 -0.0020 0.0010 0.0000 -0.6570 -0.0070 -0.0360 0.0210 -0.0210 -0.0070 0.9010
4.0626 0.0010 0.0000 -0.0020 0.0010 0.0000 -0.6570 -0.0070 -0.0360 0.0210 -0.0210 -0.0070 0.9010
4.0636 0.0010 0.0000 -0.0020 0.0010 0.0000 -0.6570 -0.0070 -0.0360 0.0210 -0.0210 -0.0070 0.9010
4.0646 0.0010 0.0000 -0.0020 0.0010 0.0000 -0.6570 -0.0070 -0.0360 0.0210 -0.0210 -0.0070 0.9010
4.0656 0.0010 0.0000 -0.0020 0.0010 0.0000 -0.6570 -0.0070 -0.0360 0.0210 -0.0210 -0.0070 0.9010
4.0666 0.0010 0.0000 -0.0020 0.0010 0.0000 -0.6570 -0.0070 -0.0360 0.0210 -0.0210 -0.0070 0.9010
4.0676 0.0010 0.0000 -0.0020 0.0010 0.0000 -0.6570 -0.0070 -0.0360 0.0210 -0.0210 -0.0070 0.9010
4.0688 0.0010 0.0000 -0.0010 0.0010 0.0000 -0.6530 -0.0070 -0.0360 0.0070 -0.0210 0.0070 0.8710
4.0696 0.0010 0.0000 -0.0010 0.0010 0.0000 -0.6530 -0.0070 -0.0360 0.0070 -0.0210 0.0070 0.8710
4.0706 0.0010 0.0000 -0.0010 0.0010 0.0000 -0.6530 -0.0070 -0.0360 0.0070 -0.0210 0.0070 0.8710
4.0716 0.0010 0.0000 -0.0010 0.0010 0.0000 -0.6530 -0.0070 -0.0360 0.0070 -0.0210 0.0070 0.8710
4.0727 0.0010 0.0000 -0.0010 0.0010 0.0000 -0.6530 -0.0070 -0.0360 0.0070 -0.0210 0.0070 0.8710
4.0737 0.0010 0.0000 -0.0010 0.0010 0.0000 -0.6530 -0.0070 -0.0360 0.0070 -0.0210 0.0070 0.8710
4.0746 0.0010 0.0000 -0.0010 0.0010 0.0000 -0.6530 -0.0070 -0.0360 0.0070 -0.0210 0.0070 0.8710
4.0756 0.0010 0.0000 -0.0010 0.0010 0.0000 -0.6530 -0.0070 -0.0360 0.0070 -0.0210 0.0070 0.8710
4.0767 0.0010 0.0000 -0.0010 0.0010 0.0000 -0.6530 -0.0070 -0.0360 0.0070 -0.0210 0.0070 0.8710
4.0777 0.0010 0.0000 -0.0010 0.0010 0.0000 -0.6530 -0.0070 -0.0360 0.0070 -0.0210 0.0070 0.8710
4.0787 0.0010 0.0000 -0.0010 0.0010 0.0000 -0.6530 -0.0070 -0.0360 0.0070 -0.0210 0.0070 0.8710
4.0796 0.0010 0.0000 -0.0010 0.0010 0.0000 -0.6530 -0.0070 -0.0360 0.0070 -0.0210 0.0070 0.8710
4.0808 0.0010 0.0000 -0.0010 0.0010 0.0000 -0.6530 -0.0070 -0.0360 0.0070 -0.0210 0.0070 0.8710
4.0855 0.0010 0.0000 -0.0010 0.0010 0.0000 -0.6500 -0.0210 -0.0360 0.0070 -0.0070 -0.0070 0.9150
4.0857 0.0010 0.0000 -0.0010 0.0010 0.0000 -0.6500 -0.0210 -0.0360 0.0070 -0.0070 -0.0070 0.9150
4.0867 0.0010 0.0000 -0.0010 0.0010 0.0000 -0.6500 -0.0210 -0.0360 0.0070 -0.0070 -0.0070 0.9150
4.0877 0.0010 0.0000 -0.0010 0.0010 0.0000 -0.6500 -0.0210 -0.0360 0.0070 -0.0070 -0.0070 0.9150
4.0894 0.0010 0.0000 -0.0010 0.0010 0.0000 -0.6500 -0.0210 -0.0360 0.0070 -0.0070 -0.0070 0.9150
4.0897 0.0010 0.0000 -0.0010 0.0010 0.0000 -0.6500 -0.0210 -0.0360 0.0070 -0.0070 -0.0070 0.9150
4.0913 0.0010 0.0000 -0.0010 0.0010 0.0000 -0.6500 -0.0210 -0.0360 0.0070 -0.0070 -0.0070 0.9150
4.0917 0.0010 0.0000 -0.0010 0.0010 0.0000 -0.6500 -0.0210 -0.0360 0.0070 -0.0070 -0.0070 0.9150
4.0928 0.0010 0.0000 -0.0010 0.0010 0.0000 -0.6500 -0.0210 -0.0360 0.0070 -0.0070 -0.0070 0.9150
4.0940 0.0010 0.0000 -0.0010 0.0010 0.0000 -0.6480 -0.0210 -0.0210 0.0070 -0.0210 -0.0070 0.9010
4.0947 0.0010 0.0000 -0.0010 0.0010 0.0000 -0.6470 -0.0210 -0.0210 -0.0070 -0.0070 -0.0070 0.8420
4.0957 0.0010 0.0000 -0.0010 0.0010 0.0000 -0.6460 -0.0210 -0.0070 0.0070 -0.0070 -0.0070 0.8570
4.0967 0.0010 0.0000 -0.0010 0.0010 0.0000 -0.6460 -0.0210 -0.0070 0.0070 -0.0070 -0.0070 0.8570
4.0978 0.0010 0.0000 -0.0010 0.0010 0.0000 -0.6460 -0.0210 -0.0070 0.0070 -0.0070 -0.0070 0.8570
4.0988 0.0010 0.0000 -0.0010 0.0010 0.0000 -0.6460 -0.0210 -0.0070 0.0070 -0.0070 -0.0070 0.8570
4.0997 0.0010 0.0000 -0.0010 0.0010 0.0000 -0.6460 -0.0210 -0.0070 0.0070 -0.0070 -0.0070 0.8570
4.1007 0.0010 0.0000 -0.0010 0.0010 0.0000 -0.6460 -0.0210 -0.0070 0.0070 -0.0070 -0.0070 0.8570
4.1018 0.0010 0.0000 -0.0010 0.0010 0.0000 -0.6460 -0.0210 -0.0070 0.0070 -0.0070 -0.0070 0.8570
4.1028 0.0010 0.0000 -0.0010 0.0010 0.0000 -0.6460 -0.0210 -0.0070 0.0070 -0.0070 -0.0070 0.8570
4.1037 0.0010 0.0000 -0.0010 0.0010 0.0000 -0.6460 -0.0210 -0.0070 0.0070 -0.0070 -0.0070 0.8570
4.1047 0.0010 0.0000 -0.0010 0.0010 0.0000 -0.6460 -0.0210 -0.0070 0.0070 -0.0070 -0.0070 0.8570
4.1058 0.0010 0.0000 -0.0010 0.0010 0.0000 -0.6460 -0.0210 -0.0070 0.0070 -0.0070 -0.0070 0.8570
4.1067 0.0010 0.0000 -0.0010 0.0010 0.0000 -0.6460 -0.0210 -0.0070 0.0070 -0.0070 -0.0070 0.8570
4.1077 0.0010 0.0000 -0.0010 0.0010 0.0000 -0.6460 -0.0210 -0.0070 0.0070 -0.0070 -0.0070 0.8570
4.1088 0.0010 0.0000 -0.0010 0.0010 0.0000 -0.6410 -0.0210 -0.0070 -0.0070 -0.0210 0.0070 0.8860
4.1097 0.0010 0.0000 -0.0010 0.0010 0.0000 -0.6410 -0.0210 -0.0070 -0.0070 -0.0210 0.0070 0.8860
4.1108 0.0010 0.0000 -0.0010 0.0010 0.0000 -0.6410 -0.0210 -0.0070 -0.0070 -0.0210 0.0070 0.8860
4.1117 0.0010 0.0000 -0.0010 0.0010 0.0000 -0.6410 -0.0210 -0.0070 -0.0070 -0.0210 0.0070 0.8860
4.1128 0.0010 0.0000 -0.0010 0.0010 0.0000 -0.6410 -0.0210 -0.0070 -0.0070 -0.0210 0.0070 0.8860
4.1138 0.0010 0.0000 -0.0010 0.0010 0.0000 -0.6410 -0.0210 -0.0070 -0.0070 -0.0210 0.0070 0.8860
4.1147 0.0010 0.0000 -0.0010 0.0010 0.0000 -0.6410 -0.0210 -0.0070 -0.0070 -0.0210 0.0070 0.8860
4.1157 0.0010 0.0000 -0.0010 0.0010 0.0000 -0.6410 -0.0210 -0.0070 -0.0070 -0.0210 0.0070 0.8860
4.1167 0.0010 0.0000 -0.0010 0.0010 0.0000 -0.6410 -0.0210 -0.0070 -0.0070 -0.0210 0.0070 0.8860
4.1178 0.0010 0.0000 -0.0010 0.0010 0.0000 -0.6410 -0.0210 -0.0070 -0.0070 -0.0210 0.0070 0.8860
4.1187 0.0010 0.0000 -0.0010 0.0010 0.0000 -0.6410 -0.0210 -0.0070 -0.0070 -0.0210 0.0070 0.8860
4.1198 0.0010 0.0000 -0.0010 0.0010 0.0000 -0.6390 -0.0210 -0.0070 -0.0070 -0.0070 0.0070 0.8420
4.1208 0.0010 0.0000 -0.0010 0.0010 0.0000 -0.6380 -0.0070 -0.0070 -0.0070 -0.0070 -0.0070 0.9010
4.1217 0.0010 0.0000 -0.0010 0.0010 0.0000 -0.6380 -0.0070 -0.0070 -0.0070 -0.0070 -0.0070 0.9010
4.1227 0.0010 0.0000 -0.0010 0.0010 0.0000 -0.6380 -0.0070 -0.0070 -0.0070 -0.0070 -0.0070 0.9010
4.1237 0.0010 0.0000 -0.0010 0.0010 0.0000 -0.6380 -0.0070 -0.0070 -0.0070 -0.0070 -0.0070 0.9010
4.1247 0.0010 0.0000 -0.0010 0.0010 0.0000 -0.6380 -0.0070 -0.0070 -0.0070 -0.0070 -0.0070 0.9010
4.1257 0.0010 0.0000 -0.0010 0.0010 0.0000 -0.6380 -0.0070 -0.0070 -0.0070 -0.0070 -0.0070 0.9010
4.1267 0.0010 0.0000 -0.0010 0.0010 0.0000 -0.6380 -0.0070 -0.0070 -0.0070 -0.0070 -0.0070 0.9010
4.1278 0.0010 0.0000 -0.0010 0.0010 0.0000 -0.6380 -0.0070 -0.0070 -0.0070 -0.0070 -0.0070 0.9010
4.1287 0.0010 0.0000 -0.0010 0.0010 0.0000 -0.6380 -0.0070 -0.0070 -0.0070 -0.0070 -0.0070 0.9010
4.1297 0.0010 0.0000 -0.0010 0.0010 0.0000 -0.6380 -0.0070 -0.0070 -0.0070 -0.0070 -0.0070 0.9010
4.1307 0.0010 0.0000 -0.0010 0.0010 0.0000 -0.6380 -0.0070 -0.0070 -0.0070 -0.0070 -0.0070 0.9010
4.1318 0.0010 0.0000 -0.0010 0.0010 0.0000 -0.6380 -0.0070 -0.0070 -0.0070 -0.0070 -0.0070 0.9010
4.1329 0.0010 0.0000 -0.0010 0.0010 0.0000 -0.6380 -0.0070 -0.0070 -0.0070 -0.0070 -0.0070 0.9010
4.1346 0.0010 0.0000 -0.0010 0.0010 0.0000 -0.6350 -0.0070 0.0070 -0.0070 -0.0070 -0.0070 0.8710
4.1350 0.0010 0.0000 -0.0010 0.0010 0.0000 -0.6330 -0.0070 0.0210 -0.0070 -0.0070 -0.0070 0.8420
4.1357 0.0010 0.0000 -0.0010 0.0010 0.0000 -0.6330 -0.0070 0.0210 -0.0070 -0.0070 -0.0070 0.8420
4.1367 0.0010 0.0000 -0.0010 0.0010 0.0000 -0.6330 -0.0070 0.0210 -0.0070 -0.0070 -0.0070 0.8420
4.1377 0.0010 0.0000 -0.0010 0.0010 0.0000 -0.6330 -0.0070 0.0210 -0.0070 -0.0070 -0.0070 0.8420
4.1387 0.0010 0.0000 -0.0010 0.0010 0.0000 -0.6330 -0.0070 0.0210 -0.0070 -0.0070 -0.0070 0.8420
4.1397 0.0010 0.0000 -0.0010 0.0010 0.0000 -0.6330 -0.0070 0.0210 -0.0070 -0.0070 -0.0070 0.8420
4.1408 0.0010 0.0000 -0.0010 0.0010 0.0000 -0.6330 -0.0070 0.0210 -0.0070 -0.0070 -0.0070 0.8420
4.1417 0.0010 0.0000 -0.0010 0.0010 0.0000 -0.6330 -0.0070 0.0210 -0.0070 -0.0070 -0.0070 0.8420
4.1428 0.0010 0.0000 -0.0010 0.0010 0.0000 -0.6330 -0.0070 0.0210 -0.0070 -0.0070 -0.0070 0.8420
4.1437 0.0010 0.0000 -0.0010 0.0010 0.0000 -0.6330 -0.0070 0.0210 -0.0070 -0.0070 -0.0070 0.8420
4.1448 0.0010 0.0000 -0.0010 0.0010 0.0000 -0.6330 -0.0070 0.0210 -0.0070 -0.0070 -0.0070 0.8420
4.1470 0.0010 0.0000 -0.0010 0.0010 0.0000 -0.6330 -0.0070 0.0210 -0.0070 -0.0070 -0.0070 0.8420
4.1472 0.0010 0.0000 -0.0010 0.0010 0.0000 -0.6300 -0.0210 0.0210 -0.0210 -0.0070 0.0070 0.9450
4.1477 0.0010 0.0000 -0.0010 0.0010 0.0000 -0.6300 -0.0210 0.0210 -0.0210 -0.0070 0.0070 0.9450
4.1487 0.0010 0.0000 -0.0010 0.0010 0.0000 -0.6300 -0.0210 0.0210 -0.0210 -0.0070 0.0070 0.9450
4.1520 0.0010 0.0000 -0.0010 0.0010 0.0000 -0.6300 -0.0210 0.0210 -0.0210 -0.0070 0.0070 0.9450
4.1522 0.0010 0.0000 -0.0010 0.0010 0.0000 -0.6300 -0.0210 0.0210 -0.0210 -0.0070 0.0070 0.9450
4.1533 0.0010 0.0000 -0.0010 0.0010 0.0000 -0.6300 -0.0210 0.0210 -0.0210 -0.0070 0.0070 0.9450
4.1543 0.0010 0.0000 -0.0010 0.0010 0.0000 -0.6300 -0.0210 0.0210 -0.0210 -0.0070 0.0070 0.9450
4.1553 0.0010 0.0000 -0.0010 0.0010 0.0000 -0.6300 -0.0210 0.0210 -0.0210 -0.0070 0.0070 0.9450
4.1563 0.0010 0.0000 -0.0010 0.0010 0.0000 -0.6300 -0.0210 0.0210 -0.0210 -0.0070 0.0070 0.9450
4.1573 0.0010 0.0000 -0.0010 0.0010 0.0000 -0.6300 -0.0210 0.0210 -0.0210 -0.0070 0.0070 0.9450
4.1583 0.0010 0.0000 -0.0010 0.0010 0.0000 -0.6300 -0.0210 0.0210 -0.0210 -0.0070 0.0070 0.9450
4.1605 0.0010 0.0000 -0.0010 0.0010 0.0000 -0.6260 -0.0210 0.0360 -0.0070 -0.0070 -0.0070 0.8710
4.1610 0.0010 0.0000 -0.0010 0.0010 0.0000 -0.6260 -0.0210 0.0360 -0.0070 -0.0070 -0.0070 0.8710
4.1613 0.0010 0.0000 -0.0010 0.0010 0.0000 -0.6260 -0.0210 0.0360 -0.0070 -0.0070 -0.0070 0.8710
4.1623 0.0010 0.0000 -0.0010 0.0010 0.0000 -0.6260 -0.0210 0.0360 -0.0070 -0.0070 -0.0070 0.8710
4.1633 0.0010 0.0000 -0.0010 0.0010 0.0000 -0.6260 -0.0210 0.0360 -0.0070 -0.0070 -0.0070 0.8710
4.1643 0.0010 0.0000 -0.0010 0.0010 0.0000 -0.6260 -0.0210 0.0360 -0.0070 -0.0070 -0.0070 0.8710
4.1653 0.0010 0.0000 -0.0010 0.0010 0.0000 -0.6260 -0.0210 0.0360 -0.0070 -0.0070 -0.0070 0.8710
4.1663 0.0010 0.0000 -0.0010 0.0010 0.0000 -0.6260 -0.0210 0.0360 -0.0070 -0.0070 -0.0070 0.8710
4.1673 0.0010 0.0000 -0.0010 0.0010 0.0000 -0.6260 -0.0210 0.0360 -0.0070 -0.0070 -0.0070 0.8710
4.1683 0.0010 0.0000 -0.0010 0.0010 0.0000 -0.6260 -0.0210 0.0360 -0.0070 -0.0070 -0.0070 0.8710
4.1693 0.0010 0.0000 -0.0010 0.0010 0.0000 -0.6260 -0.0210 0.0360 -0.0070 -0.0070 -0.0070 0.8710
4.1709 0.0010 0.0000 -0.0010 0.0010 0.0000 -0.6250 -0.0070 0.0210 -0.0070 -0.0210 -0.0070 0.9150
4.1716 0.0010 0.0000 -0.0010 0.0010 0.0000 -0.6230 -0.0070 0.0070 -0.0070 -0.0210 0.0070 0.9450
4.1723 0.0010 0.0000 -0.0010 0.0010 0.0000 -0.6230 -0.0070 0.0070 -0.0070 -0.0210 0.0070 0.9450
4.1733 0.0010 0.0000 -0.0010 0.0010 0.0000 -0.6230 -0.0070 0.0070 -0.0070 -0.0210 0.0070 0.9450
4.1743 0.0010 0.0000 -0.0010 0.0010 0.0000 -0.6230 -0.0070 0.0070 -0.0070 -0.0210 0.0070 0.9450
4.1753 0.0010 0.0000 -0.0010 0.0010 0.0000 -0.6230 -0.0070 0.0070 -0.0070 -0.0210 0.0070 0.9450
4.1763 0.0010 0.0000 -0.0010 0.0010 0.0000 -0.6230 -0.0070 0.0070 -0.0070 -0.0210 0.0070 0.9450
4.1774 0.0010 0.0000 -0.0010 0.0010 0.0000 -0.6230 -0.0070 0.0070 -0.0070 -0.0210 0.0070 0.9450
4.1783 0.0010 0.0000 -0.0010 0.0010 0.0000 -0.6230 -0.0070 0.0070 -0.0070 -0.0210 0.0070 0.9450
4.1793 0.0010 0.0000 -0.0010 0.0010 0.0000 -0.6230 -0.0070 0.0070 -0.0070 -0.0210 0.0070 0.9450
4.1803 0.0010 0.0000 -0.0010 0.0010 0.0000 -0.6230 -0.0070 0.0070 -0.0070 -0.0210 0.0070 0.9450
4.1814 0.0010 0.0000 -0.0010 0.0010 0.0000 -0.6230 -0.0070 0.0070 -0.0070 -0.0210 0.0070 0.9450
4.1823 0.0010 0.0000 -0.0010 0.0010 0.0000 -0.6230 -0.0070 0.0070 -0.0070 -0.0210 0.0070 0.9450
4.1833 0.0010 0.0000 -0.0010 0.0010 0.0000 -0.6230 -0.0070 0.0070 -0.0070 -0.0210 0.0070 0.9450
4.1843 0.0010 0.0000 -0.0010 0.0010 0.0000 -0.6230 -0.0070 0.0070 -0.0070 -0.0210 0.0070 0.9450
4.1859 0.0010 0.0000 -0.0010 0.0010 0.0000 -0.6180 -0.0070 0.0070 -0.0070 -0.0210 0.0070 0.9010
4.1863 0.0010 0.0000 -0.0010 0.0010 0.0000 -0.6180 -0.0070 0.0070 -0.0070 -0.0210 0.0070 0.9010
4.1873 0.0010 0.0000 -0.0010 0.0010 0.0000 -0.6180 -0.0070 0.0070 -0.0070 -0.0210 0.0070 0.9010
4.1883 0.0010 0.0000 -0.0010 0.0010 0.0000 -0.6180 -0.0070 0.0070 -0.0070 -0.0210 0.0070 0.9010
4.1893 0.0010 0.0000 -0.0010 0.0010 0.0000 -0.6180 -0.0070 0.0070 -0.0070 -0.0210 0.0070 0.9010
4.1919 0.0010 0.0000 -0.0010 0.0010 0.0000 -0.6180 -0.0070 0.0070 -0.0070 -0.0210 0.0070 0.9010
4.1921 0.0010 0.0000 -0.0010 0.0010 0.0000 -0.6180 -0.0070 0.0070 -0.0070 -0.0210 0.0070 0.9010
4.1924 0.0010 0.0000 -0.0010 0.0010 0.0000 -0.6180 -0.0070 0.0070 -0.0070 -0.0210 0.0070 0.9010
4.1933 0.0010 0.0000 -0.0010 0.0010 0.0000 -0.6180 -0.0070 0.0070 -0.0070 -0.0210 0.0070 0.9010
4.1943 0.0010 0.0000 -0.0010 0.0010 0.0000 -0.6180 -0.0070 0.0070 -0.0070 -0.0210 0.0070 0.9010
4.1953 0.0010 0.0000 -0.0010 0.0010 0.0000 -0.6180 -0.0070 0.0070 -0.0070 -0.0210 0.0070 0.9010
4.1963 0.0010 0.0000 -0.0010 0.0010 0.0000 -0.6180 -0.0070 0.0070 -0.0070 -0.0210 0.0070 0.9010
4.1973 0.0010 0.0000 -0.0010 0.0010 0.0000 -0.6180 -0.0070 0.0070 -0.0070 -0.0210 0.0070 0.9010
4.1983 0.0010 0.0000 -0.0010 0.0010 0.0000 -0.6180 -0.0070 0.0070 -0.0070 -0.0210 0.0070 0.9010
4.1993 0.0010 0.0000 -0.0010 0.0010 0.0000 -0.6180 -0.0070 0.0070 -0.0070 -0.0210 0.0070 0.9010
4.2003 0.0010 0.0000 -0.0010 0.0010 0.0000 -0.6180 -0.0210 0.0070 -0.0070 -0.0210 0.0070 0.9010
4.2013 0.0010 0.0000 -0.0010 0.0010 0.0000 -0.6150 -0.0210 -0.0070 0.0070 -0.0210 -0.0070 0.8860
4.2023 0.0010 0.0000 -0.0010 0.0010 0.0000 -0.6140 -0.0210 -0.0070 -0.0070 -0.0210 0.0070 0.8710
4.2033 0.0010 0.0000 -0.0010 0.0010 0.0000 -0.6140 -0.0210 -0.0070 -0.0070 -0.0210 0.0070 0.8710
4.2043 0.0010 0.0000 -0.0010 0.0010 0.0000 -0.6140 -0.0210 -0.0070 -0.0070 -0.0210 0.0070 0.8710
4.2053 0.0010 0.0000 -0.0010 0.0010 0.0000 -0.6140 -0.0210 -0.0070 -0.0070 -0.0210 0.0070 0.8710
4.2063 0.0010 0.0000 -0.0010 0.0010 0.0000 -0.6140 -0.0210 -0.0070 -0.0070 -0.0210 0.0070 0.8710
4.2073 0.0010 0.0000 -0.0010 0.0010 0.0000 -0.6140 -0.0210 -0.0070 -0.0070 -0.0210 0.0070 0.8710
4.2083 0.0010 0.0000 -0.0010 0.0010 0.0000 -0.6140 -0.0210 -0.0070 -0.0070 -0.0210 0.0070 0.8710
4.2093 0.0010 0.0000 -0.0010 0.0010 0.0000 -0.6140 -0.0210 -0.0070 -0.0070 -0.0210 0.0070 0.8710
4.2103 0.0010 0.0000 -0.0010 0.0010 0.0000 -0.6140 -0.0210 -0.0070 -0.0070 -0.0210 0.0070 0.8710
4.2113 0.0010 0.0000 -0.0010 0.0010 0.0000 -0.6140 -0.0210 -0.0070 -0.0070 -0.0210 0.0070 0.8710
4.2124 0.0010 0.0000 -0.0010 0.0010 0.0000 -0.6140 -0.0210 -0.0070 -0.0070 -0.0210 0.0070 0.8710
4.2145 0.0010 0.0000 -0.0010 0.0010 0.0000 -0.6110 -0.0070 -0.0070 -0.0070 -0.0360 -0.0070 0.9300
4.2147 0.0010 0.0000 -0.0010 0.0010 0.0000 -0.6110 -0.0210 -0.0070 -0.0070 -0.0360 -0.0070 0.9300
4.2153 0.0010 0.0000 -0.0010 0.0010 0.0000 -0.6090 -0.0210 -0.0210 -0.0070 -0.0070 -0.0070 0.9150
4.2163 0.0010 0.0000 -0.0010 0.0010 0.0000 -0.6090 -0.0210 -0.0210 -0.0070 -0.0070 -0.0070 0.9150
4.2173 0.0010 0.0000 -0.0010 0.0010 0.0000 -0.6090 -0.0210 -0.0210 -0.0070 -0.0070 -0.0070 0.9150
4.2184 0.0010 0.0000 -0.0010 0.0010 0.0000 -0.6090 -0.0210 -0.0210 -0.0070 -0.0070 -0.0070 0.9150
4.2194 0.0010 0.0000 -0.0010 0.0010 0.0000 -0.6090 -0.0210 -0.0210 -0.0070 -0.0070 -0.0070 0.9150
4.2214 0.0010 0.0000 -0.0010 0.0010 0.0000 -0.6090 -0.0210 -0.0210 -0.0070 -0.0070 -0.0070 0.9150
4.2215 0.0010 0.0000 -0.0010 0.0010 0.0000 -0.6090 -0.0210 -0.0210 -0.0070 -0.0070 -0.0070 0.9150
4.2223 0.0010 0.0000 -0.0010 0.0010 0.0000 -0.6090 -0.0210 -0.0210 -0.0070 -0.0070 -0.0070 0.9150
4.2233 0.0010 0.0000 -0.0010 0.0010 0.0000 -0.6090 -0.0210 -0.0210 -0.0070 -0.0070 -0.0070 0.9150
4.2243 0.0010 0.0000 -0.0010 0.0010 0.0000 -0.6090 -0.0210 -0.0210 -0.0070 -0.0070 -0.0070 0.9150
4.2267 0.0000 0.0000 -0.0010 0.0010 0.0000 -0.6080 -0.0360 0.0070 0.0070 -0.0210 -0.0210 0.8710
4.2272 0.0000 0.0000 -0.0010 0.0010 0.0000 -0.6080 -0.0360 0.0070 0.0070 -0.0210 -0.0210 0.8710
4.2274 0.0000 0.0000 -0.0010 0.0010 0.0000 -0.6070 -0.0360 -0.0070 0.0070 -0.0360 -0.0210 0.8570
4.2283 0.0000 0.0000 -0.0010 0.0010 0.0000 -0.6070 -0.0360 -0.0070 0.0070 -0.0360 -0.0210 0.8570
4.2297 0.0000 0.0000 -0.0010 0.0010 0.0000 -0.6070 -0.0360 -0.0070 0.0070 -0.0360 -0.0210 0.8570
4.2303 0.0000 0.0000 -0.0010 0.0010 0.0000 -0.6070 -0.0360 -0.0070 0.0070 -0.0360 -0.0210 0.8570
4.2313 0.0000 0.0000 -0.0010 0.0010 0.0000 -0.6070 -0.0360 -0.0070 0.0070 -0.0360 -0.0210 0.8570
4.2323 0.0000 0.0000 -0.0010 0.0010 0.0000 -0.6070 -0.0360 -0.0070 0.0070 -0.0360 -0.0210 0.8570
4.2333 0.0000 0.0000 -0.0010 0.0010 0.0000 -0.6070 -0.0360 -0.0070 0.0070 -0.0360 -0.0210 0.8570
4.2343 0.0000 0.0000 -0.0010 0.0010 0.0000 -0.6070 -0.0360 -0.0070 0.0070 -0.0360 -0.0210 0.8570
4.2353 0.0000 0.0000 -0.0010 0.0010 0.0000 -0.6070 -0.0360 -0.0070 0.0070 -0.0360 -0.0210 0.8570
4.2363 0.0000 0.0000 -0.0010 0.0010 0.0000 -0.6070 -0.0360 -0.0070 0.0070 -0.0360 -0.0210 0.8570
4.2375 0.0000 0.0000 -0.0010 0.0010 0.0000 -0.6070 -0.0360 -0.0070 0.0070 -0.0360 -0.0210 0.8570
4.2384 0.0000 0.0000 -0.0010 0.0010 0.0000 -0.6050 -0.0360 -0.0070 0.0070 -0.0360 0.0070 0.9150
4.2393 0.0000 0.0000 -0.0010 0.0010 0.0000 -0.6020 -0.0360 -0.0210 0.0210 -0.0510 -0.0210 0.8710
4.2403 0.0000 0.0000 -0.0010 0.0010 0.0000 -0.6020 -0.0360 -0.0210 0.0210 -0.0510 -0.0210 0.8710
4.2413 0.0000 0.0000 -0.0010 0.0010 0.0000 -0.6020 -0.0360 -0.0210 0.0210 -0.0510 -0.0210 0.8710
4.2423 0.0000 0.0000 -0.0010 0.0010 0.0000 -0.6020 -0.0360 -0.0210 0.0210 -0.0510 -0.0210 0.8710
4.2434 0.0000 0.0000 -0.0010 0.0010 0.0000 -0.6020 -0.0360 -0.0210 0.0210 -0.0510 -0.0210 0.8710
4.2443 0.0000 0.0000 -0.0010 0.0010 0.0000 -0.6020 -0.0360 -0.0210 0.0210 -0.0510 -0.0210 0.8710
4.2453 0.0000 0.0000 -0.0010 0.0010 0.0000 -0.6020 -0.0360 -0.0210 0.0210 -0.0510 -0.0210 0.8710
4.2463 0.0000 0.0000 -0.0010 0.0010 0.0000 -0.6020 -0.0360 -0.0210 0.0210 -0.0510 -0.0210 0.8710
4.2473 0.0000 0.0000 -0.0010 0.0010 0.0000 -0.6020 -0.0360 -0.0210 0.0210 -0.0510 -0.0210 0.8710
4.2483 0.0000 0.0000 -0.0010 0.0010 0.0000 -0.6020 -0.0360 -0.0210 0.0210 -0.0510 -0.0210 0.8710
4.2493 0.0000 0.0000 -0.0010 0.0010 0.0000 -0.6020 -0.0360 -0.0210 0.0210 -0.0510 -0.0210 0.8710
4.2521 0.0000 0.0000 -0.0010 0.0000 0.0000 -0.5990 -0.0360 -0.0070 0.0360 -0.0360 -0.0070 0.8860
4.2523 0.0000 0.0000 -0.0010 0.0000 0.0000 -0.5990 -0.0360 -0.0070 0.0360 -0.0360 -0.0070 0.8860
4.2534 0.0000 0.0000 -0.0010 0.0000 0.0000 -0.5990 -0.0360 -0.0070 0.0360 -0.0360 -0.0070 0.8860
4.2543 0.0000 0.0000 -0.0010 0.0000 0.0000 -0.5990 -0.0360 -0.0070 0.0360 -0.0360 -0.0070 0.8860
4.2553 0.0000 0.0000 -0.0010 0.0000 0.0000 -0.5990 -0.0360 -0.0070 0.0360 -0.0360 -0.0070 0.8860
4.2563 0.0000 0.0000 -0.0010 0.0000 0.0000 -0.5990 -0.0360 -0.0070 0.0360 -0.0360 -0.0070 0.8860
4.2573 0.0000 0.0000 -0.0010 0.0000 0.0000 -0.5990 -0.0360 -0.0070 0.0360 -0.0360 -0.0070 0.8860
4.2583 0.0000 0.0000 -0.0010 0.0000 0.0000 -0.5990 -0.0360 -0.0070 0.0360 -0.0360 -0.0070 0.8860
4.2602 0.0000 0.0000 -0.0010 0.0000 0.0000 -0.5990 -0.0360 -0.0070 0.0360 -0.0360 -0.0070 0.8860
4.2604 0.0000 0.0000 -0.0010 0.0000 0.0000 -0.5990 -0.0360 -0.0070 0.0360 -0.0360 -0.0070 0.8860
4.2614 0.0000 0.0000 -0.0010 0.0000 0.0000 -0.5990 -0.0360 -0.0070 0.0360 -0.0360 -0.0070 0.8860
4.2644 0.0000 0.0000 -0.0010 0.0000 0.0000 -0.5990 -0.0360 -0.0070 0.0360 -0.0360 -0.0070 0.8860
4.2646 0.0000 0.0000 -0.0010 0.0000 0.0000 -0.5960 -0.0210 -0.0070 0.0210 -0.0510 -0.0070 0.9150
4.2663 0.0000 0.0000 -0.0010 0.0000 0.0000 -0.5940 -0.0210 0.0070 0.0360 -0.0360 -0.0070 0.8570
4.2667 0.0000 0.0000 -0.0010 0.0000 0.0000 -0.5940 -0.0210 0.0070 0.0360 -0.0360 -0.0070 0.8570
4.2676 0.0000 0.0000 -0.0010 0.0000 0.0000 -0.5940 -0.0210 0.0070 0.0360 -0.0360 -0.0070 0.8570
4.2686 0.0000 0.0000 -0.0010 0.0000 0.0000 -0.5940 -0.0210 0.0070 0.0360 -0.0360 -0.0070 0.8570
4.2697 0.0000 0.0000 -0.0010 0.0000 0.0000 -0.5940 -0.0210 0.0070 0.0360 -0.0360 -0.0070 0.8570
4.2707 0.0000 0.0000 -0.0010 0.0000 0.0000 -0.5940 -0.0210 0.0070 0.0360 -0.0360 -0.0070 0.8570
4.2717 0.0000 0.0000 -0.0010 0.0000 0.0000 -0.5940 -0.0210 0.0070 0.0360 -0.0360 -0.0070 0.8570
4.2727 0.0000 0.0000 -0.0010 0.0000 0.0000 -0.5940 -0.0210 0.0070 0.0360 -0.0360 -0.0070 0.8570
4.2737 0.0000 0.0000 -0.0010 0.0000 0.0000 -0.5940 -0.0210 0.0070 0.0360 -0.0360 -0.0070 0.8570
4.2747 0.0000 0.0000 -0.0010 0.0000 0.0000 -0.5940 -0.0210 0.0070 0.0360 -0.0360 -0.0070 0.8570
4.2768 0.0000 0.0000 0.0000 0.0000 0.0000 -0.5910 -0.0210 -0.0210 0.0510 -0.0210 0.0070 0.9300
4.2770 0.0000 0.0000 0.0000 0.0000 0.0000 -0.5910 -0.0210 -0.0210 0.0510 -0.0210 0.0070 0.9300
4.2776 0.0000 0.0000 0.0000 0.0000 0.0000 -0.5910 -0.0210 -0.0210 0.0510 -0.0210 0.0070 0.9300
4.2786 0.0000 0.0000 0.0000 0.0000 0.0000 -0.5910 -0.0210 -0.0210 0.0510 -0.0210 0.0070 0.9300
4.2797 0.0000 0.0000 0.0000 0.0000 0.0000 -0.5910 -0.0210 -0.0210 0.0510 -0.0210 0.0070 0.9300
4.2807 0.0000 0.0000 0.0000 0.0000 0.0000 -0.5910 -0.0210 -0.0210 0.0510 -0.0210 0.0070 0.9300
4.2817 0.0000 0.0000 0.0000 0.0000 0.0000 -0.5910 -0.0210 -0.0210 0.0510 -0.0210 0.0070 0.9300
4.2827 0.0000 0.0000 0.0000 0.0000 0.0000 -0.5910 -0.0210 -0.0210 0.0510 -0.0210 0.0070 0.9300
4.2837 0.0000 0.0000 0.0000 0.0000 0.0000 -0.5910 -0.0210 -0.0210 0.0510 -0.0210 0.0070 0.9300
4.2847 0.0000 0.0000 0.0000 0.0000 0.0000 -0.5910 -0.0210 -0.0210 0.0510 -0.0210 0.0070 0.9300
4.2857 0.0000 0.0000 0.0000 0.0000 0.0000 -0.5910 -0.0210 -0.0210 0.0510 -0.0210 0.0070 0.9300
4.2867 0.0000 0.0000 0.0000 0.0000 0.0000 -0.5910 -0.0210 -0.0210 0.0510 -0.0210 0.0070 0.9300
4.2876 0.0000 0.0000 0.0000 0.0000 0.0000 -0.5910 -0.0210 -0.0210 0.0510 -0.0210 0.0070 0.9300
4.2886 0.0000 0.0000 0.0000 0.0000 0.0000 -0.5910 -0.0210 -0.0210 0.0510 -0.0210 0.0070 0.9300
4.2908 0.0000 0.0000 0.0000 0.0000 0.0000 -0.5870 -0.0070 -0.0210 0.0210 -0.0210 -0.0070 0.8710
4.2910 0.0000 0.0000 0.0000 0.0000 0.0000 -0.5870 -0.0070 -0.0210 0.0210 -0.0210 -0.0070 0.8710
4.2916 0.0000 0.0000 0.0000 0.0000 0.0000 -0.5870 -0.0070 -0.0210 0.0210 -0.0210 -0.0070 0.8710
4.2926 0.0000 0.0000 0.0000 0.0000 0.0000 -0.5870 -0.0070 -0.0210 0.0210 -0.0210 -0.0070 0.8710
4.2936 0.0000 0.0000 0.0000 0.0000 0.0000 -0.5870 -0.0070 -0.0210 0.0210 -0.0210 -0.0070 0.8710
4.2947 0.0000 0.0000 0.0000 0.0000 0.0000 -0.5870 -0.0070 -0.0210 0.0210 -0.0210 -0.0070 0.8710
4.2956 0.0000 0.0000 0.0000 0.0000 0.0000 -0.5870 -0.0070 -0.0210 0.0210 -0.0210 -0.0070 0.8710
4.2966 0.0000 0.0000 0.0000 0.0000 0.0000 -0.5870 -0.0070 -0.0210 0.0210 -0.0210 -0.0070 0.8710
4.2976 0.0000 0.0000 0.0000 0.0000 0.0000 -0.5870 -0.0070 -0.0210 0.0210 -0.0210 -0.0070 0.8710
4.2987 0.0000 0.0000 0.0000 0.0000 0.0000 -0.5870 -0.0070 -0.0210 0.0210 -0.0210 -0.0070 0.8710
4.2997 0.0000 0.0000 0.0000 0.0000 0.0000 -0.5870 -0.0070 -0.0210 0.0210 -0.0210 -0.0070 0.8710
4.3006 0.0000 0.0000 0.0000 0.0000 0.0000 -0.5870 -0.0070 -0.0210 0.0210 -0.0210 -0.0070 0.8710
4.3016 0.0000 0.0000 0.0000 0.0000 0.0000 -0.5840 -0.0070 -0.0210 0.0070 -0.0070 -0.0070 0.9300
4.3026 0.0000 0.0000 0.0000 0.0000 0.0000 -0.5840 -0.0070 -0.0210 0.0070 -0.0070 -0.0070 0.9300
4.3037 0.0000 0.0000 0.0000 0.0000 0.0000 -0.5840 -0.0070 -0.0210 0.0070 -0.0070 -0.0070 0.9300
4.3047 0.0000 0.0000 0.0000 0.0000 0.0000 -0.5840 -0.0070 -0.0210 0.0070 -0.0070 -0.0070 0.9300
4.3057 0.0000 0.0000 0.0000 0.0000 0.0000 -0.5840 -0.0070 -0.0210 0.0070 -0.0070 -0.0070 0.9300
4.3067 0.0000 0.0000 0.0000 0.0000 0.0000 -0.5840 -0.0070 -0.0210 0.0070 -0.0070 -0.0070 0.9300
4.3077 0.0000 0.0000 0.0000 0.0000 0.0000 -0.5840 -0.0070 -0.0210 0.0070 -0.0070 -0.0070 0.9300
4.3087 0.0000 0.0000 0.0000 0.0000 0.0000 -0.5840 -0.0070 -0.0210 0.0070 -0.0070 -0.0070 0.9300
4.3097 0.0000 0.0000 0.0000 0.0000 0.0000 -0.5840 -0.0070 -0.0210 0.0070 -0.0070 -0.0070 0.9300
4.3107 0.0000 0.0000 0.0000 0.0000 0.0000 -0.5840 -0.0070 -0.0210 0.0070 -0.0070 -0.0070 0.9300
4.3121 0.0000 0.0000 0.0000 0.0000 0.0000 -0.5840 -0.0070 -0.0210 0.0070 -0.0070 -0.0070 0.9300
4.3136 0.0000 0.0000 0.0000 0.0000 0.0000 -0.5820 -0.0070 -0.0360 0.0210 -0.0070 -0.0070 0.8710
4.3152 0.0000 0.0000 0.0000 0.0000 0.0000 -0.5800 -0.0070 -0.0510 0.0070 -0.0210 -0.0070 0.8860
4.3154 0.0000 0.0000 0.0000 0.0000 0.0000 -0.5800 -0.0070 -0.0510 0.0070 -0.0210 -0.0070 0.8860
4.3156 0.0000 0.0000 0.0000 0.0000 0.0000 -0.5800 -0.0070 -0.0510 0.0070 -0.0210 -0.0070 0.8860
4.3166 0.0000 0.0000 0.0000 0.0000 0.0000 -0.5800 -0.0070 -0.0510 0.0070 -0.0210 -0.0070 0.8860
4.3177 0.0000 0.0000 0.0000 0.0000 0.0000 -0.5800 -0.0070 -0.0510 0.0070 -0.0210 -0.0070 0.8860
4.3187 0.0000 0.0000 0.0000 0.0000 0.0000 -0.5800 -0.0070 -0.0510 0.0070 -0.0210 -0.0070 0.8860
4.3213 0.0000 0.0000 0.0000 0.0000 0.0000 -0.5800 -0.0070 -0.0510 0.0070 -0.0210 -0.0070 0.8860
4.3215 0.0000 0.0000 0.0000 0.0000 0.0000 -0.5800 -0.0070 -0.0510 0.0070 -0.0210 -0.0070 0.8860
4.3217 0.0000 0.0000 0.0000 0.0000 0.0000 -0.5800 -0.0070 -0.0510 0.0070 -0.0210 -0.0070 0.8860
4.3226 0.0000 0.0000 0.0000 0.0000 0.0000 -0.5800 -0.0070 -0.0510 0.0070 -0.0210 -0.0070 0.8860
4.3237 0.0000 0.0000 0.0000 0.0000 0.0000 -0.5800 -0.0070 -0.0510 0.0070 -0.0210 -0.0070 0.8860
4.3246 0.0000 0.0000 0.0000 0.0000 0.0000 -0.5800 -0.0070 -0.0510 0.0070 -0.0210 -0.0070 0.8860
4.3256 0.0000 0.0000 0.0000 0.0000 0.0000 -0.5800 -0.0070 -0.0510 0.0070 -0.0210 -0.0070 0.8860
4.3266 0.0000 0.0000 0.0000 0.0000 0.0000 -0.5760 -0.0070 -0.0360 0.0070 -0.0360 0.0070 0.9010
4.3276 0.0000 0.0000 0.0000 0.0000 0.0000 -0.5760 -0.0070 -0.0360 0.0070 -0.0360 0.0070 0.9010
4.3287 0.0000 0.0000 0.0000 0.0000 0.0000 -0.5760 -0.0070 -0.0360 0.0070 -0.0360 0.0070 0.9010
4.3297 0.0000 0.0000 0.0000 0.0000 0.0000 -0.5760 -0.0070 -0.0360 0.0070 -0.0360 0.0070 0.9010
4.3306 0.0000 0.0000 0.0000 0.0000 0.0000 -0.5760 -0.0070 -0.0360 0.0070 -0.0360 0.0070 0.9010
4.3317 0.0000 0.0000 0.0000 0.0000 0.0000 -0.5760 -0.0070 -0.0360 0.0070 -0.0360 0.0070 0.9010
4.3327 0.0000 0.0000 0.0000 0.0000 0.0000 -0.5760 -0.0070 -0.0360 0.0070 -0.0360 0.0070 0.9010
4.3336 0.0000 0.0000 0.0000 0.0000 0.0000 -0.5760 -0.0070 -0.0360 0.0070 -0.0360 0.0070 0.9010
4.3347 0.0000 0.0000 0.0000 0.0000 0.0000 -0.5760 -0.0070 -0.0360 0.0070 -0.0360 0.0070 0.9010
4.3357 0.0000 0.0000 0.0000 0.0000 0.0000 -0.5760 -0.0070 -0.0360 0.0070 -0.0360 0.0070 0.9010
4.3370 0.0000 0.0000 0.0000 0.0000 0.0000 -0.5760 -0.0070 -0.0360 0.0070 -0.0360 0.0070 0.9010
4.3394 0.0000 0.0000 0.0000 0.0000 0.0000 -0.5750 -0.0070 -0.0360 0.0210 -0.0210 0.0070 0.8710
4.3396 0.0000 0.0000 0.0000 0.0000 0.0000 -0.5720 -0.0210 -0.0210 0.0070 -0.0210 0.0210 0.9150
4.3407 0.0000 0.0000 0.0000 0.0000 0.0000 -0.5720 -0.0210 -0.0210 0.0070 -0.0210 0.0210 0.9150
4.3416 0.0000 0.0000 0.0000 0.0000 0.0000 -0.5720 -0.0210 -0.0210 0.0070 -0.0210 0.0210 0.9150
4.3426 0.0000 0.0000 0.0000 0.0000 0.0000 -0.5720 -0.0210 -0.0210 0.0070 -0.0210 0.0210 0.9150
4.3436 0.0000 0.0000 0.0000 0.0000 0.0000 -0.5720 -0.0210 -0.0210 0.0070 -0.0210 0.0210 0.9150
4.3447 0.0000 0.0000 0.0000 0.0000 0.0000 -0.5720 -0.0210 -0.0210 0.0070 -0.0210 0.0210 0.9150
4.3457 0.0000 0.0000 0.0000 0.0000 0.0000 -0.5720 -0.0210 -0.0210 0.0070 -0.0210 0.0210 0.9150
4.3467 0.0000 0.0000 0.0000 0.0000 0.0000 -0.5720 -0.0210 -0.0210 0.0070 -0.0210 0.0210 0.9150
4.3477 0.0000 0.0000 0.0000 0.0000 0.0000 -0.5720 -0.0210 -0.0210 0.0070 -0.0210 0.0210 0.9150
4.3487 0.0000 0.0000 0.0000 0.0000 0.0000 -0.5720 -0.0210 -0.0210 0.0070 -0.0210 0.0210 0.9150
4.3498 0.0000 0.0000 0.0000 0.0000 0.0000 -0.5720 -0.0210 -0.0210 0.0070 -0.0210 0.0210 0.9150
4.3513 0.0000 0.0000 0.0000 0.0000 0.0000 -0.5700 -0.0070 -0.0070 0.0070 0.0070 0.0070 0.9150
4.3534 0.0000 0.0000 0.0000 0.0000 0.0000 -0.5690 -0.0070 -0.0210 0.0070 -0.0070 0.0210 0.8710
4.3539 0.0000 0.0000 0.0000 0.0000 0.0000 -0.5690 -0.0070 -0.0210 0.0070 -0.0070 0.0210 0.8710
4.3549 0.0000 0.0000 0.0000 0.0000 0.0000 -0.5690 -0.0070 -0.0210 0.0070 -0.0070 0.0210 0.8710
4.3558 0.0000 0.0000 0.0000 0.0000 0.0000 -0.5690 -0.0070 -0.0210 0.0070 -0.0070 0.0210 0.8710
4.3569 0.0000 0.0000 0.0000 0.0000 0.0000 -0.5690 -0.0070 -0.0210 0.0070 -0.0070 0.0210 0.8710
4.3579 0.0000 0.0000 0.0000 0.0000 0.0000 -0.5690 -0.0070 -0.0210 0.0070 -0.0070 0.0210 0.8710
4.3589 0.0000 0.0000 0.0000 0.0000 0.0000 -0.5690 -0.0070 -0.0210 0.0070 -0.0070 0.0210 0.8710
4.3599 0.0000 0.0000 0.0000 0.0000 0.0000 -0.5690 -0.0070 -0.0210 0.0070 -0.0070 0.0210 0.8710
4.3609 0.0000 0.0000 0.0000 0.0000 0.0000 -0.5690 -0.0070 -0.0210 0.0070 -0.0070 0.0210 0.8710
4.3620 0.0000 0.0000 0.0000 0.0000 0.0000 -0.5690 -0.0070 -0.0210 0.0070 -0.0070 0.0210 0.8710
4.3631 0.0000 0.0000 0.0000 0.0000 0.0000 -0.5670 -0.0070 -0.0070 0.0360 -0.0210 0.0210 0.8860
4.3639 0.0000 0.0000 0.0000 0.0000 0.0000 -0.5670 -0.0070 -0.0070 0.0360 -0.0210 0.0210 0.8860
4.3650 0.0000 0.0000 0.0000 0.0000 0.0000 -0.5660 -0.0070 -0.0210 0.0800 -0.0070 0.0800 0.8710
4.3660 0.0000 0.0000 0.0000 0.0000 0.0000 -0.5640 -0.0210 -0.0210 0.1090 -0.0210 0.0800 0.9300
4.3669 0.0000 0.0000 0.0000 0.0000 0.0000 -0.5640 -0.0210 -0.0210 0.1090 -0.0210 0.0800 0.9300
4.3678 0.0000 0.0000 0.0000 0.0000 0.0000 -0.5640 -0.0210 -0.0210 0.1090 -0.0210 0.0800 0.9300
4.3688 0.0000 0.0000 0.0000 0.0000 0.0000 -0.5640 -0.0210 -0.0210 0.1090 -0.0210 0.0800 0.9300
4.3699 0.0000 0.0000 0.0000 0.0000 0.0000 -0.5640 -0.0210 -0.0210 0.1090 -0.0210 0.0800 0.9300
4.3709 0.0000 0.0000 0.0000 0.0000 0.0000 -0.5640 -0.0210 -0.0210 0.1090 -0.0210 0.0800 0.9300
4.3718 0.0000 0.0000 0.0000 0.0000 0.0000 -0.5640 -0.0210 -0.0210 0.1090 -0.0210 0.0800 0.9300
4.3729 0.0000 0.0000 0.0000 0.0000 0.0000 -0.5640 -0.0210 -0.0210 0.1090 -0.0210 0.0800 0.9300
4.3739 0.0000 0.0000 0.0000 0.0000 0.0000 -0.5640 -0.0210 -0.0210 0.1090 -0.0210 0.0800 0.9300
4.3749 0.0000 0.0000 0.0000 0.0000 0.0000 -0.5640 -0.0210 -0.0210 0.1090 -0.0210 0.0800 0.9300
4.3759 0.0000 0.0000 0.0000 0.0000 0.0000 -0.5640 -0.0210 -0.0210 0.1090 -0.0210 0.0800 0.9300
4.3769 0.0000 0.0000 0.0000 0.0000 0.0000 -0.5630 -0.0070 -0.0070 0.0800 -0.0210 0.0210 0.9010
4.3779 0.0000 0.0000 0.0000 0.0000 0.0000 -0.5620 -0.0070 -0.0210 0.0210 -0.0070 -0.0070 0.8710
4.3789 0.0000 0.0000 0.0000 0.0000 0.0000 -0.5600 -0.0070 -0.0070 -0.0210 -0.0210 0.0070 0.8710
4.3802 0.0000 0.0000 0.0000 0.0000 0.0000 -0.5600 -0.0070 -0.0070 -0.0210 -0.0210 0.0070 0.8710
4.3808 0.0000 0.0000 0.0000 0.0000 0.0000 -0.5600 -0.0070 -0.0070 -0.0210 -0.0210 0.0070 0.8710
4.3819 0.0000 0.0000 0.0000 0.0000 0.0000 -0.5600 -0.0070 -0.0070 -0.0210 -0.0210 0.0070 0.8710
4.3829 0.0000 0.0000 0.0000 0.0000 0.0000 -0.5600 -0.0070 -0.0070 -0.0210 -0.0210 0.0070 0.8710
4.3839 0.0000 0.0000 0.0000 0.0000 0.0000 -0.5600 -0.0070 -0.0070 -0.0210 -0.0210 0.0070 0.8710
4.3848 0.0000 0.0000 0.0000 0.0000 0.0000 -0.5600 -0.0070 -0.0070 -0.0210 -0.0210 0.0070 0.8710
4.3859 0.0000 0.0000 0.0000 0.0000 0.0000 -0.5600 -0.0070 -0.0070 -0.0210 -0.0210 0.0070 0.8710
4.3878 0.0000 0.0000 0.0000 0.0000 0.0000 -0.5600 -0.0070 -0.0070 -0.0210 -0.0210 0.0070 0.8710
4.3894 0.0000 0.0000 0.0000 0.0000 0.0000 -0.5600 -0.0070 -0.0070 -0.0210 -0.0210 0.0070 0.8710
4.3896 0.0000 0.0000 0.0000 0.0000 0.0000 -0.5600 -0.0210 -0.0070 0.0070 -0.0210 -0.0070 0.8710
4.3903 0.0000 0.0000 0.0000 0.0000 0.0000 -0.5590 -0.0210 -0.0070 0.0070 -0.0210 -0.0070 0.9010
4.3909 0.0000 0.0000 0.0000 0.0000 0.0000 -0.5570 -0.0070 -0.0070 0.0070 -0.0070 -0.0070 0.9150
4.3919 0.0000 0.0000 0.0000 0.0000 0.0000 -0.5570 -0.0070 -0.0070 0.0070 -0.0070 -0.0070 0.9150
4.3929 0.0000 0.0000 0.0000 0.0000 0.0000 -0.5570 -0.0070 -0.0070 0.0070 -0.0070 -0.0070 0.9150
4.3939 0.0000 0.0000 0.0000 0.0000 0.0000 -0.5570 -0.0070 -0.0070 0.0070 -0.0070 -0.0070 0.9150
4.3949 0.0000 0.0000 0.0000 0.0000 0.0000 -0.5570 -0.0070 -0.0070 0.0070 -0.0070 -0.0070 0.9150
4.3959 0.0000 0.0000 0.0000 0.0000 0.0000 -0.5570 -0.0070 -0.0070 0.0070 -0.0070 -0.0070 0.9150
4.3969 0.0000 0.0000 0.0000 0.0000 0.0000 -0.5570 -0.0070 -0.0070 0.0070 -0.0070 -0.0070 0.9150
4.3979 0.0000 0.0000 0.0000 0.0000 0.0000 -0.5570 -0.0070 -0.0070 0.0070 -0.0070 -0.0070 0.9150
4.3989 0.0000 0.0000 0.0000 0.0000 0.0000 -0.5570 -0.0070 -0.0070 0.0070 -0.0070 -0.0070 0.9150
4.3998 0.0000 0.0000 0.0000 0.0000 0.0000 -0.5570 -0.0070 -0.0070 0.0070 -0.0070 -0.0070 0.9150
4.4009 0.0000 0.0000 0.0000 0.0000 0.0000 -0.5570 -0.0070 -0.0070 0.0070 -0.0070 -0.0070 0.9150
4.4022 0.0000 0.0000 0.0000 0.0000 0.0000 -0.5570 -0.0070 -0.0070 0.0070 -0.0070 -0.0070 0.9150
4.4029 0.0000 0.0000 0.0000 0.0000 0.0000 -0.5540 -0.0070 -0.0070 -0.0070 -0.0360 -0.0070 0.8710
4.4039 0.0000 0.0000 0.0000 0.0000 0.0000 -0.5540 -0.0070 -0.0070 -0.0070 -0.0360 -0.0070 0.8710
4.4048 0.0000 0.0000 0.0000 0.0000 0.0000 -0.5540 -0.0070 -0.0070 -0.0070 -0.0360 -0.0070 0.8710
4.4059 0.0000 0.0000 0.0000 0.0000 0.0000 -0.5540 -0.0070 -0.0070 -0.0070 -0.0360 -0.0070 0.8710
4.4069 0.0000 0.0000 0.0000 0.0000 0.0000 -0.5540 -0.0070 -0.0070 -0.0070 -0.0360 -0.0070 0.8710
4.4079 0.0000 0.0000 0.0000 0.0000 0.0000 -0.5540 -0.0070 -0.0070 -0.0070 -0.0360 -0.0070 0.8710
4.4089 0.0000 0.0000 0.0000 0.0000 0.0000 -0.5540 -0.0070 -0.0070 -0.0070 -0.0360 -0.0070 0.8710
4.4099 0.0000 0.0000 0.0000 0.0000 0.0000 -0.5540 -0.0070 -0.0070 -0.0070 -0.0360 -0.0070 0.8710
4.4109 0.0000 0.0000 0.0000 0.0000 0.0000 -0.5540 -0.0070 -0.0070 -0.0070 -0.0360 -0.0070 0.8710
4.4120 0.0000 0.0000 0.0000 0.0000 0.0000 -0.5540 -0.0070 -0.0070 -0.0070 -0.0360 -0.0070 0.8710
4.4129 0.0000 0.0000 0.0000 0.0000 0.0000 -0.5540 -0.0070 -0.0070 -0.0070 -0.0360 -0.0070 0.8710
4.4140 0.0000 0.0000 0.0000 0.0000 0.0000 -0.5540 -0.0070 -0.0070 -0.0070 -0.0360 -0.0070 0.8710
4.4149 0.0000 0.0000 0.0000 0.0000 0.0000 -0.5510 -0.0070 -0.0210 0.0070 -0.0650 -0.0210 0.9300
4.4159 0.0000 0.0000 0.0000 0.0000 0.0000 -0.5490 -0.0070 -0.0210 0.0070 -0.1090 -0.0070 0.8710
4.4168 0.0000 0.0000 0.0000 0.0000 0.0000 -0.5490 -0.0070 -0.0210 0.0070 -0.1090 -0.0070 0.8710
4.4179 0.0000 0.0000 0.0000 0.0000 0.0000 -0.5490 -0.0070 -0.0210 0.0070 -0.1090 -0.0070 0.8710
4.4189 0.0000 0.0000 0.0000 0.0000 0.0000 -0.5490 -0.0070 -0.0210 0.0070 -0.1090 -0.0070 0.8710
4.4199 0.0000 0.0000 0.0000 0.0000 0.0000 -0.5490 -0.0070 -0.0210 0.0070 -0.1090 -0.0070 0.8710
4.4214 0.0000 0.0000 0.0000 0.0000 0.0000 -0.5490 -0.0070 -0.0210 0.0070 -0.1090 -0.0070 0.8710
4.4219 0.0000 0.0000 0.0000 0.0000 0.0000 -0.5490 -0.0070 -0.0210 0.0070 -0.1090 -0.0070 0.8710
4.4228 0.0000 0.0000 0.0000 0.0000 0.0000 -0.5490 -0.0070 -0.0210 0.0070 -0.1090 -0.0070 0.8710
4.4239 0.0000 0.0000 0.0000 0.0000 0.0000 -0.5490 -0.0070 -0.0210 0.0070 -0.1090 -0.0070 0.8710
4.4249 0.0000 0.0000 0.0000 0.0000 0.0000 -0.5490 -0.0070 -0.0210 0.0070 -0.1090 -0.0070 0.8710
4.4277 0.0000 0.0000 0.0000 0.0000 0.0000 -0.5490 -0.0070 -0.0210 0.0070 -0.1090 -0.0070 0.8710
4.4288 0.0000 0.0000 0.0000 0.0000 0.0000 -0.5460 -0.0070 -0.0210 -0.0070 -0.0510 -0.0070 0.8860
4.4292 0.0000 0.0000 0.0000 0.0000 0.0000 -0.5460 -0.0070 -0.0210 -0.0070 -0.0510 -0.0070 0.8860
4.4300 0.0000 0.0000 0.0000 0.0000 0.0000 -0.5460 -0.0070 -0.0210 -0.0070 -0.0510 -0.0070 0.8860
4.4310 0.0000 0.0000 0.0000 0.0000 0.0000 -0.5460 -0.0070 -0.0210 -0.0070 -0.0510 -0.0070 0.8860
4.4320 0.0000 0.0000 0.0000 0.0000 0.0000 -0.5460 -0.0070 -0.0210 -0.0070 -0.0510 -0.0070 0.8860
4.4330 0.0000 0.0000 0.0000 0.0000 0.0000 -0.5460 -0.0070 -0.0210 -0.0070 -0.0510 -0.0070 0.8860
4.4340 0.0000 0.0000 0.0000 0.0000 0.0000 -0.5460 -0.0070 -0.0210 -0.0070 -0.0510 -0.0070 0.8860
4.4350 0.0000 0.0000 0.0000 0.0000 0.0000 -0.5460 -0.0070 -0.0210 -0.0070 -0.0510 -0.0070 0.8860
4.4360 0.0000 0.0000 0.0000 0.0000 0.0000 -0.5460 -0.0070 -0.0210 -0.0070 -0.0510 -0.0070 0.8860
4.4370 0.0000 0.0000 0.0000 0.0000 0.0000 -0.5460 -0.0070 -0.0210 -0.0070 -0.0510 -0.0070 0.8860
4.4380 0.0000 0.0000 0.0000 0.0000 0.0000 -0.5460 -0.0070 -0.0210 -0.0070 -0.0510 -0.0070 0.8860
4.4390 0.0000 0.0000 0.0000 0.0000 0.0000 -0.5460 -0.0070 -0.0210 -0.0070 -0.0510 -0.0070 0.8860
4.4401 0.0000 0.0000 0.0000 0.0000 0.0000 -0.5420 -0.0070 -0.0210 0.0210 -0.0210 -0.0070 0.8570
4.4410 0.0000 0.0000 0.0000 0.0000 0.0000 -0.5420 -0.0070 -0.0210 0.0210 -0.0210 -0.0070 0.8570
4.4420 0.0000 0.0000 0.0000 0.0000 0.0000 -0.5420 -0.0070 -0.0210 0.0210 -0.0210 -0.0070 0.8570
4.4430 0.0000 0.0000 0.0000 0.0000 0.0000 -0.5420 -0.0070 -0.0210 0.0210 -0.0210 -0.0070 0.8570
4.4440 0.0000 0.0000 0.0000 0.0000 0.0000 -0.5420 -0.0070 -0.0210 0.0210 -0.0210 -0.0070 0.8570
4.4450 0.0000 0.0000 0.0000 0.0000 0.0000 -0.5420 -0.0070 -0.0210 0.0210 -0.0210 -0.0070 0.8570
4.4460 0.0000 0.0000 0.0000 0.0000 0.0000 -0.5420 -0.0070 -0.0210 0.0210 -0.0210 -0.0070 0.8570
4.4470 0.0000 0.0000 0.0000 0.0000 0.0000 -0.5420 -0.0070 -0.0210 0.0210 -0.0210 -0.0070 0.8570
4.4480 0.0000 0.0000 0.0000 0.0000 0.0000 -0.5420 -0.0070 -0.0210 0.0210 -0.0210 -0.0070 0.8570
4.4490 0.0000 0.0000 0.0000 0.0000 0.0000 -0.5420 -0.0070 -0.0210 0.0210 -0.0210 -0.0070 0.8570
4.4500 0.0000 0.0000 0.0000 0.0000 0.0000 -0.5420 -0.0070 -0.0210 0.0210 -0.0210 -0.0070 0.8570
4.4524 0.0000 0.0000 0.0000 0.0000 0.0000 -0.5390 -0.0210 -0.0210 0.0210 -0.0070 -0.0070 0.9150
4.4526 0.0000 0.0000 0.0000 0.0000 0.0000 -0.5390 -0.0210 -0.0210 0.0210 -0.0070 -0.0070 0.9150
4.4530 0.0000 0.0000 0.0000 0.0000 0.0000 -0.5390 -0.0210 -0.0210 0.0210 -0.0070 -0.0070 0.9150
4.4540 0.0000 0.0000 0.0000 0.0000 0.0000 -0.5390 -0.0210 -0.0210 0.0210 -0.0070 -0.0070 0.9150
4.4550 0.0000 0.0000 0.0000 0.0000 0.0000 -0.5390 -0.0210 -0.0210 0.0210 -0.0070 -0.0070 0.9150
4.4560 0.0000 0.0000 0.0000 0.0000 0.0000 -0.5390 -0.0210 -0.0210 0.0210 -0.0070 -0.0070 0.9150
4.4570 0.0000 0.0000 0.0000 0.0000 0.0000 -0.5390 -0.0210 -0.0210 0.0210 -0.0070 -0.0070 0.9150
4.4580 0.0000 0.0000 0.0000 0.0000 0.0000 -0.5390 -0.0210 -0.0210 0.0210 -0.0070 -0.0070 0.9150
4.4590 0.0000 0.0000 0.0000 0.0000 0.0000 -0.5390 -0.0210 -0.0210 0.0210 -0.0070 -0.0070 0.9150
4.4600 0.0000 0.0000 0.0000 0.0000 0.0000 -0.5390 -0.0210 -0.0210 0.0210 -0.0070 -0.0070 0.9150
4.4610 0.0000 0.0000 0.0000 0.0000 0.0000 -0.5390 -0.0210 -0.0210 0.0210 -0.0070 -0.0070 0.9150
4.4620 0.0000 0.0000 0.0000 0.0000 0.0000 -0.5390 -0.0210 -0.0210 0.0210 -0.0070 -0.0070 0.9150
4.4630 0.0000 0.0000 0.0000 0.0000 0.0000 -0.5390 -0.0210 -0.0210 0.0210 -0.0070 -0.0070 0.9150
4.4641 0.0000 0.0000 0.0000 0.0000 0.0000 -0.5390 -0.0210 -0.0210 0.0210 -0.0070 -0.0070 0.9150
4.4650 0.0000 0.0000 0.0000 0.0000 0.0000 -0.5370 -0.0210 -0.0210 0.0210 -0.0070 -0.0070 0.9010
4.4660 0.0000 0.0000 0.0000 0.0000 0.0000 -0.5350 -0.0070 -0.0360 0.0360 -0.0210 -0.0070 0.8570
4.4670 0.0000 0.0000 0.0000 0.0000 0.0000 -0.5350 -0.0070 -0.0360 0.0360 -0.0210 -0.0070 0.8570
4.4680 0.0000 0.0000 0.0000 0.0000 0.0000 -0.5350 -0.0070 -0.0360 0.0360 -0.0210 -0.0070 0.8570
4.4690 0.0000 0.0000 0.0000 0.0000 0.0000 -0.5350 -0.0070 -0.0360 0.0360 -0.0210 -0.0070 0.8570
4.4700 0.0000 0.0000 0.0000 0.0000 0.0000 -0.5350 -0.0070 -0.0360 0.0360 -0.0210 -0.0070 0.8570
4.4710 0.0000 0.0000 0.0000 0.0000 0.0000 -0.5350 -0.0070 -0.0360 0.0360 -0.0210 -0.0070 0.8570
4.4720 0.0000 0.0000 0.0000 0.0000 0.0000 -0.5350 -0.0070 -0.0360 0.0360 -0.0210 -0.0070 0.8570
4.4730 0.0000 0.0000 0.0000 0.0000 0.0000 -0.5350 -0.0070 -0.0360 0.0360 -0.0210 -0.0070 0.8570
4.4740 0.0000 0.0000 0.0000 0.0000 0.0000 -0.5350 -0.0070 -0.0360 0.0360 -0.0210 -0.0070 0.8570
4.4750 0.0000 0.0000 0.0000 0.0000 0.0000 -0.5350 -0.0070 -0.0360 0.0360 -0.0210 -0.0070 0.8570
4.4760 0.0000 0.0000 0.0000 0.0000 0.0000 -0.5350 -0.0070 -0.0360 0.0360 -0.0210 -0.0070 0.8570
4.4771 0.0000 0.0000 0.0000 0.0000 0.0000 -0.5330 -0.0070 -0.0210 0.0210 -0.0070 -0.0070 0.9010
4.4781 0.0000 0.0000 0.0000 0.0000 0.0000 -0.5310 -0.0070 -0.0210 0.0510 -0.0070 -0.0070 0.9150
4.4790 0.0000 0.0000 0.0000 0.0000 0.0000 -0.5300 -0.0070 -0.0360 0.0650 -0.0210 -0.0070 0.9010
4.4800 0.0000 0.0000 0.0000 0.0000 0.0000 -0.5300 -0.0070 -0.0360 0.0650 -0.0210 -0.0070 0.9010
4.4810 0.0000 0.0000 0.0000 0.0000 0.0000 -0.5300 -0.0070 -0.0360 0.0650 -0.0210 -0.0070 0.9010
4.4820 0.0000 0.0000 0.0000 0.0000 0.0000 -0.5300 -0.0070 -0.0360 0.0650 -0.0210 -0.0070 0.9010
4.4830 0.0000 0.0000 0.0000 0.0000 0.0000 -0.5300 -0.0070 -0.0360 0.0650 -0.0210 -0.0070 0.9010
4.4840 0.0000 0.0000 0.0000 0.0000 0.0000 -0.5300 -0.0070 -0.0360 0.0650 -0.0210 -0.0070 0.9010
4.4850 0.0000 0.0000 0.0000 0.0000 0.0000 -0.5300 -0.0070 -0.0360 0.0650 -0.0210 -0.0070 0.9010
4.4863 0.0000 0.0000 0.0000 0.0000 0.0000 -0.5300 -0.0070 -0.0360 0.0650 -0.0210 -0.0070 0.9010
4.4874 0.0000 0.0000 0.0000 0.0000 0.0000 -0.5300 -0.0070 -0.0360 0.0650 -0.0210 -0.0070 0.9010
4.4880 0.0000 0.0000 0.0000 0.0000 0.0000 -0.5300 -0.0070 -0.0360 0.0650 -0.0210 -0.0070 0.9010
4.4890 0.0000 0.0000 0.0000 0.0000 0.0000 -0.5300 -0.0070 -0.0360 0.0650 -0.0210 -0.0070 0.9010
4.4903 0.0000 -0.0010 0.0000 0.0000 0.0000 -0.5280 -0.0070 -0.0360 0.1090 -0.0070 -0.0070 0.8710
4.4910 0.0000 -0.0010 0.0000 0.0000 0.0000 -0.5270 -0.0210 -0.0360 0.0510 -0.0070 -0.0210 0.8710
4.4920 0.0000 -0.0010 0.0000 0.0000 0.0000 -0.5270 -0.0210 -0.0360 0.0510 -0.0070 -0.0210 0.8710
4.4930 0.0000 -0.0010 0.0000 0.0000 0.0000 -0.5270 -0.0210 -0.0360 0.0510 -0.0070 -0.0210 0.8710
4.4940 0.0000 -0.0010 0.0000 0.0000 0.0000 -0.5270 -0.0210 -0.0360 0.0510 -0.0070 -0.0210 0.8710
4.4950 0.0000 -0.0010 0.0000 0.0000 0.0000 -0.5270 -0.0210 -0.0360 0.0510 -0.0070 -0.0210 0.8710
4.4960 0.0000 -0.0010 0.0000 0.0000 0.0000 -0.5270 -0.0210 -0.0360 0.0510 -0.0070 -0.0210 0.8710
4.4971 0.0000 -0.0010 0.0000 0.0000 0.0000 -0.5270 -0.0210 -0.0360 0.0510 -0.0070 -0.0210 0.8710
4.4980 0.0000 -0.0010 0.0000 0.0000 0.0000 -0.5270 -0.0210 -0.0360 0.0510 -0.0070 -0.0210 0.8710
4.4990 0.0000 -0.0010 0.0000 0.0000 0.0000 -0.5270 -0.0210 -0.0360 0.0510 -0.0070 -0.0210 0.8710
4.5000 0.0000 -0.0010 0.0000 0.0000 0.0000 -0.5270 -0.0210 -0.0360 0.0510 -0.0070 -0.0210 0.8710
4.5010 0.0000 -0.0010 0.0000 0.0000 0.0000 -0.5270 -0.0210 -0.0360 0.0510 -0.0070 -0.0210 0.8710
4.5021 0.0000 -0.0010 0.0000 0.0000 0.0000 -0.5270 -0.0070 -0.0360 0.0510 -0.0070 -0.0210 0.8710
4.5036 0.0000 -0.0010 0.0000 0.0000 0.0000 -0.5240 -0.0070 -0.0510 -0.0070 -0.0070 -0.0070 0.8860
4.5040 0.0000 -0.0010 0.0000 0.0000 0.0000 -0.5240 -0.0070 -0.0510 -0.0070 -0.0070 -0.0070 0.8860
4.5050 0.0000 -0.0010 0.0000 0.0000 0.0000 -0.5220 -0.0070 -0.0950 -0.0210 -0.0210 -0.0070 0.8570
4.5060 0.0000 -0.0010 0.0000 0.0000 0.0000 -0.5220 -0.0070 -0.0950 -0.0210 -0.0210 -0.0070 0.8570
4.5070 0.0000 -0.0010 0.0000 0.0000 0.0000 -0.5220 -0.0070 -0.0950 -0.0210 -0.0210 -0.0070 0.8570
4.5080 0.0000 -0.0010 0.0000 0.0000 0.0000 -0.5220 -0.0070 -0.0950 -0.0210 -0.0210 -0.0070 0.8570
4.5090 0.0000 -0.0010 0.0000 0.0000 0.0000 -0.5220 -0.0070 -0.0950 -0.0210 -0.0210 -0.0070 0.8570
4.5100 0.0000 -0.0010 0.0000 0.0000 0.0000 -0.5220 -0.0070 -0.0950 -0.0210 -0.0210 -0.0070 0.8570
4.5110 0.0000 -0.0010 0.0000 0.0000 0.0000 -0.5220 -0.0070 -0.0950 -0.0210 -0.0210 -0.0070 0.8570
4.5120 0.0000 -0.0010 0.0000 0.0000 0.0000 -0.5220 -0.0070 -0.0950 -0.0210 -0.0210 -0.0070 0.8570
4.5130 0.0000 -0.0010 0.0000 0.0000 0.0000 -0.5220 -0.0070 -0.0950 -0.0210 -0.0210 -0.0070 0.8570
4.5140 0.0000 -0.0010 0.0000 0.0000 0.0000 -0.5220 -0.0070 -0.0950 -0.0210 -0.0210 -0.0070 0.8570
4.5175 0.0000 -0.0010 0.0000 0.0000 0.0000 -0.5220 -0.0070 -0.0950 -0.0210 -0.0210 -0.0070 0.8570
4.5189 0.0000 -0.0010 0.0000 0.0000 0.0000 -0.5190 -0.0070 -0.0950 -0.0070 -0.0210 0.0070 0.9150
4.5199 0.0000 -0.0010 0.0000 0.0000 0.0000 -0.5190 -0.0070 -0.0950 -0.0070 -0.0210 0.0070 0.9150
4.5209 0.0000 -0.0010 0.0000 0.0000 0.0000 -0.5190 -0.0070 -0.0950 -0.0070 -0.0210 0.0070 0.9150
4.5219 0.0000 -0.0010 0.0000 0.0000 0.0000 -0.5190 -0.0070 -0.0950 -0.0070 -0.0210 0.0070 0.9150
4.5229 0.0000 -0.0010 0.0000 0.0000 0.0000 -0.5190 -0.0070 -0.0950 -0.0070 -0.0210 0.0070 0.9150
4.5239 0.0000 -0.0010 0.0000 0.0000 0.0000 -0.5190 -0.0070 -0.0950 -0.0070 -0.0210 0.0070 0.9150
4.5249 0.0000 -0.0010 0.0000 0.0000 0.0000 -0.5190 -0.0070 -0.0950 -0.0070 -0.0210 0.0070 0.9150
4.5259 0.0000 -0.0010 0.0000 0.0000 0.0000 -0.5190 -0.0070 -0.0950 -0.0070 -0.0210 0.0070 0.9150
4.5269 0.0000 -0.0010 0.0000 0.0000 0.0000 -0.5190 -0.0070 -0.0950 -0.0070 -0.0210 0.0070 0.9150
4.5279 0.0000 -0.0010 0.0000 0.0000 0.0000 -0.5190 -0.0070 -0.0950 -0.0070 -0.0210 0.0070 0.9150
4.5289 0.0000 -0.0010 0.0000 0.0000 0.0000 -0.5190 -0.0070 -0.0950 -0.0070 -0.0210 0.0070 0.9150
4.5299 0.0000 -0.0010 0.0000 0.0000 0.0000 -0.5180 -0.0070 -0.0210 0.0070 -0.0070 -0.0070 0.9450
4.5310 0.0000 -0.0010 0.0000 0.0000 0.0000 -0.5170 -0.0070 -0.0070 -0.0070 -0.0070 -0.0070 0.8710
4.5319 0.0000 -0.0010 0.0000 0.0000 0.0000 -0.5150 -0.0210 -0.0070 -0.0070 -0.0210 0.0070 0.8570
4.5329 0.0000 -0.0010 0.0000 0.0000 0.0000 -0.5150 -0.0210 -0.0070 -0.0070 -0.0210 0.0070 0.8570
4.5339 0.0000 -0.0010 0.0000 0.0000 0.0000 -0.5150 -0.0210 -0.0070 -0.0070 -0.0210 0.0070 0.8570
4.5349 0.0000 -0.0010 0.0000 0.0000 0.0000 -0.5150 -0.0210 -0.0070 -0.0070 -0.0210 0.0070 0.8570
4.5359 0.0000 -0.0010 0.0000 0.0000 0.0000 -0.5150 -0.0210 -0.0070 -0.0070 -0.0210 0.0070 0.8570
4.5369 0.0000 -0.0010 0.0000 0.0000 0.0000 -0.5150 -0.0210 -0.0070 -0.0070 -0.0210 0.0070 0.8570
4.5379 0.0000 -0.0010 0.0000 0.0000 0.0000 -0.5150 -0.0210 -0.0070 -0.0070 -0.0210 0.0070 0.8570
4.5389 0.0000 -0.0010 0.0000 0.0000 0.0000 -0.5150 -0.0210 -0.0070 -0.0070 -0.0210 0.0070 0.8570
4.5399 0.0000 -0.0010 0.0000 0.0000 0.0000 -0.5150 -0.0210 -0.0070 -0.0070 -0.0210 0.0070 0.8570
4.5409 0.0000 -0.0010 0.0000 0.0000 0.0000 -0.5150 -0.0210 -0.0070 -0.0070 -0.0210 0.0070 0.8570
4.5419 0.0000 -0.0010 0.0000 0.0000 0.0000 -0.5150 -0.0210 -0.0070 -0.0070 -0.0210 0.0070 0.8570
4.5430 0.0000 -0.0010 0.0000 0.0000 0.0000 -0.5150 -0.0210 -0.0070 -0.0070 -0.0210 0.0070 0.8570
4.5442 0.0000 -0.0010 0.0000 0.0000 0.0000 -0.5140 -0.0070 -0.0070 -0.0210 -0.0070 -0.0070 0.9150
4.5452 0.0000 -0.0010 0.0000 0.0000 0.0000 -0.5120 -0.0070 -0.0210 -0.0070 -0.0070 -0.0070 0.9150
4.5459 0.0000 -0.0010 0.0000 0.0000 0.0000 -0.5120 -0.0070 -0.0210 -0.0070 -0.0070 -0.0070 0.9150
4.5469 0.0000 -0.0010 0.0000 0.0000 0.0000 -0.5120 -0.0070 -0.0210 -0.0070 -0.0070 -0.0070 0.9150
4.5479 0.0000 -0.0010 0.0000 0.0000 0.0000 -0.5120 -0.0070 -0.0210 -0.0070 -0.0070 -0.0070 0.9150
4.5489 0.0000 -0.0010 0.0000 0.0000 0.0000 -0.5120 -0.0070 -0.0210 -0.0070 -0.0070 -0.0070 0.9150
4.5499 0.0000 -0.0010 0.0000 0.0000 0.0000 -0.5120 -0.0070 -0.0210 -0.0070 -0.0070 -0.0070 0.9150
4.5509 0.0000 -0.0010 0.0000 0.0000 0.0000 -0.5120 -0.0070 -0.0210 -0.0070 -0.0070 -0.0070 0.9150
4.5519 0.0000 -0.0010 0.0000 0.0000 0.0000 -0.5120 -0.0070 -0.0210 -0.0070 -0.0070 -0.0070 0.9150
4.5529 0.0000 -0.0010 0.0000 0.0000 0.0000 -0.5120 -0.0070 -0.0210 -0.0070 -0.0070 -0.0070 0.9150
4.5539 0.0000 -0.0010 0.0000 0.0000 0.0000 -0.5120 -0.0070 -0.0210 -0.0070 -0.0070 -0.0070 0.9150
4.5549 0.0000 -0.0010 0.0000 0.0000 0.0000 -0.5120 -0.0070 -0.0210 -0.0070 -0.0070 -0.0070 0.9150
4.5570 0.0000 -0.0010 0.0000 0.0000 0.0000 -0.5120 -0.0070 -0.0210 -0.0070 -0.0070 -0.0070 0.9150
4.5574 0.0000 -0.0010 0.0000 0.0000 0.0000 -0.5070 -0.0210 -0.0070 0.0070 -0.0210 -0.0070 0.8860
4.5579 0.0000 -0.0010 0.0000 0.0000 0.0000 -0.5070 -0.0210 -0.0070 0.0070 -0.0210 -0.0070 0.8860
4.5589 0.0000 -0.0010 0.0000 0.0000 0.0000 -0.5070 -0.0210 -0.0070 0.0070 -0.0210 -0.0070 0.8860
4.5599 0.0000 -0.0010 0.0000 0.0000 0.0000 -0.5070 -0.0210 -0.0070 0.0070 -0.0210 -0.0070 0.8860
4.5609 0.0000 -0.0010 0.0000 0.0000 0.0000 -0.5070 -0.0210 -0.0070 0.0070 -0.0210 -0.0070 0.8860
4.5619 0.0000 -0.0010 0.0000 0.0000 0.0000 -0.5070 -0.0210 -0.0070 0.0070 -0.0210 -0.0070 0.8860
4.5629 0.0000 -0.0010 0.0000 0.0000 0.0000 -0.5070 -0.0210 -0.0070 0.0070 -0.0210 -0.0070 0.8860
4.5640 0.0000 -0.0010 0.0000 0.0000 0.0000 -0.5070 -0.0210 -0.0070 0.0070 -0.0210 -0.0070 0.8860
4.5649 0.0000 -0.0010 0.0000 0.0000 0.0000 -0.5070 -0.0210 -0.0070 0.0070 -0.0210 -0.0070 0.8860
4.5659 0.0000 -0.0010 0.0000 0.0000 0.0000 -0.5070 -0.0210 -0.0070 0.0070 -0.0210 -0.0070 0.8860
4.5670 0.0000 -0.0010 0.0000 0.0000 0.0000 -0.5070 -0.0210 -0.0070 0.0070 -0.0210 -0.0070 0.8860
4.5681 0.0000 -0.0010 0.0000 0.0000 0.0000 -0.5060 -0.0210 -0.0070 -0.0070 -0.0070 0.0070 0.9300
4.5693 0.0000 -0.0010 0.0000 0.0000 0.0000 -0.5040 -0.0070 -0.0070 -0.0070 0.0070 -0.0070 0.9150
4.5699 0.0000 -0.0010 0.0000 0.0000 0.0000 -0.5030 -0.0070 -0.0070 -0.0070 -0.0210 0.0070 0.8570
4.5709 0.0000 -0.0010 0.0000 0.0000 0.0000 -0.5030 -0.0070 -0.0070 -0.0070 -0.0210 0.0070 0.8570
4.5719 0.0000 -0.0010 0.0000 0.0000 0.0000 -0.5030 -0.0070 -0.0070 -0.0070 -0.0210 0.0070 0.8570
4.5729 0.0000 -0.0010 0.0000 0.0000 0.0000 -0.5030 -0.0070 -0.0070 -0.0070 -0.0210 0.0070 0.8570
4.5739 0.0000 -0.0010 0.0000 0.0000 0.0000 -0.5030 -0.0070 -0.0070 -0.0070 -0.0210 0.0070 0.8570
4.5749 0.0000 -0.0010 0.0000 0.0000 0.0000 -0.5030 -0.0070 -0.0070 -0.0070 -0.0210 0.0070 0.8570
4.5759 0.0000 -0.0010 0.0000 0.0000 0.0000 -0.5030 -0.0070 -0.0070 -0.0070 -0.0210 0.0070 0.8570
4.5770 0.0000 -0.0010 0.0000 0.0000 0.0000 -0.5030 -0.0070 -0.0070 -0.0070 -0.0210 0.0070 0.8570
4.5780 0.0000 -0.0010 0.0000 0.0000 0.0000 -0.5030 -0.0070 -0.0070 -0.0070 -0.0210 0.0070 0.8570
4.5789 0.0000 -0.0010 0.0000 0.0000 0.0000 -0.5030 -0.0070 -0.0070 -0.0070 -0.0210 0.0070 0.8570
4.5799 0.0000 -0.0010 0.0000 0.0000 0.0000 -0.5030 -0.0070 -0.0070 -0.0070 -0.0210 0.0070 0.8570
4.5809 0.0000 -0.0010 0.0000 0.0000 0.0000 -0.5030 -0.0070 -0.0070 -0.0070 -0.0210 0.0070 0.8570
4.5833 0.0000 -0.0010 0.0000 0.0000 0.0000 -0.5030 -0.0070 -0.0210 -0.0070 -0.0070 -0.0070 0.8570
4.5835 0.0000 -0.0010 0.0000 0.0000 0.0000 -0.5000 -0.0070 -0.0210 -0.0070 -0.0070 -0.0070 0.9010
4.5841 0.0000 -0.0010 0.0000 0.0000 0.0000 -0.5000 -0.0070 -0.0210 -0.0070 -0.0070 -0.0070 0.9010
4.5849 0.0000 -0.0010 0.0000 0.0000 0.0000 -0.5000 -0.0070 -0.0210 -0.0070 -0.0070 -0.0070 0.9010
4.5859 0.0000 -0.0010 0.0000 0.0000 0.0000 -0.5000 -0.0070 -0.0210 -0.0070 -0.0070 -0.0070 0.9010
4.5869 0.0000 -0.0010 0.0000 0.0000 0.0000 -0.5000 -0.0070 -0.0210 -0.0070 -0.0070 -0.0070 0.9010
4.5879 0.0000 -0.0010 0.0000 0.0000 0.0000 -0.5000 -0.0070 -0.0210 -0.0070 -0.0070 -0.0070 0.9010
4.5889 0.0000 -0.0010 0.0000 0.0000 0.0000 -0.5000 -0.0070 -0.0210 -0.0070 -0.0070 -0.0070 0.9010
4.5899 0.0000 -0.0010 0.0000 0.0000 0.0000 -0.5000 -0.0070 -0.0210 -0.0070 -0.0070 -0.0070 0.9010
4.5909 0.0000 -0.0010 0.0000 0.0000 0.0000 -0.5000 -0.0070 -0.0210 -0.0070 -0.0070 -0.0070 0.9010
4.5919 0.0000 -0.0010 0.0000 0.0000 0.0000 -0.5000 -0.0070 -0.0210 -0.0070 -0.0070 -0.0070 0.9010
4.5935 0.0000 -0.0010 0.0000 0.0000 0.0000 -0.5000 -0.0070 -0.0210 -0.0070 -0.0070 -0.0070 0.9010
4.5941 0.0000 -0.0010 0.0000 0.0000 0.0000 -0.5000 -0.0070 -0.0210 -0.0070 -0.0070 -0.0070 0.9010
4.5952 0.0000 -0.0010 0.0000 0.0000 0.0000 -0.4980 -0.0070 -0.0210 -0.0070 -0.0070 -0.0070 0.9150
4.5962 0.0000 -0.0010 0.0000 0.0000 0.0000 -0.4970 -0.0070 -0.0360 -0.0070 -0.0210 -0.0070 0.8860
4.5969 0.0000 -0.0010 0.0000 0.0000 0.0000 -0.4970 -0.0210 -0.0210 -0.0070 -0.0070 -0.0070 0.8860
4.5979 0.0000 -0.0010 0.0000 0.0000 0.0000 -0.4970 -0.0210 -0.0210 -0.0070 -0.0070 -0.0070 0.8860
4.5989 0.0000 -0.0010 0.0000 0.0000 0.0000 -0.4970 -0.0210 -0.0210 -0.0070 -0.0070 -0.0070 0.8860
4.5999 0.0000 -0.0010 0.0000 0.0000 0.0000 -0.4970 -0.0210 -0.0210 -0.0070 -0.0070 -0.0070 0.8860
4.6009 0.0000 -0.0010 0.0000 0.0000 0.0000 -0.4970 -0.0210 -0.0210 -0.0070 -0.0070 -0.0070 0.8860
4.6019 0.0000 -0.0010 0.0000 0.0000 0.0000 -0.4970 -0.0210 -0.0210 -0.0070 -0.0070 -0.0070 0.8860
4.6029 0.0000 -0.0010 0.0000 0.0000 0.0000 -0.4970 -0.0210 -0.0210 -0.0070 -0.0070 -0.0070 0.8860
4.6039 0.0000 -0.0010 0.0000 0.0000 0.0000 -0.4970 -0.0210 -0.0210 -0.0070 -0.0070 -0.0070 0.8860
4.6049 0.0000 -0.0010 0.0000 0.0000 0.0000 -0.4970 -0.0210 -0.0210 -0.0070 -0.0070 -0.0070 0.8860
4.6060 0.0000 -0.0010 0.0000 0.0000 0.0000 -0.4970 -0.0210 -0.0210 -0.0070 -0.0070 -0.0070 0.8860
4.6070 0.0000 -0.0010 0.0000 0.0000 0.0000 -0.4970 -0.0210 -0.0210 -0.0070 -0.0070 -0.0070 0.8860
4.6079 0.0000 -0.0010 0.0000 0.0000 0.0000 -0.4960 -0.0070 -0.0210 -0.0070 -0.0070 -0.0070 0.8710
4.6090 0.0000 -0.0020 0.0000 0.0000 0.0000 -0.4940 -0.0210 -0.0210 0.0070 -0.0070 -0.0070 0.9010
4.6104 0.0000 -0.0020 0.0000 0.0000 0.0000 -0.4920 -0.0070 -0.0210 -0.0070 -0.0070 -0.0070 0.9300
4.6109 0.0000 -0.0020 0.0000 0.0000 0.0000 -0.4920 -0.0070 -0.0210 -0.0070 -0.0070 -0.0070 0.9300
4.6119 0.0000 -0.0020 0.0000 0.0000 0.0000 -0.4920 -0.0070 -0.0210 -0.0070 -0.0070 -0.0070 0.9300
4.6129 0.0000 -0.0020 0.0000 0.0000 0.0000 -0.4920 -0.0070 -0.0210 -0.0070 -0.0070 -0.0070 0.9300
4.6140 0.0000 -0.0020 0.0000 0.0000 0.0000 -0.4920 -0.0070 -0.0210 -0.0070 -0.0070 -0.0070 0.9300
4.6149 0.0000 -0.0020 0.0000 0.0000 0.0000 -0.4920 -0.0070 -0.0210 -0.0070 -0.0070 -0.0070 0.9300
4.6159 0.0000 -0.0020 0.0000 0.0000 0.0000 -0.4920 -0.0070 -0.0210 -0.0070 -0.0070 -0.0070 0.9300
4.6170 0.0000 -0.0020 0.0000 0.0000 0.0000 -0.4920 -0.0070 -0.0210 -0.0070 -0.0070 -0.0070 0.9300
4.6180 0.0000 -0.0020 0.0000 0.0000 0.0000 -0.4920 -0.0070 -0.0210 -0.0070 -0.0070 -0.0070 0.9300
4.6189 0.0000 -0.0020 0.0000 0.0000 0.0000 -0.4920 -0.0070 -0.0210 -0.0070 -0.0070 -0.0070 0.9300
4.6199 0.0000 -0.0020 0.0000 0.0000 0.0000 -0.4920 -0.0070 -0.0210 -0.0070 -0.0070 -0.0070 0.9300
4.6216 0.0000 -0.0020 0.0000 0.0000 0.0000 -0.4920 -0.0070 -0.0210 -0.0070 -0.0070 -0.0070 0.9300
4.6220 0.0000 -0.0020 0.0000 0.0000 0.0000 -0.4920 -0.0070 -0.0210 -0.0070 -0.0070 -0.0070 0.9300
4.6229 0.0000 -0.0020 0.0000 0.0000 0.0000 -0.4880 -0.0210 -0.0360 -0.0070 -0.0070 0.0070 0.8710
4.6239 0.0000 -0.0020 0.0000 0.0000 0.0000 -0.4880 -0.0210 -0.0360 -0.0070 -0.0070 0.0070 0.8710
4.6249 0.0000 -0.0020 0.0000 0.0000 0.0000 -0.4880 -0.0210 -0.0360 -0.0070 -0.0070 0.0070 0.8710
4.6259 0.0000 -0.0020 0.0000 0.0000 0.0000 -0.4880 -0.0210 -0.0360 -0.0070 -0.0070 0.0070 0.8710
4.6269 0.0000 -0.0020 0.0000 0.0000 0.0000 -0.4880 -0.0210 -0.0360 -0.0070 -0.0070 0.0070 0.8710
4.6279 0.0000 -0.0020 0.0000 0.0000 0.0000 -0.4880 -0.0210 -0.0360 -0.0070 -0.0070 0.0070 0.8710
4.6289 0.0000 -0.0020 0.0000 0.0000 0.0000 -0.4880 -0.0210 -0.0360 -0.0070 -0.0070 0.0070 0.8710
4.6299 0.0000 -0.0020 0.0000 0.0000 0.0000 -0.4880 -0.0210 -0.0360 -0.0070 -0.0070 0.0070 0.8710
4.6309 0.0000 -0.0020 0.0000 0.0000 0.0000 -0.4880 -0.0210 -0.0360 -0.0070 -0.0070 0.0070 0.8710
4.6319 0.0000 -0.0020 0.0000 0.0000 0.0000 -0.4880 -0.0210 -0.0360 -0.0070 -0.0070 0.0070 0.8710
4.6329 0.0000 -0.0020 0.0000 0.0000 0.0000 -0.4860 -0.0070 -0.0650 0.0070 -0.0210 -0.0210 0.9150
4.6339 0.0000 -0.0020 0.0000 0.0000 0.0000 -0.4830 -0.0070 -0.0650 -0.0070 -0.0070 -0.0070 0.8860
4.6349 0.0000 -0.0020 0.0000 0.0000 0.0000 -0.4830 -0.0070 -0.0650 -0.0070 -0.0070 -0.0070 0.8860
4.6359 0.0000 -0.0020 0.0000 0.0000 0.0000 -0.4830 -0.0070 -0.0650 -0.0070 -0.0070 -0.0070 0.8860
4.6369 0.0000 -0.0020 0.0000 0.0000 0.0000 -0.4830 -0.0070 -0.0650 -0.0070 -0.0070 -0.0070 0.8860
4.6380 0.0000 -0.0020 0.0000 0.0000 0.0000 -0.4830 -0.0070 -0.0650 -0.0070 -0.0070 -0.0070 0.8860
4.6389 0.0000 -0.0020 0.0000 0.0000 0.0000 -0.4830 -0.0070 -0.0650 -0.0070 -0.0070 -0.0070 0.8860
4.6399 0.0000 -0.0020 0.0000 0.0000 0.0000 -0.4830 -0.0070 -0.0650 -0.0070 -0.0070 -0.0070 0.8860
4.6410 0.0000 -0.0020 0.0000 0.0000 0.0000 -0.4830 -0.0070 -0.0650 -0.0070 -0.0070 -0.0070 0.8860
4.6420 0.0000 -0.0020 0.0000 0.0000 0.0000 -0.4830 -0.0070 -0.0650 -0.0070 -0.0070 -0.0070 0.8860
4.6430 0.0000 -0.0020 0.0000 0.0000 0.0000 -0.4830 -0.0070 -0.0650 -0.0070 -0.0070 -0.0070 0.8860
4.6439 0.0000 -0.0020 0.0000 0.0000 0.0000 -0.4830 -0.0070 -0.0650 -0.0070 -0.0070 -0.0070 0.8860
4.6450 0.0000 -0.0020 0.0000 0.0000 0.0000 -0.4830 -0.0070 -0.0650 -0.0070 -0.0070 -0.0070 0.8860
4.6473 0.0000 -0.0020 0.0000 0.0000 0.0000 -0.4830 -0.0070 -0.0650 -0.0070 -0.0070 -0.0070 0.8860
4.6475 0.0000 -0.0020 0.0000 0.0000 0.0000 -0.4800 -0.0070 -0.0510 -0.0070 -0.0210 -0.0070 0.9150
4.6479 0.0000 -0.0020 0.0000 0.0000 0.0000 -0.4800 -0.0210 -0.0510 -0.0070 -0.0210 -0.0070 0.9150
4.6489 0.0000 -0.0020 0.0000 0.0000 0.0000 -0.4800 -0.0210 -0.0510 -0.0070 -0.0210 -0.0070 0.9150
4.6499 0.0000 -0.0020 0.0000 0.0000 0.0000 -0.4800 -0.0210 -0.0510 -0.0070 -0.0210 -0.0070 0.9150
4.6509 0.0000 -0.0020 0.0000 0.0000 0.0000 -0.4800 -0.0210 -0.0510 -0.0070 -0.0210 -0.0070 0.9150
4.6519 0.0000 -0.0020 0.0000 0.0000 0.0000 -0.4800 -0.0210 -0.0510 -0.0070 -0.0210 -0.0070 0.9150
4.6529 0.0000 -0.0020 0.0000 0.0000 0.0000 -0.4800 -0.0210 -0.0510 -0.0070 -0.0210 -0.0070 0.9150
4.6539 0.0000 -0.0020 0.0000 0.0000 0.0000 -0.4800 -0.0210 -0.0510 -0.0070 -0.0210 -0.0070 0.9150
4.6549 0.0000 -0.0020 0.0000 0.0000 0.0000 -0.4800 -0.0210 -0.0510 -0.0070 -0.0210 -0.0070 0.9150
4.6559 0.0000 -0.0020 0.0000 0.0000 0.0000 -0.4800 -0.0210 -0.0510 -0.0070 -0.0210 -0.0070 0.9150
4.6569 0.0000 -0.0020 0.0000 0.0000 0.0000 -0.4800 -0.0210 -0.0510 -0.0070 -0.0210 -0.0070 0.9150
4.6601 0.0000 -0.0020 0.0000 0.0000 0.0000 -0.4800 -0.0210 -0.0510 -0.0070 -0.0210 -0.0070 0.9150
4.6603 0.0000 -0.0020 0.0000 0.0000 0.0000 -0.4770 -0.0210 -0.0360 -0.0070 -0.0070 -0.0070 0.8710
4.6614 0.0000 -0.0020 0.0000 0.0000 0.0000 -0.4770 -0.0210 -0.0210 -0.0070 -0.0070 -0.0070 0.8710
4.6623 0.0000 -0.0020 0.0000 0.0000 0.0000 -0.4770 -0.0210 -0.0210 -0.0070 -0.0070 -0.0070 0.8710
4.6633 0.0000 -0.0020 0.0000 0.0000 0.0000 -0.4770 -0.0210 -0.0210 -0.0070 -0.0070 -0.0070 0.8710
4.6644 0.0000 -0.0020 0.0000 0.0000 0.0000 -0.4770 -0.0210 -0.0210 -0.0070 -0.0070 -0.0070 0.8710
4.6654 0.0000 -0.0020 0.0000 0.0000 0.0000 -0.4770 -0.0210 -0.0210 -0.0070 -0.0070 -0.0070 0.8710
4.6663 0.0000 -0.0020 0.0000 0.0000 0.0000 -0.4770 -0.0210 -0.0210 -0.0070 -0.0070 -0.0070 0.8710
4.6673 0.0000 -0.0020 0.0000 0.0000 0.0000 -0.4770 -0.0210 -0.0210 -0.0070 -0.0070 -0.0070 0.8710
4.6683 0.0000 -0.0020 0.0000 0.0000 0.0000 -0.4770 -0.0210 -0.0210 -0.0070 -0.0070 -0.0070 0.8710
4.6694 0.0000 -0.0020 0.0000 0.0000 0.0000 -0.4770 -0.0210 -0.0210 -0.0070 -0.0070 -0.0070 0.8710
4.6703 0.0000 -0.0020 0.0000 0.0000 0.0000 -0.4770 -0.0210 -0.0210 -0.0070 -0.0070 -0.0070 0.8710
4.6715 0.0000 -0.0020 0.0000 0.0000 0.0000 -0.4770 -0.0210 -0.0210 -0.0070 -0.0070 -0.0070 0.8710
4.6729 0.0000 -0.0020 0.0000 0.0000 0.0000 -0.4750 -0.0070 -0.0360 -0.0210 0.0070 0.0070 0.8860
4.6733 0.0000 -0.0020 0.0000 0.0000 0.0000 -0.4730 -0.0070 -0.0210 0.0070 -0.0070 -0.0070 0.9300
4.6743 0.0000 -0.0020 0.0000 0.0000 0.0000 -0.4730 -0.0070 -0.0210 0.0070 -0.0070 -0.0070 0.9300
4.6754 0.0000 -0.0020 0.0000 0.0000 0.0000 -0.4730 -0.0070 -0.0210 0.0070 -0.0070 -0.0070 0.9300
4.6763 0.0000 -0.0020 0.0000 0.0000 0.0000 -0.4730 -0.0070 -0.0210 0.0070 -0.0070 -0.0070 0.9300
4.6774 0.0000 -0.0020 0.0000 0.0000 0.0000 -0.4730 -0.0070 -0.0210 0.0070 -0.0070 -0.0070 0.9300
4.6784 0.0000 -0.0020 0.0000 0.0000 0.0000 -0.4730 -0.0070 -0.0210 0.0070 -0.0070 -0.0070 0.9300
4.6793 0.0000 -0.0020 0.0000 0.0000 0.0000 -0.4730 -0.0070 -0.0210 0.0070 -0.0070 -0.0070 0.9300
4.6804 0.0000 -0.0020 0.0000 0.0000 0.0000 -0.4730 -0.0070 -0.0210 0.0070 -0.0070 -0.0070 0.9300
4.6814 0.0000 -0.0020 0.0000 0.0000 0.0000 -0.4730 -0.0070 -0.0210 0.0070 -0.0070 -0.0070 0.9300
4.6824 0.0000 -0.0020 0.0000 0.0000 0.0000 -0.4730 -0.0070 -0.0210 0.0070 -0.0070 -0.0070 0.9300
4.6836 0.0000 -0.0020 0.0000 0.0000 0.0000 -0.4730 -0.0070 -0.0210 0.0070 -0.0070 -0.0070 0.9300
4.6855 0.0000 -0.0020 0.0000 0.0000 0.0000 -0.4730 -0.0070 -0.0210 0.0070 -0.0070 -0.0070 0.9300
4.6857 0.0000 -0.0020 0.0000 0.0000 0.0000 -0.4710 -0.0070 -0.0210 -0.0210 0.0070 -0.0210 0.9150
4.6863 0.0000 -0.0020 0.0000 0.0000 0.0000 -0.4700 -0.0070 -0.0210 -0.0070 -0.0070 -0.0070 0.8570
4.6873 0.0000 -0.0020 0.0000 0.0000 0.0000 -0.4700 -0.0070 -0.0210 -0.0070 -0.0070 -0.0070 0.8570
4.6883 0.0000 -0.0020 0.0000 0.0000 0.0000 -0.4700 -0.0070 -0.0210 -0.0070 -0.0070 -0.0070 0.8570
4.6894 0.0000 -0.0020 0.0000 0.0000 0.0000 -0.4700 -0.0070 -0.0210 -0.0070 -0.0070 -0.0070 0.8570
4.6903 0.0000 -0.0020 0.0000 0.0000 0.0000 -0.4700 -0.0070 -0.0210 -0.0070 -0.0070 -0.0070 0.8570
4.6921 0.0000 -0.0020 0.0000 0.0000 0.0000 -0.4700 -0.0070 -0.0210 -0.0070 -0.0070 -0.0070 0.8570
4.6923 0.0000 -0.0020 0.0000 0.0000 0.0000 -0.4700 -0.0070 -0.0210 -0.0070 -0.0070 -0.0070 0.8570
4.6933 0.0000 -0.0020 0.0000 0.0000 0.0000 -0.4700 -0.0070 -0.0210 -0.0070 -0.0070 -0.0070 0.8570
4.6943 0.0000 -0.0020 0.0000 0.0000 0.0000 -0.4700 -0.0070 -0.0210 -0.0070 -0.0070 -0.0070 0.8570
4.6953 0.0000 -0.0020 0.0000 0.0000 0.0000 -0.4700 -0.0070 -0.0210 -0.0070 -0.0070 -0.0070 0.8570
4.6963 0.0000 -0.0020 0.0000 0.0000 0.0000 -0.4700 -0.0070 -0.0210 -0.0070 -0.0070 -0.0070 0.8570
4.6980 0.0000 -0.0020 0.0000 0.0000 0.0000 -0.4700 -0.0070 -0.0210 -0.0070 -0.0070 -0.0070 0.8570
4.7001 0.0000 -0.0020 0.0000 0.0000 0.0000 -0.4700 -0.0070 -0.0210 -0.0070 -0.0070 -0.0070 0.8570
4.7007 0.0000 -0.0020 0.0000 0.0000 0.0000 -0.4690 -0.0210 -0.0210 -0.0070 -0.0070 -0.0070 0.8570
4.7019 0.0000 -0.0020 0.0000 0.0000 0.0000 -0.4640 -0.0070 -0.0070 0.0070 0.0070 -0.0070 0.8710
4.7021 0.0000 -0.0020 0.0000 0.0000 0.0000 -0.4640 -0.0070 -0.0070 0.0070 0.0070 -0.0070 0.8710
4.7024 0.0000 -0.0020 0.0000 0.0000 0.0000 -0.4640 -0.0070 -0.0070 0.0070 0.0070 -0.0070 0.8710
4.7033 0.0000 -0.0020 0.0000 0.0000 0.0000 -0.4640 -0.0070 -0.0070 0.0070 0.0070 -0.0070 0.8710
4.7043 0.0000 -0.0020 0.0000 0.0000 0.0000 -0.4640 -0.0070 -0.0070 0.0070 0.0070 -0.0070 0.8710
4.7054 0.0000 -0.0020 0.0000 0.0000 0.0000 -0.4640 -0.0070 -0.0070 0.0070 0.0070 -0.0070 0.8710
4.7064 0.0000 -0.0020 0.0000 0.0000 0.0000 -0.4640 -0.0070 -0.0070 0.0070 0.0070 -0.0070 0.8710
4.7074 0.0000 -0.0020 0.0000 0.0000 0.0000 -0.4640 -0.0070 -0.0070 0.0070 0.0070 -0.0070 0.8710
4.7084 0.0000 -0.0020 0.0000 0.0000 0.0000 -0.4640 -0.0070 -0.0070 0.0070 0.0070 -0.0070 0.8710
4.7094 0.0000 -0.0020 0.0000 0.0000 0.0000 -0.4640 -0.0070 -0.0070 0.0070 0.0070 -0.0070 0.8710
4.7103 0.0000 -0.0020 0.0000 0.0000 0.0000 -0.4640 -0.0070 -0.0070 0.0070 0.0070 -0.0070 0.8710
4.7113 0.0000 -0.0020 0.0000 0.0000 0.0000 -0.4640 -0.0070 -0.0070 0.0070 0.0070 -0.0070 0.8710
4.7123 0.0000 -0.0020 0.0000 0.0000 0.0000 -0.4640 -0.0070 -0.0070 0.0070 0.0070 -0.0070 0.8710
4.7137 0.0000 -0.0020 0.0000 0.0000 0.0000 -0.4640 -0.0070 -0.0070 0.0070 0.0070 -0.0070 0.8710
4.7143 0.0000 -0.0020 0.0000 0.0000 0.0000 -0.4590 -0.0070 -0.0070 -0.0210 0.0070 -0.0070 0.9150
4.7153 0.0000 -0.0020 0.0000 0.0000 0.0000 -0.4590 -0.0070 -0.0070 -0.0210 0.0070 -0.0070 0.9150
4.7164 0.0000 -0.0020 0.0000 0.0000 0.0000 -0.4590 -0.0070 -0.0070 -0.0210 0.0070 -0.0070 0.9150
4.7174 0.0000 -0.0020 0.0000 0.0000 0.0000 -0.4590 -0.0070 -0.0070 -0.0210 0.0070 -0.0070 0.9150
4.7183 0.0000 -0.0020 0.0000 0.0000 0.0000 -0.4590 -0.0070 -0.0070 -0.0210 0.0070 -0.0070 0.9150
4.7194 0.0000 -0.0020 0.0000 0.0000 0.0000 -0.4590 -0.0070 -0.0070 -0.0210 0.0070 -0.0070 0.9150
4.7203 0.0000 -0.0020 0.0000 0.0000 0.0000 -0.4590 -0.0070 -0.0070 -0.0210 0.0070 -0.0070 0.9150
4.7213 0.0000 -0.0020 0.0000 0.0000 0.0000 -0.4590 -0.0070 -0.0070 -0.0210 0.0070 -0.0070 0.9150
4.7223 0.0000 -0.0020 0.0000 0.0000 0.0000 -0.4590 -0.0070 -0.0070 -0.0210 0.0070 -0.0070 0.9150
4.7233 0.0000 -0.0020 0.0000 0.0000 0.0000 -0.4590 -0.0070 -0.0070 -0.0210 0.0070 -0.0070 0.9150
4.7245 0.0000 -0.0020 0.0000 0.0000 0.0000 -0.4590 -0.0070 -0.0070 -0.0210 0.0070 -0.0070 0.9150
4.7253 0.0000 -0.0020 0.0000 0.0000 0.0000 -0.4580 -0.0070 0.0070 -0.0210 0.0070 -0.0070 0.8710
4.7263 0.0000 -0.0020 0.0000 0.0000 0.0000 -0.4570 0.0070 0.0070 -0.0210 0.0070 -0.0070 0.8570
4.7273 0.0000 -0.0020 0.0000 0.0000 0.0000 -0.4570 0.0070 0.0070 -0.0210 0.0070 -0.0070 0.8570
4.7283 0.0000 -0.0020 0.0000 0.0000 0.0000 -0.4570 0.0070 0.0070 -0.0210 0.0070 -0.0070 0.8570
4.7294 0.0000 -0.0020 0.0000 0.0000 0.0000 -0.4570 0.0070 0.0070 -0.0210 0.0070 -0.0070 0.8570
4.7304 0.0000 -0.0020 0.0000 0.0000 0.0000 -0.4570 0.0070 0.0070 -0.0210 0.0070 -0.0070 0.8570
4.7313 0.0000 -0.0020 0.0000 0.0000 0.0000 -0.4570 0.0070 0.0070 -0.0210 0.0070 -0.0070 0.8570
4.7323 0.0000 -0.0020 0.0000 0.0000 0.0000 -0.4570 0.0070 0.0070 -0.0210 0.0070 -0.0070 0.8570
4.7334 0.0000 -0.0020 0.0000 0.0000 0.0000 -0.4570 0.0070 0.0070 -0.0210 0.0070 -0.0070 0.8570
4.7343 0.0000 -0.0020 0.0000 0.0000 0.0000 -0.4570 0.0070 0.0070 -0.0210 0.0070 -0.0070 0.8570
4.7353 0.0000 -0.0020 0.0000 0.0000 0.0000 -0.4570 0.0070 0.0070 -0.0210 0.0070 -0.0070 0.8570
4.7363 0.0000 -0.0020 0.0000 0.0000 0.0000 -0.4570 0.0070 0.0070 -0.0210 0.0070 -0.0070 0.8570
4.7374 0.0000 -0.0020 0.0000 0.0000 0.0000 -0.4570 0.0070 0.0070 -0.0210 0.0070 -0.0070 0.8570
4.7384 0.0000 -0.0020 0.0000 0.0000 0.0000 -0.4570 0.0070 0.0070 -0.0210 -0.0070 -0.0210 0.8570
4.7394 0.0000 -0.0020 0.0000 0.0000 0.0000 -0.4530 -0.0070 -0.0070 -0.0210 -0.0070 -0.0070 0.9150
4.7403 0.0000 -0.0020 0.0000 0.0000 0.0000 -0.4530 -0.0070 0.0210 -0.0210 -0.0070 -0.0070 0.9150
4.7419 0.0000 -0.0020 0.0000 0.0000 0.0000 -0.4530 -0.0070 0.0210 -0.0210 -0.0070 -0.0070 0.9150
4.7423 0.0000 -0.0020 0.0000 0.0000 0.0000 -0.4530 -0.0070 0.0210 -0.0210 -0.0070 -0.0070 0.9150
4.7433 0.0000 -0.0020 0.0000 0.0000 0.0000 -0.4530 -0.0070 0.0210 -0.0210 -0.0070 -0.0070 0.9150
4.7443 0.0000 -0.0020 0.0000 0.0000 0.0000 -0.4530 -0.0070 0.0210 -0.0210 -0.0070 -0.0070 0.9150
4.7454 0.0000 -0.0020 0.0000 0.0000 0.0000 -0.4530 -0.0070 0.0210 -0.0210 -0.0070 -0.0070 0.9150
4.7464 0.0000 -0.0020 0.0000 0.0000 0.0000 -0.4530 -0.0070 0.0210 -0.0210 -0.0070 -0.0070 0.9150
4.7474 0.0000 -0.0020 0.0000 0.0000 0.0000 -0.4530 -0.0070 0.0210 -0.0210 -0.0070 -0.0070 0.9150
4.7483 0.0000 -0.0020 0.0000 0.0000 0.0000 -0.4530 -0.0070 0.0210 -0.0210 -0.0070 -0.0070 0.9150
4.7494 0.0000 -0.0020 0.0000 0.0000 0.0000 -0.4530 -0.0070 0.0210 -0.0210 -0.0070 -0.0070 0.9150
4.7505 0.0000 -0.0020 0.0000 0.0000 0.0000 -0.4530 -0.0070 0.0210 -0.0210 -0.0070 -0.0070 0.9150
4.7514 0.0000 -0.0020 0.0000 0.0000 0.0000 -0.4520 -0.0070 -0.0070 -0.0360 -0.0210 -0.0070 0.9150
4.7523 0.0000 -0.0020 0.0000 0.0000 0.0000 -0.4490 -0.0070 0.0070 -0.0210 -0.0070 -0.0070 0.8710
4.7533 0.0000 -0.0020 0.0000 0.0000 0.0000 -0.4490 -0.0070 0.0070 -0.0210 -0.0070 -0.0070 0.8710
4.7543 0.0000 -0.0020 0.0000 0.0000 0.0000 -0.4490 -0.0070 0.0070 -0.0210 -0.0070 -0.0070 0.8710
4.7553 0.0000 -0.0020 0.0000 0.0000 0.0000 -0.4490 -0.0070 0.0070 -0.0210 -0.0070 -0.0070 0.8710
4.7563 0.0000 -0.0020 0.0000 0.0000 0.0000 -0.4490 -0.0070 0.0070 -0.0210 -0.0070 -0.0070 0.8710
4.7573 0.0000 -0.0020 0.0000 0.0000 0.0000 -0.4490 -0.0070 0.0070 -0.0210 -0.0070 -0.0070 0.8710
4.7583 0.0000 -0.0020 0.0000 0.0000 0.0000 -0.4490 -0.0070 0.0070 -0.0210 -0.0070 -0.0070 0.8710
4.7593 0.0000 -0.0020 0.0000 0.0000 0.0000 -0.4490 -0.0070 0.0070 -0.0210 -0.0070 -0.0070 0.8710
4.7603 0.0000 -0.0020 0.0000 0.0000 0.0000 -0.4490 -0.0070 0.0070 -0.0210 -0.0070 -0.0070 0.8710
4.7614 0.0000 -0.0020 0.0000 0.0000 0.0000 -0.4490 -0.0070 0.0070 -0.0210 -0.0070 -0.0070 0.8710
4.7623 0.0000 -0.0020 0.0000 0.0000 0.0000 -0.4490 -0.0070 0.0070 -0.0210 -0.0070 -0.0070 0.8710
4.7635 0.0000 -0.0020 0.0000 0.0000 0.0000 -0.4490 -0.0070 0.0070 -0.0210 -0.0070 -0.0070 0.8710
4.7643 0.0000 -0.0020 0.0000 0.0000 0.0000 -0.4490 -0.0070 0.0070 -0.0210 -0.0070 -0.0070 0.8710
4.7663 0.0000 -0.0020 0.0000 0.0000 0.0000 -0.4440 -0.0070 -0.0070 -0.0360 -0.0070 -0.0070 0.8570
4.7669 0.0000 -0.0020 0.0000 0.0000 0.0000 -0.4440 -0.0070 -0.0070 -0.0360 -0.0070 -0.0070 0.8570
4.7673 0.0000 -0.0020 0.0000 0.0000 0.0000 -0.4440 -0.0070 -0.0070 -0.0360 -0.0070 -0.0070 0.8570
4.7684 0.0000 -0.0020 0.0000 0.0000 0.0000 -0.4440 -0.0070 -0.0070 -0.0360 -0.0070 -0.0070 0.8570
4.7694 0.0000 -0.0020 0.0000 0.0000 0.0000 -0.4440 -0.0070 -0.0070 -0.0360 -0.0070 -0.0070 0.8570
4.7708 0.0000 -0.0020 0.0000 0.0000 0.0000 -0.4440 -0.0070 -0.0070 -0.0360 -0.0070 -0.0070 0.8570
4.7713 0.0000 -0.0020 0.0000 0.0000 0.0000 -0.4440 -0.0070 -0.0070 -0.0360 -0.0070 -0.0070 0.8570
4.7723 0.0000 -0.0020 0.0000 0.0000 0.0000 -0.4440 -0.0070 -0.0070 -0.0360 -0.0070 -0.0070 0.8570
4.7734 0.0000 -0.0020 0.0000 0.0000 0.0000 -0.4440 -0.0070 -0.0070 -0.0360 -0.0070 -0.0070 0.8570
4.7743 0.0000 -0.0020 0.0000 0.0000 0.0000 -0.4440 -0.0070 -0.0070 -0.0360 -0.0070 -0.0070 0.8570
4.7753 0.0000 -0.0020 0.0000 0.0000 0.0000 -0.4430 -0.0070 -0.0210 -0.0360 -0.0210 -0.0070 0.8420
4.7764 0.0000 -0.0020 0.0000 0.0000 0.0000 -0.4410 -0.0070 -0.0070 -0.0510 -0.0070 -0.0070 0.9010
4.7773 0.0000 -0.0020 0.0000 0.0000 0.0000 -0.4410 -0.0070 -0.0070 -0.0510 -0.0070 -0.0070 0.9010
4.7783 0.0000 -0.0020 0.0000 0.0000 0.0000 -0.4410 -0.0070 -0.0070 -0.0510 -0.0070 -0.0070 0.9010
4.7793 0.0000 -0.0020 0.0000 0.0000 0.0000 -0.4410 -0.0070 -0.0070 -0.0510 -0.0070 -0.0070 0.9010
4.7804 0.0000 -0.0020 0.0000 0.0000 0.0000 -0.4410 -0.0070 -0.0070 -0.0510 -0.0070 -0.0070 0.9010
4.7814 0.0000 -0.0020 0.0000 0.0000 0.0000 -0.4410 -0.0070 -0.0070 -0.0510 -0.0070 -0.0070 0.9010
4.7823 0.0000 -0.0020 0.0000 0.0000 0.0000 -0.4410 -0.0070 -0.0070 -0.0510 -0.0070 -0.0070 0.9010
4.7833 0.0000 -0.0020 0.0000 0.0000 0.0000 -0.4410 -0.0070 -0.0070 -0.0510 -0.0070 -0.0070 0.9010
4.7843 0.0000 -0.0020 0.0000 0.0000 0.0000 -0.4410 -0.0070 -0.0070 -0.0510 -0.0070 -0.0070 0.9010
4.7854 0.0000 -0.0020 0.0000 0.0000 0.0000 -0.4410 -0.0070 -0.0070 -0.0510 -0.0070 -0.0070 0.9010
4.7864 0.0000 -0.0020 0.0000 0.0000 0.0000 -0.4410 -0.0070 -0.0070 -0.0510 -0.0070 -0.0070 0.9010
4.7874 0.0000 -0.0020 0.0000 0.0000 0.0000 -0.4410 -0.0070 -0.0070 -0.0510 -0.0070 -0.0070 0.9010
4.7892 0.0000 -0.0020 0.0000 0.0000 0.0000 -0.4400 -0.0070 -0.0070 -0.0800 0.0210 0.0070 0.9450
4.7894 0.0000 -0.0020 0.0000 0.0000 0.0000 -0.4370 -0.0070 -0.0070 -0.0800 -0.0070 -0.0070 0.8420
4.7903 0.0000 -0.0020 0.0000 0.0000 0.0000 -0.4370 -0.0070 -0.0070 -0.0800 -0.0070 -0.0070 0.8420
4.7913 0.0000 -0.0020 0.0000 0.0000 0.0000 -0.4370 -0.0070 -0.0070 -0.0800 -0.0070 -0.0070 0.8420
4.7932 0.0000 -0.0020 0.0000 0.0000 0.0000 -0.4370 -0.0070 -0.0070 -0.0800 -0.0070 -0.0070 0.8420
4.7937 0.0000 -0.0020 0.0000 0.0000 0.0000 -0.4370 -0.0070 -0.0070 -0.0800 -0.0070 -0.0070 0.8420
4.7943 0.0000 -0.0020 0.0000 0.0000 0.0000 -0.4370 -0.0070 -0.0070 -0.0800 -0.0070 -0.0070 0.8420
4.7961 0.0000 -0.0020 0.0000 0.0000 0.0000 -0.4370 -0.0070 -0.0070 -0.0800 -0.0070 -0.0070 0.8420
4.7963 0.0000 -0.0020 0.0000 0.0000 0.0000 -0.4370 -0.0070 -0.0070 -0.0800 -0.0070 -0.0070 0.8420
4.7974 0.0000 -0.0020 0.0000 0.0000 0.0000 -0.4370 -0.0070 -0.0070 -0.0800 -0.0070 -0.0070 0.8420
4.7983 0.0000 -0.0020 0.0000 0.0000 0.0000 -0.4370 -0.0070 -0.0070 -0.0800 -0.0070 -0.0070 0.8420
4.7993 0.0000 -0.0020 0.0000 0.0000 0.0000 -0.4370 -0.0070 -0.0070 -0.0800 -0.0070 -0.0070 0.8420
4.8009 0.0000 -0.0020 0.0000 0.0000 0.0000 -0.4370 0.0070 -0.0070 -0.0210 -0.0070 -0.0070 0.8420
4.8013 0.0000 -0.0020 0.0000 0.0000 0.0000 -0.4360 -0.0210 -0.0070 -0.0070 -0.0070 -0.0070 0.8860
4.8023 0.0000 -0.0020 0.0000 0.0000 0.0000 -0.4360 -0.0210 -0.0070 -0.0070 -0.0070 -0.0070 0.8860
4.8033 0.0000 -0.0020 0.0000 0.0000 0.0000 -0.4360 -0.0210 -0.0070 -0.0070 -0.0070 -0.0070 0.8860
4.8044 0.0000 -0.0020 0.0000 0.0000 0.0000 -0.4360 -0.0210 -0.0070 -0.0070 -0.0070 -0.0070 0.8860
4.8054 0.0000 -0.0020 0.0000 0.0000 0.0000 -0.4360 -0.0210 -0.0070 -0.0070 -0.0070 -0.0070 0.8860
4.8064 0.0000 -0.0020 0.0000 0.0000 0.0000 -0.4360 -0.0210 -0.0070 -0.0070 -0.0070 -0.0070 0.8860
4.8073 0.0000 -0.0020 0.0000 0.0000 0.0000 -0.4360 -0.0210 -0.0070 -0.0070 -0.0070 -0.0070 0.8860
4.8083 0.0000 -0.0020 0.0000 0.0000 0.0000 -0.4360 -0.0210 -0.0070 -0.0070 -0.0070 -0.0070 0.8860
4.8094 0.0000 -0.0020 0.0000 0.0000 0.0000 -0.4360 -0.0210 -0.0070 -0.0070 -0.0070 -0.0070 0.8860
4.8104 0.0000 -0.0020 0.0000 0.0000 0.0000 -0.4360 -0.0210 -0.0070 -0.0070 -0.0070 -0.0070 0.8860
4.8114 0.0000 -0.0020 0.0000 0.0000 0.0000 -0.4360 -0.0210 -0.0070 -0.0070 -0.0070 -0.0070 0.8860
4.8124 0.0000 -0.0020 0.0000 0.0000 0.0000 -0.4360 -0.0210 -0.0070 -0.0070 -0.0070 -0.0070 0.8860
4.8138 0.0000 -0.0020 0.0000 0.0000 0.0000 -0.4320 -0.0070 0.0070 -0.0210 -0.0070 -0.0070 0.9010
4.8143 0.0000 -0.0020 0.0000 0.0000 0.0000 -0.4310 0.0070 0.0070 -0.0070 -0.0070 -0.0070 0.8570
4.8153 0.0000 -0.0020 0.0000 0.0000 0.0000 -0.4310 0.0070 0.0070 -0.0070 -0.0070 -0.0070 0.8570
4.8163 0.0000 -0.0020 0.0000 0.0000 0.0000 -0.4310 0.0070 0.0070 -0.0070 -0.0070 -0.0070 0.8570
4.8174 0.0000 -0.0020 0.0000 0.0000 0.0000 -0.4310 0.0070 0.0070 -0.0070 -0.0070 -0.0070 0.8570
4.8184 0.0000 -0.0020 0.0000 0.0000 0.0000 -0.4310 0.0070 0.0070 -0.0070 -0.0070 -0.0070 0.8570
4.8194 0.0000 -0.0020 0.0000 0.0000 0.0000 -0.4310 0.0070 0.0070 -0.0070 -0.0070 -0.0070 0.8570
4.8204 0.0000 -0.0020 0.0000 0.0000 0.0000 -0.4310 0.0070 0.0070 -0.0070 -0.0070 -0.0070 0.8570
4.8214 0.0000 -0.0020 0.0000 0.0000 0.0000 -0.4310 0.0070 0.0070 -0.0070 -0.0070 -0.0070 0.8570
4.8224 0.0000 -0.0020 0.0000 0.0000 0.0000 -0.4310 0.0070 0.0070 -0.0070 -0.0070 -0.0070 0.8570
4.8233 0.0000 -0.0020 0.0000 0.0000 0.0000 -0.4310 0.0070 0.0070 -0.0070 -0.0070 -0.0070 0.8570
4.8243 0.0000 -0.0020 0.0000 0.0000 0.0000 -0.4310 0.0070 0.0070 -0.0070 -0.0070 -0.0070 0.8570
4.8269 0.0000 -0.0020 0.0000 0.0000 0.0000 -0.4280 -0.0070 -0.0070 -0.0210 -0.0070 -0.0070 0.9300
4.8273 0.0000 -0.0020 0.0000 0.0000 0.0000 -0.4280 -0.0070 -0.0070 -0.0210 -0.0070 -0.0070 0.9300
4.8283 0.0000 -0.0020 0.0000 0.0000 0.0000 -0.4280 -0.0070 -0.0070 -0.0210 -0.0070 -0.0070 0.9300
4.8286 0.0000 -0.0020 0.0000 0.0000 0.0000 -0.4280 -0.0070 -0.0070 -0.0210 -0.0070 -0.0070 0.9300
4.8294 0.0000 -0.0020 0.0000 0.0000 0.0000 -0.4280 -0.0070 -0.0070 -0.0210 -0.0070 -0.0070 0.9300
4.8303 0.0000 -0.0020 0.0000 0.0000 0.0000 -0.4280 -0.0070 -0.0070 -0.0210 -0.0070 -0.0070 0.9300
4.8313 0.0000 -0.0020 0.0000 0.0000 0.0000 -0.4280 -0.0070 -0.0070 -0.0210 -0.0070 -0.0070 0.9300
4.8323 0.0000 -0.0020 0.0000 0.0000 0.0000 -0.4280 -0.0070 -0.0070 -0.0210 -0.0070 -0.0070 0.9300
4.8334 0.0000 -0.0020 0.0000 0.0000 0.0000 -0.4280 -0.0070 -0.0070 -0.0210 -0.0070 -0.0070 0.9300
4.8343 0.0000 -0.0020 0.0000 0.0000 0.0000 -0.4280 -0.0070 -0.0070 -0.0210 -0.0070 -0.0070 0.9300
4.8353 0.0000 -0.0020 0.0000 0.0000 0.0000 -0.4280 -0.0070 -0.0070 -0.0210 -0.0070 -0.0070 0.9300
4.8370 0.0000 -0.0020 0.0000 0.0000 0.0000 -0.4280 -0.0070 -0.0070 -0.0210 -0.0070 -0.0070 0.9300
4.8378 0.0000 -0.0020 0.0000 0.0000 0.0000 -0.4270 -0.0070 0.0070 -0.0070 0.0210 0.0070 0.9300
4.8383 0.0000 -0.0020 0.0000 0.0000 0.0000 -0.4250 -0.0070 0.0070 -0.0070 0.0210 0.0070 0.8710
4.8393 0.0000 -0.0020 0.0000 0.0000 0.0000 -0.4240 -0.0070 0.0210 -0.0210 -0.0070 -0.0070 0.8420
4.8403 0.0000 -0.0020 0.0000 0.0000 0.0000 -0.4240 -0.0070 0.0210 -0.0210 -0.0070 -0.0070 0.8420
4.8413 0.0000 -0.0020 0.0000 0.0000 0.0000 -0.4240 -0.0070 0.0210 -0.0210 -0.0070 -0.0070 0.8420
4.8423 0.0000 -0.0020 0.0000 0.0000 0.0000 -0.4240 -0.0070 0.0210 -0.0210 -0.0070 -0.0070 0.8420
4.8433 0.0000 -0.0020 0.0000 0.0000 0.0000 -0.4240 -0.0070 0.0210 -0.0210 -0.0070 -0.0070 0.8420
4.8443 0.0000 -0.0020 0.0000 0.0000 0.0000 -0.4240 -0.0070 0.0210 -0.0210 -0.0070 -0.0070 0.8420
4.8454 0.0000 -0.0020 0.0000 0.0000 0.0000 -0.4240 -0.0070 0.0210 -0.0210 -0.0070 -0.0070 0.8420
4.8464 0.0000 -0.0020 0.0000 0.0000 0.0000 -0.4240 -0.0070 0.0210 -0.0210 -0.0070 -0.0070 0.8420
4.8473 0.0000 -0.0020 0.0000 0.0000 0.0000 -0.4240 -0.0070 0.0210 -0.0210 -0.0070 -0.0070 0.8420
4.8483 0.0000 -0.0020 0.0000 0.0000 0.0000 -0.4240 -0.0070 0.0210 -0.0210 -0.0070 -0.0070 0.8420
4.8494 0.0000 -0.0020 0.0000 0.0000 0.0000 -0.4240 -0.0070 0.0210 -0.0210 -0.0070 -0.0070 0.8420
4.8504 0.0000 -0.0020 0.0000 0.0000 0.0000 -0.4200 -0.0070 0.0210 -0.0070 -0.0070 -0.0070 0.9300
4.8513 0.0000 -0.0020 0.0000 0.0000 0.0000 -0.4200 -0.0070 -0.0070 0.0070 -0.0210 -0.0070 0.9300
4.8523 0.0000 -0.0020 0.0000 0.0000 0.0000 -0.4200 -0.0070 -0.0070 0.0070 -0.0210 -0.0070 0.9300
4.8533 0.0000 -0.0020 0.0000 0.0000 0.0000 -0.4200 -0.0070 -0.0070 0.0070 -0.0210 -0.0070 0.9300
4.8544 0.0000 -0.0020 0.0000 0.0000 0.0000 -0.4200 -0.0070 -0.0070 0.0070 -0.0210 -0.0070 0.9300
4.8563 0.0000 -0.0020 0.0000 0.0000 0.0000 -0.4200 -0.0070 -0.0070 0.0070 -0.0210 -0.0070 0.9300
4.8566 0.0000 -0.0020 0.0000 0.0000 0.0000 -0.4200 -0.0070 -0.0070 0.0070 -0.0210 -0.0070 0.9300
4.8573 0.0000 -0.0020 0.0000 0.0000 0.0000 -0.4200 -0.0070 -0.0070 0.0070 -0.0210 -0.0070 0.9300
4.8583 0.0000 -0.0020 0.0000 0.0000 0.0000 -0.4200 -0.0070 -0.0070 0.0070 -0.0210 -0.0070 0.9300
4.8593 0.0000 -0.0020 0.0000 0.0000 0.0000 -0.4200 -0.0070 -0.0070 0.0070 -0.0210 -0.0070 0.9300
4.8603 0.0000 -0.0020 0.0000 0.0000 0.0000 -0.4200 -0.0070 -0.0070 0.0070 -0.0210 -0.0070 0.9300
4.8642 0.0000 -0.0020 0.0000 0.0000 0.0000 -0.4160 -0.0210 0.0650 -0.0800 0.0070 0.0070 0.9010
4.8648 0.0000 -0.0020 0.0000 0.0000 0.0000 -0.4160 -0.0210 0.0650 -0.0800 0.0070 0.0070 0.9010
4.8658 0.0000 -0.0020 0.0000 0.0000 0.0000 -0.4160 -0.0210 0.0650 -0.0800 0.0070 0.0070 0.9010
4.8668 0.0000 -0.0020 0.0000 0.0000 0.0000 -0.4160 -0.0210 0.0650 -0.0800 0.0070 0.0070 0.9010
4.8678 0.0000 -0.0020 0.0000 0.0000 0.0000 -0.4160 -0.0210 0.0650 -0.0800 0.0070 0.0070 0.9010
4.8688 0.0000 -0.0020 0.0000 0.0000 0.0000 -0.4160 -0.0210 0.0650 -0.0800 0.0070 0.0070 0.9010
4.8698 0.0000 -0.0020 0.0000 0.0000 0.0000 -0.4160 -0.0210 0.0650 -0.0800 0.0070 0.0070 0.9010
4.8708 0.0000 -0.0020 0.0000 0.0000 0.0000 -0.4160 -0.0210 0.0650 -0.0800 0.0070 0.0070 0.9010
4.8718 0.0000 -0.0020 0.0000 0.0000 0.0000 -0.4160 -0.0210 0.0650 -0.0800 0.0070 0.0070 0.9010
4.8729 0.0000 -0.0020 0.0000 0.0000 0.0000 -0.4160 -0.0210 0.0650 -0.0800 0.0070 0.0070 0.9010
4.8738 0.0000 -0.0020 0.0000 0.0000 0.0000 -0.4160 -0.0210 0.0650 -0.0800 0.0070 0.0070 0.9010
4.8750 0.0000 -0.0020 0.0000 0.0000 0.0000 -0.4160 -0.0210 0.0650 -0.0800 0.0070 0.0070 0.9010
4.8758 0.0000 -0.0020 0.0000 0.0000 0.0000 -0.4130 -0.0070 0.0650 -0.1090 0.0070 -0.0070 0.9150
4.8768 0.0000 -0.0010 0.0000 0.0000 0.0000 -0.4110 -0.0070 0.0510 -0.1530 -0.0070 -0.0070 0.8710
4.8778 0.0000 -0.0010 0.0000 0.0000 0.0000 -0.4110 -0.0070 0.0510 -0.1530 -0.0070 -0.0070 0.8710
4.8789 0.0000 -0.0010 0.0000 0.0000 0.0000 -0.4110 -0.0070 0.0510 -0.1530 -0.0070 -0.0070 0.8710
4.8799 0.0000 -0.0010 0.0000 0.0000 0.0000 -0.4110 -0.0070 0.0510 -0.1530 -0.0070 -0.0070 0.8710
4.8809 0.0000 -0.0010 0.0000 0.0000 0.0000 -0.4110 -0.0070 0.0510 -0.1530 -0.0070 -0.0070 0.8710
4.8819 0.0000 -0.0010 0.0000 0.0000 0.0000 -0.4110 -0.0070 0.0510 -0.1530 -0.0070 -0.0070 0.8710
4.8829 0.0000 -0.0010 0.0000 0.0000 0.0000 -0.4110 -0.0070 0.0510 -0.1530 -0.0070 -0.0070 0.8710
4.8839 0.0000 -0.0010 0.0000 0.0000 0.0000 -0.4110 -0.0070 0.0510 -0.1530 -0.0070 -0.0070 0.8710
4.8849 0.0000 -0.0010 0.0000 0.0000 0.0000 -0.4110 -0.0070 0.0510 -0.1530 -0.0070 -0.0070 0.8710
4.8859 0.0000 -0.0010 0.0000 0.0000 0.0000 -0.4110 -0.0070 0.0510 -0.1530 -0.0070 -0.0070 0.8710
4.8869 0.0000 -0.0010 0.0000 0.0000 0.0000 -0.4110 -0.0070 0.0510 -0.1530 -0.0070 -0.0070 0.8710
4.8878 0.0000 -0.0010 0.0000 0.0000 0.0000 -0.4110 -0.0070 0.0510 -0.1530 -0.0070 -0.0070 0.8710
4.8888 0.0000 -0.0010 0.0000 0.0000 0.0000 -0.4110 -0.0070 0.0510 -0.1530 -0.0070 -0.0070 0.8710
4.8898 0.0000 -0.0010 0.0000 0.0000 0.0000 -0.4110 -0.0070 0.0510 -0.1530 -0.0070 -0.0070 0.8710
4.8911 0.0000 -0.0010 0.0000 0.0000 0.0000 -0.4070 -0.0070 0.0360 -0.0360 0.0070 -0.0070 0.9150
4.8922 0.0000 -0.0010 0.0000 0.0000 0.0000 -0.4070 -0.0070 0.0360 -0.0360 0.0070 -0.0070 0.9150
4.8943 0.0000 -0.0010 0.0000 0.0000 0.0000 -0.4070 -0.0070 0.0360 -0.0360 0.0070 -0.0070 0.9150
4.8945 0.0000 -0.0010 0.0000 0.0000 0.0000 -0.4070 -0.0070 0.0360 -0.0360 0.0070 -0.0070 0.9150
4.8948 0.0000 -0.0010 0.0000 0.0000 0.0000 -0.4070 -0.0070 0.0360 -0.0360 0.0070 -0.0070 0.9150
4.8958 0.0000 -0.0010 0.0000 0.0000 0.0000 -0.4070 -0.0070 0.0360 -0.0360 0.0070 -0.0070 0.9150
4.8968 0.0000 -0.0010 0.0000 0.0000 0.0000 -0.4070 -0.0070 0.0360 -0.0360 0.0070 -0.0070 0.9150
4.8979 0.0000 -0.0010 0.0000 0.0000 0.0000 -0.4070 -0.0070 0.0360 -0.0360 0.0070 -0.0070 0.9150
4.8988 0.0000 -0.0010 0.0000 0.0000 0.0000 -0.4070 -0.0070 0.0360 -0.0360 0.0070 -0.0070 0.9150
4.8999 0.0000 -0.0010 0.0000 0.0000 0.0000 -0.4070 -0.0070 0.0360 -0.0360 0.0070 -0.0070 0.9150
4.9009 0.0000 -0.0010 0.0000 0.0000 0.0000 -0.4070 -0.0070 0.0360 -0.0360 0.0070 -0.0070 0.9150
4.9029 0.0000 -0.0010 0.0000 0.0000 0.0000 -0.4070 -0.0070 0.0210 -0.0070 0.0070 -0.0070 0.9150
4.9031 0.0000 -0.0010 0.0000 0.0000 0.0000 -0.4060 -0.0070 0.0070 -0.0210 0.0070 -0.0070 0.9010
4.9038 0.0000 -0.0010 0.0000 0.0000 0.0000 -0.4040 -0.0210 0.0070 -0.0210 0.0070 -0.0070 0.8570
4.9048 0.0000 -0.0010 0.0000 0.0000 0.0000 -0.4040 -0.0210 0.0070 -0.0210 0.0070 -0.0070 0.8570
4.9059 0.0000 -0.0010 0.0000 0.0000 0.0000 -0.4040 -0.0210 0.0070 -0.0210 0.0070 -0.0070 0.8570
4.9068 0.0000 -0.0010 0.0000 0.0000 0.0000 -0.4040 -0.0210 0.0070 -0.0210 0.0070 -0.0070 0.8570
4.9078 0.0000 -0.0010 0.0000 0.0000 0.0000 -0.4040 -0.0210 0.0070 -0.0210 0.0070 -0.0070 0.8570
4.9088 0.0000 -0.0010 0.0000 0.0000 0.0000 -0.4040 -0.0210 0.0070 -0.0210 0.0070 -0.0070 0.8570
4.9098 0.0000 -0.0010 0.0000 0.0000 0.0000 -0.4040 -0.0210 0.0070 -0.0210 0.0070 -0.0070 0.8570
4.9108 0.0000 -0.0010 0.0000 0.0000 0.0000 -0.4040 -0.0210 0.0070 -0.0210 0.0070 -0.0070 0.8570
4.9118 0.0000 -0.0010 0.0000 0.0000 0.0000 -0.4040 -0.0210 0.0070 -0.0210 0.0070 -0.0070 0.8570
4.9128 0.0000 -0.0010 0.0000 0.0000 0.0000 -0.4040 -0.0210 0.0070 -0.0210 0.0070 -0.0070 0.8570
4.9140 0.0000 -0.0010 0.0000 0.0000 0.0000 -0.4040 -0.0210 -0.0210 -0.0070 -0.0210 -0.0210 0.8570
4.9152 0.0000 -0.0010 0.0000 0.0000 0.0000 -0.4010 -0.0070 0.0210 -0.0210 0.0070 -0.0070 0.9300
4.9158 0.0000 -0.0010 0.0000 0.0000 0.0000 -0.4010 -0.0070 0.0210 -0.0210 0.0070 -0.0070 0.9300
4.9168 0.0000 -0.0010 0.0000 0.0000 0.0000 -0.4010 -0.0070 0.0210 -0.0210 0.0070 -0.0070 0.9300
4.9178 0.0000 -0.0010 0.0000 0.0000 0.0000 -0.4010 -0.0070 0.0210 -0.0210 0.0070 -0.0070 0.9300
4.9189 0.0000 -0.0010 0.0000 0.0000 0.0000 -0.4010 -0.0070 0.0210 -0.0210 0.0070 -0.0070 0.9300
4.9198 0.0000 -0.0010 0.0000 0.0000 0.0000 -0.4010 -0.0070 0.0210 -0.0210 0.0070 -0.0070 0.9300
4.9208 0.0000 -0.0010 0.0000 0.0000 0.0000 -0.4010 -0.0070 0.0210 -0.0210 0.0070 -0.0070 0.9300
4.9218 0.0000 -0.0010 0.0000 0.0000 0.0000 -0.4010 -0.0070 0.0210 -0.0210 0.0070 -0.0070 0.9300
4.9228 0.0000 -0.0010 0.0000 0.0000 0.0000 -0.4010 -0.0070 0.0210 -0.0210 0.0070 -0.0070 0.9300
4.9238 0.0000 -0.0010 0.0000 0.0000 0.0000 -0.4010 -0.0070 0.0210 -0.0210 0.0070 -0.0070 0.9300
4.9248 0.0000 -0.0010 0.0000 0.0000 0.0000 -0.4010 -0.0070 0.0210 -0.0210 0.0070 -0.0070 0.9300
4.9264 0.0000 -0.0010 0.0000 0.0000 0.0000 -0.4010 -0.0070 0.0210 -0.0210 0.0070 -0.0070 0.9300
4.9279 0.0000 -0.0010 0.0000 0.0000 0.0000 -0.3990 -0.0070 0.0210 -0.0210 0.0070 -0.0070 0.9010
4.9281 0.0000 -0.0010 0.0000 0.0000 0.0000 -0.3990 -0.0070 0.0210 -0.0210 0.0070 -0.0070 0.9010
4.9288 0.0000 -0.0010 0.0000 0.0000 0.0000 -0.3960 -0.0070 0.0800 -0.0210 0.0070 -0.0070 0.8710
4.9298 0.0000 -0.0010 0.0000 0.0000 0.0000 -0.3960 -0.0070 0.0800 -0.0210 0.0070 -0.0070 0.8710
4.9308 0.0000 -0.0010 0.0000 0.0000 0.0000 -0.3960 -0.0070 0.0800 -0.0210 0.0070 -0.0070 0.8710
4.9318 0.0000 -0.0010 0.0000 0.0000 0.0000 -0.3960 -0.0070 0.0800 -0.0210 0.0070 -0.0070 0.8710
4.9328 0.0000 -0.0010 0.0000 0.0000 0.0000 -0.3960 -0.0070 0.0800 -0.0210 0.0070 -0.0070 0.8710
4.9338 0.0000 -0.0010 0.0000 0.0000 0.0000 -0.3960 -0.0070 0.0800 -0.0210 0.0070 -0.0070 0.8710
4.9348 0.0000 -0.0010 0.0000 0.0000 0.0000 -0.3960 -0.0070 0.0800 -0.0210 0.0070 -0.0070 0.8710
4.9358 0.0000 -0.0010 0.0000 0.0000 0.0000 -0.3960 -0.0070 0.0800 -0.0210 0.0070 -0.0070 0.8710
4.9368 0.0000 -0.0010 0.0000 0.0000 0.0000 -0.3960 -0.0070 0.0800 -0.0210 0.0070 -0.0070 0.8710
4.9380 0.0000 -0.0010 0.0000 0.0000 0.0000 -0.3960 -0.0070 0.0800 -0.0210 0.0070 -0.0070 0.8710
4.9394 0.0000 0.0000 0.0000 0.0000 0.0000 -0.3950 -0.0070 0.1390 -0.0070 -0.0070 0.0070 0.9300
4.9398 0.0000 0.0000 0.0000 0.0000 0.0000 -0.3930 -0.0070 0.1970 -0.0210 0.0070 -0.0070 0.9150
4.9408 0.0000 0.0000 0.0000 0.0000 0.0000 -0.3930 -0.0070 0.1970 -0.0210 0.0070 -0.0070 0.9150
4.9418 0.0000 0.0000 0.0000 0.0000 0.0000 -0.3930 -0.0070 0.1970 -0.0210 0.0070 -0.0070 0.9150
4.9428 0.0000 0.0000 0.0000 0.0000 0.0000 -0.3930 -0.0070 0.1970 -0.0210 0.0070 -0.0070 0.9150
4.9439 0.0000 0.0000 0.0000 0.0000 0.0000 -0.3930 -0.0070 0.1970 -0.0210 0.0070 -0.0070 0.9150
4.9449 0.0000 0.0000 0.0000 0.0000 0.0000 -0.3930 -0.0070 0.1970 -0.0210 0.0070 -0.0070 0.9150
4.9459 0.0000 0.0000 0.0000 0.0000 0.0000 -0.3930 -0.0070 0.1970 -0.0210 0.0070 -0.0070 0.9150
4.9469 0.0000 0.0000 0.0000 0.0000 0.0000 -0.3930 -0.0070 0.1970 -0.0210 0.0070 -0.0070 0.9150
4.9478 0.0000 0.0000 0.0000 0.0000 0.0000 -0.3930 -0.0070 0.1970 -0.0210 0.0070 -0.0070 0.9150
4.9488 0.0000 0.0000 0.0000 0.0000 0.0000 -0.3930 -0.0070 0.1970 -0.0210 0.0070 -0.0070 0.9150
4.9498 0.0000 0.0000 0.0000 0.0000 0.0000 -0.3930 -0.0070 0.1970 -0.0210 0.0070 -0.0070 0.9150
4.9513 0.0000 0.0000 0.0000 0.0000 0.0000 -0.3930 -0.0070 0.1970 -0.0210 0.0070 -0.0070 0.9150
4.9519 0.0000 0.0000 0.0000 0.0000 0.0000 -0.3910 -0.0070 0.1240 -0.0070 0.0070 -0.0210 0.8420
4.9528 0.0000 0.0000 -0.0010 0.0000 0.0000 -0.3890 0.0070 0.0650 -0.0360 -0.0070 -0.0070 0.9150
4.9538 0.0000 0.0000 -0.0010 0.0000 0.0000 -0.3890 0.0070 0.0650 -0.0360 -0.0070 -0.0070 0.9150
4.9548 0.0000 0.0000 -0.0010 0.0000 0.0000 -0.3890 0.0070 0.0650 -0.0360 -0.0070 -0.0070 0.9150
4.9558 0.0000 0.0000 -0.0010 0.0000 0.0000 -0.3890 0.0070 0.0650 -0.0360 -0.0070 -0.0070 0.9150
4.9568 0.0000 0.0000 -0.0010 0.0000 0.0000 -0.3890 0.0070 0.0650 -0.0360 -0.0070 -0.0070 0.9150
4.9578 0.0000 0.0000 -0.0010 0.0000 0.0000 -0.3890 0.0070 0.0650 -0.0360 -0.0070 -0.0070 0.9150
4.9588 0.0000 0.0000 -0.0010 0.0000 0.0000 -0.3890 0.0070 0.0650 -0.0360 -0.0070 -0.0070 0.9150
4.9598 0.0000 0.0000 -0.0010 0.0000 0.0000 -0.3890 0.0070 0.0650 -0.0360 -0.0070 -0.0070 0.9150
4.9608 0.0000 0.0000 -0.0010 0.0000 0.0000 -0.3890 0.0070 0.0650 -0.0360 -0.0070 -0.0070 0.9150
4.9655 0.0000 0.0000 -0.0010 0.0000 0.0000 -0.3890 0.0070 0.0650 -0.0360 -0.0070 -0.0070 0.9150
4.9660 0.0000 0.0000 -0.0010 0.0000 0.0000 -0.3860 -0.0070 0.0210 -0.0070 0.0360 -0.0070 0.8860
4.9667 0.0000 0.0000 -0.0010 0.0000 0.0000 -0.3860 -0.0070 0.0210 -0.0070 0.0360 -0.0070 0.8860
4.9677 0.0000 0.0000 -0.0010 0.0000 0.0000 -0.3860 -0.0070 0.0210 -0.0070 0.0360 -0.0070 0.8860
4.9687 0.0000 0.0000 -0.0010 0.0000 0.0000 -0.3860 -0.0070 0.0210 -0.0070 0.0360 -0.0070 0.8860
4.9698 0.0000 0.0000 -0.0010 0.0000 0.0000 -0.3860 -0.0070 0.0210 -0.0070 0.0360 -0.0070 0.8860
4.9707 0.0000 0.0000 -0.0010 0.0000 0.0000 -0.3860 -0.0070 0.0210 -0.0070 0.0360 -0.0070 0.8860
4.9718 0.0000 0.0000 -0.0010 0.0000 0.0000 -0.3860 -0.0070 0.0210 -0.0070 0.0360 -0.0070 0.8860
4.9728 0.0000 0.0000 -0.0010 0.0000 0.0000 -0.3860 -0.0070 0.0210 -0.0070 0.0360 -0.0070 0.8860
4.9737 0.0000 0.0000 -0.0010 0.0000 0.0000 -0.3860 -0.0070 0.0210 -0.0070 0.0360 -0.0070 0.8860
4.9747 0.0000 0.0000 -0.0010 0.0000 0.0000 -0.3860 -0.0070 0.0210 -0.0070 0.0360 -0.0070 0.8860
4.9757 0.0000 0.0000 -0.0010 0.0000 0.0000 -0.3860 -0.0070 0.0210 -0.0070 0.0360 -0.0070 0.8860
4.9801 0.0000 0.0000 -0.0010 0.0000 0.0000 -0.3860 -0.0070 0.0210 -0.0070 0.0360 -0.0070 0.8860
4.9803 0.0000 0.0000 -0.0010 0.0000 0.0000 -0.3830 -0.0070 0.0070 -0.0210 0.0650 -0.0070 0.8860
4.9813 0.0000 0.0000 -0.0010 0.0000 0.0000 -0.3820 -0.0070 0.0210 -0.0510 0.0950 0.0070 0.9300
4.9823 0.0000 0.0000 -0.0010 0.0000 0.0000 -0.3820 -0.0070 0.0210 -0.0510 0.0950 0.0070 0.9300
4.9833 0.0000 0.0000 -0.0010 0.0000 0.0000 -0.3820 -0.0070 0.0210 -0.0510 0.0950 0.0070 0.9300
4.9843 0.0000 0.0000 -0.0010 0.0000 0.0000 -0.3820 -0.0070 0.0210 -0.0510 0.0950 0.0070 0.9300
4.9853 0.0000 0.0000 -0.0010 0.0000 0.0000 -0.3820 -0.0070 0.0210 -0.0510 0.0950 0.0070 0.9300
4.9863 0.0000 0.0000 -0.0010 0.0000 0.0000 -0.3820 -0.0070 0.0210 -0.0510 0.0950 0.0070 0.9300
4.9873 0.0000 0.0000 -0.0010 0.0000 0.0000 -0.3820 -0.0070 0.0210 -0.0510 0.0950 0.0070 0.9300
4.9883 0.0000 0.0000 -0.0010 0.0000 0.0000 -0.3820 -0.0070 0.0210 -0.0510 0.0950 0.0070 0.9300
4.9893 0.0000 0.0000 -0.0010 0.0000 0.0000 -0.3820 -0.0070 0.0210 -0.0510 0.0950 0.0070 0.9300
4.9934 0.0000 0.0000 -0.0010 0.0000 0.0000 -0.3770 -0.0210 0.0070 -0.0650 -0.0070 -0.0070 0.8570
4.9937 0.0000 0.0000 -0.0010 0.0000 0.0000 -0.3770 -0.0210 0.0070 -0.0650 -0.0070 -0.0070 0.8570
4.9947 0.0000 0.0000 -0.0010 0.0000 0.0000 -0.3770 -0.0210 0.0070 -0.0650 -0.0070 -0.0070 0.8570
4.9956 0.0000 0.0000 -0.0010 0.0000 0.0000 -0.3770 -0.0210 0.0070 -0.0650 -0.0070 -0.0070 0.8570
4.9966 0.0000 0.0000 -0.0010 0.0000 0.0000 -0.3770 -0.0210 0.0070 -0.0650 -0.0070 -0.0070 0.8570
4.9976 0.0000 0.0000 -0.0010 0.0000 0.0000 -0.3770 -0.0210 0.0070 -0.0650 -0.0070 -0.0070 0.8570
4.9986 0.0000 0.0000 -0.0010 0.0000 0.0000 -0.3770 -0.0210 0.0070 -0.0650 -0.0070 -0.0070 0.8570
4.9997 0.0000 0.0000 -0.0010 0.0000 0.0000 -0.3770 -0.0210 0.0070 -0.0650 -0.0070 -0.0070 0.8570
5.0006 0.0000 0.0000 -0.0010 0.0000 0.0000 -0.3770 -0.0210 0.0070 -0.0650 -0.0070 -0.0070 0.8570
5.0017 0.0000 0.0000 -0.0010 0.0000 0.0000 -0.3770 -0.0210 0.0070 -0.0650 -0.0070 -0.0070 0.8570
5.0027 0.0000 0.0000 -0.0010 0.0000 0.0000 -0.3770 -0.0210 0.0070 -0.0650 -0.0070 -0.0070 0.8570
5.0037 0.0000 0.0000 -0.0010 0.0000 0.0000 -0.3770 -0.0210 0.0070 -0.0650 -0.0070 -0.0070 0.8570
5.0047 0.0000 0.0000 -0.0010 0.0000 0.0000 -0.3770 -0.0210 0.0070 -0.0650 -0.0070 -0.0070 0.8570
5.0056 0.0000 0.0000 -0.0010 0.0000 0.0000 -0.3770 -0.0210 0.0070 -0.0650 -0.0070 -0.0070 0.8570
5.0066 0.0000 0.0000 -0.0010 0.0000 0.0000 -0.3770 -0.0210 0.0070 -0.0650 -0.0070 -0.0070 0.8570
5.0077 0.0000 0.0000 -0.0010 0.0000 0.0000 -0.3770 -0.0210 0.0070 -0.0650 -0.0070 -0.0070 0.8570
5.0086 0.0000 0.0000 -0.0010 0.0000 0.0000 -0.3720 -0.0070 0.0360 -0.0210 -0.0070 -0.0210 0.8710
5.0096 0.0000 0.0000 -0.0010 0.0000 0.0000 -0.3720 -0.0070 0.0360 -0.0210 -0.0070 -0.0210 0.8710
5.0106 0.0000 0.0000 -0.0010 0.0000 0.0000 -0.3720 -0.0070 0.0360 -0.0210 -0.0070 -0.0210 0.8710
5.0116 0.0000 0.0000 -0.0010 0.0000 0.0000 -0.3720 -0.0070 0.0360 -0.0210 -0.0070 -0.0210 0.8710
5.0127 0.0000 0.0000 -0.0010 0.0000 0.0000 -0.3720 -0.0070 0.0360 -0.0210 -0.0070 -0.0210 0.8710
5.0137 0.0000 0.0000 -0.0010 0.0000 0.0000 -0.3720 -0.0070 0.0360 -0.0210 -0.0070 -0.0210 0.8710
5.0147 0.0000 0.0000 -0.0010 0.0000 0.0000 -0.3720 -0.0070 0.0360 -0.0210 -0.0070 -0.0210 0.8710
5.0157 0.0000 0.0000 -0.0010 0.0000 0.0000 -0.3720 -0.0070 0.0360 -0.0210 -0.0070 -0.0210 0.8710
5.0167 0.0000 0.0000 -0.0010 0.0000 0.0000 -0.3720 -0.0070 0.0360 -0.0210 -0.0070 -0.0210 0.8710
5.0176 0.0000 0.0000 -0.0010 0.0000 0.0000 -0.3720 -0.0070 0.0360 -0.0210 -0.0070 -0.0210 0.8710
5.0187 0.0000 0.0000 -0.0010 0.0000 0.0000 -0.3720 -0.0070 0.0360 -0.0210 -0.0070 -0.0210 0.8710
5.0201 0.0000 0.0000 -0.0010 0.0000 0.0000 -0.3690 -0.0070 0.0510 -0.0210 -0.0070 0.0070 0.9150
5.0207 0.0000 0.0000 -0.0010 0.0000 0.0000 -0.3690 -0.0070 0.0510 -0.0210 -0.0070 0.0070 0.9150
5.0216 0.0000 0.0000 -0.0010 0.0000 0.0000 -0.3690 -0.0070 0.0510 -0.0210 0.0210 -0.0070 0.9150
5.0226 0.0000 0.0000 -0.0010 0.0000 0.0000 -0.3690 -0.0070 0.0510 -0.0210 0.0210 -0.0070 0.9150
5.0237 0.0000 0.0000 -0.0010 0.0000 0.0000 -0.3690 -0.0070 0.0510 -0.0210 0.0210 -0.0070 0.9150
5.0246 0.0000 0.0000 -0.0010 0.0000 0.0000 -0.3690 -0.0070 0.0510 -0.0210 0.0210 -0.0070 0.9150
5.0257 0.0000 0.0000 -0.0010 0.0000 0.0000 -0.3690 -0.0070 0.0510 -0.0210 0.0210 -0.0070 0.9150
5.0267 0.0000 0.0000 -0.0010 0.0000 0.0000 -0.3690 -0.0070 0.0510 -0.0210 0.0210 -0.0070 0.9150
5.0277 0.0000 0.0000 -0.0010 0.0000 0.0000 -0.3690 -0.0070 0.0510 -0.0210 0.0210 -0.0070 0.9150
5.0286 0.0000 0.0000 -0.0010 0.0000 0.0000 -0.3690 -0.0070 0.0510 -0.0210 0.0210 -0.0070 0.9150
5.0297 0.0000 0.0000 -0.0010 0.0000 0.0000 -0.3690 -0.0070 0.0510 -0.0210 0.0210 -0.0070 0.9150
5.0306 0.0000 0.0000 -0.0010 0.0000 0.0000 -0.3690 -0.0070 0.0510 -0.0210 0.0210 -0.0070 0.9150
5.0316 0.0000 0.0000 -0.0010 0.0000 0.0000 -0.3690 -0.0070 0.0510 -0.0210 0.0210 -0.0070 0.9150
5.0347 0.0000 0.0000 -0.0010 0.0000 0.0000 -0.3680 -0.0070 0.0510 -0.0210 0.0210 -0.0070 0.9300
5.0349 0.0000 0.0000 -0.0010 0.0000 0.0000 -0.3660 -0.0070 0.0510 -0.0210 -0.0210 -0.0070 0.9010
5.0359 0.0000 0.0000 -0.0020 0.0000 0.0000 -0.3640 -0.0070 0.0360 -0.0070 -0.0070 -0.0070 0.8860
5.0369 0.0000 0.0000 -0.0020 0.0000 0.0000 -0.3640 -0.0070 0.0360 -0.0070 -0.0070 -0.0070 0.8860
5.0379 0.0000 0.0000 -0.0020 0.0000 0.0000 -0.3640 -0.0070 0.0360 -0.0070 -0.0070 -0.0070 0.8860
5.0390 0.0000 0.0000 -0.0020 0.0000 0.0000 -0.3640 -0.0070 0.0360 -0.0070 -0.0070 -0.0070 0.8860
5.0399 0.0000 0.0000 -0.0020 0.0000 0.0000 -0.3640 -0.0070 0.0360 -0.0070 -0.0070 -0.0070 0.8860
5.0409 0.0000 0.0000 -0.0020 0.0000 0.0000 -0.3640 -0.0070 0.0360 -0.0070 -0.0070 -0.0070 0.8860
5.0419 0.0000 0.0000 -0.0020 0.0000 0.0000 -0.3640 -0.0070 0.0360 -0.0070 -0.0070 -0.0070 0.8860
5.0429 0.0000 0.0000 -0.0020 0.0000 0.0000 -0.3640 -0.0070 0.0360 -0.0070 -0.0070 -0.0070 0.8860
5.0440 0.0000 0.0000 -0.0020 0.0000 0.0000 -0.3640 -0.0070 0.0360 -0.0070 -0.0070 -0.0070 0.8860
5.0460 0.0000 0.0000 -0.0020 0.0000 0.0000 -0.3620 -0.0210 0.0210 -0.0070 -0.0070 -0.0210 0.9450
5.0463 0.0000 0.0000 -0.0020 0.0000 0.0000 -0.3620 -0.0210 0.0210 -0.0070 -0.0070 -0.0210 0.9450
5.0469 0.0000 0.0000 -0.0020 0.0000 0.0000 -0.3610 -0.0210 0.0070 -0.0070 -0.0070 -0.0070 0.9010
5.0479 0.0000 0.0000 -0.0020 0.0000 0.0000 -0.3610 -0.0210 0.0070 -0.0070 -0.0070 -0.0070 0.9010
5.0489 0.0000 0.0000 -0.0020 0.0000 0.0000 -0.3610 -0.0210 0.0070 -0.0070 -0.0070 -0.0070 0.9010
5.0500 0.0000 0.0000 -0.0020 0.0000 0.0000 -0.3610 -0.0210 0.0070 -0.0070 -0.0070 -0.0070 0.9010
5.0510 0.0000 0.0000 -0.0020 0.0000 0.0000 -0.3610 -0.0210 0.0070 -0.0070 -0.0070 -0.0070 0.9010
5.0520 0.0000 0.0000 -0.0020 0.0000 0.0000 -0.3610 -0.0210 0.0070 -0.0070 -0.0070 -0.0070 0.9010
5.0530 0.0000 0.0000 -0.0020 0.0000 0.0000 -0.3610 -0.0210 0.0070 -0.0070 -0.0070 -0.0070 0.9010
5.0540 0.0000 0.0000 -0.0020 0.0000 0.0000 -0.3610 -0.0210 0.0070 -0.0070 -0.0070 -0.0070 0.9010
5.0550 0.0000 0.0000 -0.0020 0.0000 0.0000 -0.3610 -0.0210 0.0070 -0.0070 -0.0070 -0.0070 0.9010
5.0560 0.0000 0.0000 -0.0020 0.0000 0.0000 -0.3610 -0.0210 0.0070 -0.0070 -0.0070 -0.0070 0.9010
5.0571 0.0000 0.0000 -0.0020 0.0000 0.0000 -0.3610 -0.0210 0.0070 -0.0070 -0.0070 -0.0070 0.9010
5.0626 0.0000 0.0000 -0.0020 0.0000 0.0000 -0.3610 -0.0070 0.0070 -0.0070 -0.0070 -0.0070 0.9010
5.0630 0.0000 0.0010 -0.0020 0.0000 0.0000 -0.3560 -0.0070 0.0070 -0.0210 -0.0210 -0.0210 0.9150
5.0674 0.0000 0.0010 -0.0020 0.0000 0.0000 -0.3560 -0.0070 0.0070 -0.0210 -0.0210 -0.0210 0.9150
5.0730 0.0000 0.0010 -0.0020 0.0000 0.0000 -0.3560 -0.0070 0.0070 -0.0210 -0.0210 -0.0210 0.9150
5.0737 0.0000 0.0010 -0.0020 0.0000 0.0000 -0.3560 -0.0070 0.0070 -0.0210 -0.0210 -0.0210 0.9150
5.0766 0.0000 0.0010 -0.0020 0.0000 0.0000 -0.3540 -0.0070 0.0070 -0.0070 0.0070 -0.0210 0.9300
5.0771 0.0000 0.0010 -0.0020 0.0000 0.0000 -0.3540 -0.0070 0.0070 -0.0070 0.0070 -0.0210 0.9300
5.0785 0.0000 0.0010 -0.0020 0.0000 0.0000 -0.3530 -0.0070 0.0070 -0.0210 -0.0070 -0.0210 0.8710
5.0791 0.0000 0.0010 -0.0020 0.0000 0.0000 -0.3530 -0.0070 0.0070 -0.0210 -0.0070 -0.0210 0.8710
5.0801 0.0000 0.0010 -0.0020 0.0000 0.0000 -0.3510 -0.0070 0.0070 -0.0070 -0.0070 -0.0210 0.8570
5.0845 0.0000 0.0010 -0.0020 0.0000 0.0000 -0.3510 -0.0070 0.0070 -0.0070 -0.0070 -0.0210 0.8570
5.0854 0.0000 0.0010 -0.0020 0.0000 0.0000 -0.3510 -0.0070 0.0070 -0.0070 -0.0070 -0.0210 0.8570
5.0864 0.0000 0.0010 -0.0020 0.0000 0.0000 -0.3510 -0.0070 0.0070 -0.0070 -0.0070 -0.0210 0.8570
5.0875 0.0000 0.0010 -0.0020 0.0000 0.0000 -0.3510 -0.0070 0.0070 -0.0070 -0.0070 -0.0210 0.8570
5.0884 0.0000 0.0010 -0.0020 0.0000 0.0000 -0.3510 -0.0070 0.0070 -0.0070 -0.0070 -0.0210 0.8570
5.0895 0.0000 0.0010 -0.0020 0.0000 0.0000 -0.3510 -0.0070 0.0070 -0.0070 -0.0070 -0.0210 0.8570
5.0927 0.0000 0.0010 -0.0020 0.0000 0.0000 -0.3510 -0.0070 0.0070 -0.0070 -0.0070 -0.0210 0.8570
5.0936 0.0000 0.0010 -0.0020 0.0000 0.0000 -0.3510 -0.0070 0.0070 -0.0070 -0.0070 -0.0210 0.8570
5.0958 0.0000 0.0010 -0.0020 0.0000 0.0000 -0.3510 -0.0070 0.0070 -0.0070 -0.0070 -0.0210 0.8570
5.0968 0.0000 0.0010 -0.0020 0.0000 0.0000 -0.3480 -0.0070 0.0070 -0.0210 0.0070 -0.0210 0.9450
5.0978 0.0000 0.0010 -0.0020 0.0000 0.0000 -0.3480 -0.0070 0.0070 -0.0210 0.0070 -0.0210 0.9450
5.0984 0.0000 0.0010 -0.0020 0.0000 0.0000 -0.3470 -0.0070 0.0070 -0.0070 0.0070 -0.0070 0.8860
5.0995 0.0000 0.0010 -0.0020 0.0000 0.0000 -0.3470 -0.0070 0.0070 -0.0070 0.0070 -0.0070 0.8860
5.1003 0.0000 0.0010 -0.0020 0.0000 0.0000 -0.3470 -0.0070 0.0070 -0.0070 0.0070 -0.0070 0.8860
5.1012 0.0000 0.0010 -0.0020 0.0000 0.0000 -0.3470 -0.0070 0.0070 -0.0070 0.0070 -0.0070 0.8860
5.1022 0.0000 0.0010 -0.0020 0.0000 0.0000 -0.3470 -0.0070 0.0070 -0.0070 0.0070 -0.0070 0.8860
5.1032 0.0000 0.0010 -0.0020 0.0000 0.0000 -0.3470 -0.0070 0.0070 -0.0070 0.0070 -0.0070 0.8860
5.1042 0.0000 0.0010 -0.0020 0.0000 0.0000 -0.3470 -0.0070 0.0070 -0.0070 0.0070 -0.0070 0.8860
5.1052 0.0000 0.0010 -0.0020 0.0000 0.0000 -0.3470 -0.0070 0.0070 -0.0070 0.0070 -0.0070 0.8860
5.1062 0.0000 0.0010 -0.0020 0.0000 0.0000 -0.3470 -0.0070 0.0070 -0.0070 0.0070 -0.0070 0.8860
5.1072 0.0000 0.0010 -0.0020 0.0000 0.0000 -0.3470 -0.0070 0.0070 -0.0070 0.0070 -0.0070 0.8860
5.1112 0.0000 0.0010 -0.0020 0.0000 0.0000 -0.3460 -0.0070 0.0070 -0.0210 -0.0210 -0.0070 0.8570
5.1140 0.0000 0.0010 -0.0020 0.0000 0.0000 -0.3430 -0.0070 -0.0070 -0.0070 0.0070 -0.0210 0.9150
5.1145 0.0000 0.0010 -0.0020 0.0000 0.0000 -0.3430 -0.0070 -0.0070 -0.0070 0.0070 -0.0210 0.9150
5.1154 0.0000 0.0010 -0.0020 0.0000 0.0000 -0.3430 -0.0070 0.0070 -0.0070 -0.0070 -0.0070 0.9150
5.1164 0.0000 0.0010 -0.0020 0.0000 0.0000 -0.3430 -0.0070 0.0070 -0.0070 -0.0070 -0.0070 0.9150
5.1175 0.0000 0.0010 -0.0020 0.0000 0.0000 -0.3430 -0.0070 0.0070 -0.0070 -0.0070 -0.0070 0.9150
5.1184 0.0000 0.0010 -0.0020 0.0000 0.0000 -0.3430 -0.0070 0.0070 -0.0070 -0.0070 -0.0070 0.9150
5.1216 0.0000 0.0010 -0.0020 0.0000 0.0000 -0.3430 -0.0070 0.0070 -0.0070 -0.0070 -0.0070 0.9150
5.1223 0.0000 0.0010 -0.0020 0.0000 0.0000 -0.3430 -0.0070 0.0070 -0.0070 -0.0070 -0.0070 0.9150
5.1231 0.0000 0.0010 -0.0020 0.0000 0.0000 -0.3430 -0.0070 0.0070 -0.0070 -0.0070 -0.0070 0.9150
5.1241 0.0000 0.0010 -0.0020 0.0000 0.0000 -0.3430 -0.0070 0.0070 -0.0070 -0.0070 -0.0070 0.9150
5.1251 0.0000 0.0010 -0.0020 0.0000 0.0000 -0.3430 -0.0070 0.0070 -0.0070 -0.0070 -0.0070 0.9150
5.1261 0.0000 0.0010 -0.0020 0.0000 0.0000 -0.3430 -0.0070 0.0070 -0.0070 -0.0070 -0.0070 0.9150
5.1270 0.0000 0.0010 -0.0020 0.0000 0.0000 -0.3430 -0.0070 0.0070 -0.0070 -0.0070 -0.0070 0.9150
5.1280 0.0000 0.0010 -0.0020 0.0000 0.0000 -0.3430 -0.0070 0.0070 -0.0070 -0.0070 -0.0070 0.9150
5.1291 0.0000 0.0010 -0.0020 0.0000 0.0000 -0.3430 -0.0070 0.0070 -0.0070 -0.0070 -0.0070 0.9150
5.1300 0.0000 0.0010 -0.0020 0.0000 0.0000 -0.3430 -0.0070 0.0070 -0.0070 -0.0070 -0.0070 0.9150
5.1310 0.0000 0.0010 -0.0020 0.0000 0.0000 -0.3430 -0.0070 0.0070 -0.0070 -0.0070 -0.0070 0.9150
5.1320 0.0000 0.0010 -0.0020 0.0000 0.0000 -0.3430 -0.0070 0.0070 -0.0070 -0.0070 -0.0070 0.9150
5.1340 0.0000 0.0010 -0.0020 0.0000 0.0000 -0.3430 -0.0070 0.0070 -0.0070 -0.0070 -0.0070 0.9150
5.1344 0.0000 0.0010 -0.0020 0.0000 0.0000 -0.3430 -0.0070 0.0070 -0.0070 -0.0070 -0.0070 0.9150
5.1385 0.0000 0.0010 -0.0020 0.0000 0.0000 -0.3430 -0.0070 0.0070 -0.0070 -0.0070 -0.0070 0.9150
5.1390 0.0000 0.0010 -0.0020 0.0000 0.0000 -0.3370 -0.0070 0.0070 0.0070 -0.0210 -0.0210 0.9010
5.1399 0.0000 0.0010 -0.0020 0.0000 0.0000 -0.3370 -0.0070 0.0070 0.0070 -0.0210 -0.0210 0.9010
5.1410 0.0000 0.0010 -0.0020 0.0000 0.0000 -0.3350 -0.0070 0.0070 -0.0210 -0.0070 -0.0210 0.9300
5.1456 0.0000 0.0010 -0.0020 0.0000 0.0000 -0.3350 -0.0070 0.0070 -0.0210 -0.0070 -0.0210 0.9300
5.1462 0.0000 0.0010 -0.0020 0.0000 0.0000 -0.3350 -0.0070 0.0070 -0.0210 -0.0070 -0.0210 0.9300
5.1472 0.0000 0.0010 -0.0020 0.0000 0.0000 -0.3350 -0.0070 0.0070 -0.0210 -0.0070 -0.0210 0.9300
5.1482 0.0000 0.0010 -0.0020 0.0000 0.0000 -0.3350 -0.0070 0.0070 -0.0210 -0.0070 -0.0210 0.9300
5.1492 0.0000 0.0010 -0.0020 0.0000 0.0000 -0.3350 -0.0070 0.0070 -0.0210 -0.0070 -0.0210 0.9300
5.1503 0.0000 0.0010 -0.0020 0.0000 0.0000 -0.3350 -0.0070 0.0070 -0.0210 -0.0070 -0.0210 0.9300
5.1535 0.0000 0.0010 -0.0020 0.0000 0.0000 -0.3350 -0.0070 0.0070 -0.0210 -0.0070 -0.0210 0.9300
5.1539 0.0000 0.0010 -0.0020 0.0000 0.0000 -0.3350 -0.0070 0.0070 -0.0210 -0.0070 -0.0210 0.9300
5.1547 0.0000 0.0010 -0.0020 0.0000 0.0000 -0.3290 -0.0070 0.0210 -0.0210 -0.0070 -0.0210 0.9300
5.1557 0.0000 0.0010 -0.0020 0.0000 0.0000 -0.3290 -0.0070 0.0210 -0.0210 -0.0070 -0.0210 0.9300
5.1568 0.0000 0.0010 -0.0020 0.0000 0.0000 -0.3290 -0.0070 0.0210 -0.0210 -0.0070 -0.0210 0.9300
5.1577 0.0000 0.0010 -0.0020 0.0000 0.0000 -0.3290 -0.0070 0.0210 -0.0210 -0.0070 -0.0210 0.9300
5.1588 0.0000 0.0010 -0.0020 0.0000 0.0000 -0.3290 -0.0070 0.0210 -0.0210 -0.0070 -0.0210 0.9300
5.1598 0.0000 0.0010 -0.0020 0.0000 0.0000 -0.3290 -0.0070 0.0210 -0.0210 -0.0070 -0.0210 0.9300
5.1607 0.0000 0.0010 -0.0020 0.0000 0.0000 -0.3290 -0.0070 0.0210 -0.0210 -0.0070 -0.0210 0.9300
5.1617 0.0000 0.0010 -0.0020 0.0000 0.0000 -0.3290 -0.0070 0.0210 -0.0210 -0.0070 -0.0210 0.9300
5.1627 0.0000 0.0010 -0.0020 0.0000 0.0000 -0.3290 -0.0070 0.0210 -0.0210 -0.0070 -0.0210 0.9300
5.1638 0.0000 0.0010 -0.0020 0.0000 0.0000 -0.3290 -0.0070 0.0210 -0.0210 -0.0070 -0.0210 0.9300
5.1647 0.0000 0.0010 -0.0020 0.0000 0.0000 -0.3290 -0.0070 0.0210 -0.0210 -0.0070 -0.0210 0.9300
5.1658 0.0000 0.0010 -0.0020 0.0000 0.0000 -0.3290 -0.0070 0.0210 -0.0210 -0.0070 -0.0210 0.9300
5.1685 0.0000 0.0010 -0.0020 0.0000 0.0000 -0.3290 -0.0070 0.0210 -0.0210 -0.0070 -0.0210 0.9300
5.1686 0.0000 0.0010 -0.0020 0.0000 0.0000 -0.3260 -0.0070 0.0070 -0.0070 -0.0210 0.0070 0.8570
5.1688 0.0000 0.0010 -0.0020 0.0000 0.0000 -0.3230 -0.0070 0.0070 -0.0070 -0.0070 -0.0210 0.9300
5.1697 0.0000 0.0010 -0.0020 0.0000 0.0000 -0.3230 -0.0070 0.0070 -0.0070 -0.0070 -0.0210 0.9300
5.1707 0.0000 0.0010 -0.0020 0.0000 0.0000 -0.3230 -0.0070 0.0070 -0.0070 -0.0070 -0.0210 0.9300
5.1717 0.0000 0.0010 -0.0020 0.0000 0.0000 -0.3230 -0.0070 0.0070 -0.0070 -0.0070 -0.0210 0.9300
5.1728 0.0000 0.0010 -0.0020 0.0000 0.0000 -0.3230 -0.0070 0.0070 -0.0070 -0.0070 -0.0210 0.9300
5.1737 0.0000 0.0010 -0.0020 0.0000 0.0000 -0.3230 -0.0070 0.0070 -0.0070 -0.0070 -0.0210 0.9300
5.1747 0.0000 0.0010 -0.0020 0.0000 0.0000 -0.3230 -0.0070 0.0070 -0.0070 -0.0070 -0.0210 0.9300
5.1758 0.0000 0.0010 -0.0020 0.0000 0.0000 -0.3230 -0.0070 0.0070 -0.0070 -0.0070 -0.0210 0.9300
5.1767 0.0000 0.0010 -0.0020 0.0000 0.0000 -0.3230 -0.0070 0.0070 -0.0070 -0.0070 -0.0210 0.9300
5.1777 0.0000 0.0010 -0.0020 0.0000 0.0000 -0.3230 -0.0070 0.0070 -0.0070 -0.0070 -0.0210 0.9300
5.1788 0.0000 0.0010 -0.0020 0.0000 0.0000 -0.3230 -0.0070 0.0070 -0.0070 -0.0070 -0.0210 0.9300
5.1799 0.0000 0.0010 -0.0020 0.0000 0.0000 -0.3230 -0.0070 0.0070 -0.0070 -0.0070 -0.0210 0.9300
5.1808 0.0000 0.0010 -0.0020 0.0000 0.0000 -0.3200 -0.0070 0.0070 -0.0210 -0.0070 -0.0360 0.8570
5.1817 0.0000 0.0010 -0.0020 0.0000 0.0000 -0.3200 -0.0070 0.0070 -0.0210 -0.0070 -0.0360 0.8570
5.1827 0.0000 0.0010 -0.0020 0.0000 0.0000 -0.3200 -0.0070 0.0070 -0.0210 -0.0070 -0.0360 0.8570
5.1837 0.0000 0.0010 -0.0020 0.0000 0.0000 -0.3200 -0.0070 0.0070 -0.0210 -0.0070 -0.0360 0.8570
5.1848 0.0000 0.0010 -0.0020 0.0000 0.0000 -0.3200 -0.0070 0.0070 -0.0210 -0.0070 -0.0360 0.8570
5.1858 0.0000 0.0010 -0.0020 0.0000 0.0000 -0.3200 -0.0070 0.0070 -0.0210 -0.0070 -0.0360 0.8570
5.1868 0.0000 0.0010 -0.0020 0.0000 0.0000 -0.3200 -0.0070 0.0070 -0.0210 -0.0070 -0.0360 0.8570
5.1878 0.0000 0.0010 -0.0020 0.0000 0.0000 -0.3200 -0.0070 0.0070 -0.0210 -0.0070 -0.0360 0.8570
5.1887 0.0000 0.0010 -0.0020 0.0000 0.0000 -0.3200 -0.0070 0.0070 -0.0210 -0.0070 -0.0360 0.8570
5.1898 0.0000 0.0010 -0.0020 0.0000 0.0000 -0.3200 -0.0070 0.0070 -0.0210 -0.0070 -0.0360 0.8570
5.1907 0.0000 0.0010 -0.0020 0.0000 0.0000 -0.3200 -0.0070 0.0070 -0.0210 -0.0070 -0.0360 0.8570
5.1928 0.0000 0.0010 -0.0020 0.0000 0.0000 -0.3200 -0.0070 0.0070 -0.0210 -0.0070 -0.0360 0.8570
5.1937 0.0000 0.0010 -0.0020 0.0000 0.0000 -0.3190 -0.0070 0.0070 -0.0210 -0.0070 -0.0070 0.8570
5.1939 0.0000 0.0010 -0.0020 0.0000 0.0000 -0.3190 -0.0070 0.0070 -0.0210 -0.0070 -0.0070 0.8570
5.1947 0.0000 0.0010 -0.0020 0.0000 0.0000 -0.3160 -0.0070 0.0070 -0.0210 0.0070 -0.0210 0.9590
5.1957 0.0000 0.0010 -0.0020 0.0000 0.0000 -0.3160 -0.0070 0.0070 -0.0210 0.0070 -0.0210 0.9590
5.1967 0.0000 0.0010 -0.0020 0.0000 0.0000 -0.3160 -0.0070 0.0070 -0.0210 0.0070 -0.0210 0.9590
5.1978 0.0000 0.0010 -0.0020 0.0000 0.0000 -0.3160 -0.0070 0.0070 -0.0210 0.0070 -0.0210 0.9590
5.1988 0.0000 0.0010 -0.0020 0.0000 0.0000 -0.3160 -0.0070 0.0070 -0.0210 0.0070 -0.0210 0.9590
5.1998 0.0000 0.0010 -0.0020 0.0000 0.0000 -0.3160 -0.0070 0.0070 -0.0210 0.0070 -0.0210 0.9590
5.2008 0.0000 0.0010 -0.0020 0.0000 0.0000 -0.3160 -0.0070 0.0070 -0.0210 0.0070 -0.0210 0.9590
5.2018 0.0000 0.0010 -0.0020 0.0000 0.0000 -0.3160 -0.0070 0.0070 -0.0210 0.0070 -0.0210 0.9590
5.2028 0.0000 0.0010 -0.0020 0.0000 0.0000 -0.3160 -0.0070 0.0070 -0.0210 0.0070 -0.0210 0.9590
5.2038 0.0000 0.0010 -0.0020 0.0000 0.0000 -0.3160 -0.0070 0.0070 -0.0210 0.0070 -0.0210 0.9590
5.2047 0.0000 0.0010 -0.0020 0.0000 0.0000 -0.3140 -0.0070 -0.0070 -0.0070 0.0070 -0.0070 0.8710
5.2057 0.0000 0.0010 -0.0020 0.0000 0.0000 -0.3130 -0.0070 0.0070 -0.0210 -0.0070 -0.0070 0.8570
5.2067 0.0000 0.0010 -0.0020 0.0000 0.0000 -0.3130 -0.0070 0.0070 -0.0210 -0.0070 -0.0070 0.8570
5.2077 0.0000 0.0010 -0.0020 0.0000 0.0000 -0.3130 -0.0070 0.0070 -0.0210 -0.0070 -0.0070 0.8570
5.2088 0.0000 0.0010 -0.0020 0.0000 0.0000 -0.3130 -0.0070 0.0070 -0.0210 -0.0070 -0.0070 0.8570
5.2098 0.0000 0.0010 -0.0020 0.0000 0.0000 -0.3130 -0.0070 0.0070 -0.0210 -0.0070 -0.0070 0.8570
5.2107 0.0000 0.0010 -0.0020 0.0000 0.0000 -0.3130 -0.0070 0.0070 -0.0210 -0.0070 -0.0070 0.8570
5.2135 0.0000 0.0010 -0.0020 0.0000 0.0000 -0.3130 -0.0070 0.0070 -0.0210 -0.0070 -0.0070 0.8570
5.2144 0.0000 0.0010 -0.0020 0.0000 0.0000 -0.3130 -0.0070 0.0070 -0.0210 -0.0070 -0.0070 0.8570
5.2154 0.0000 0.0010 -0.0020 0.0000 0.0000 -0.3130 -0.0070 0.0070 -0.0210 -0.0070 -0.0070 0.8570
5.2178 0.0000 0.0010 -0.0020 0.0000 0.0000 -0.3130 0.0070 0.0070 -0.0210 -0.0070 -0.0070 0.8570
5.2180 0.0000 0.0020 -0.0020 0.0000 0.0000 -0.3090 -0.0070 0.0070 -0.0070 -0.0070 -0.0360 0.9300
5.2184 0.0000 0.0020 -0.0020 0.0000 0.0000 -0.3090 -0.0070 0.0070 -0.0070 -0.0070 -0.0360 0.9300
5.2194 0.0000 0.0020 -0.0020 0.0000 0.0000 -0.3090 -0.0070 0.0070 -0.0070 -0.0070 -0.0360 0.9300
5.2205 0.0000 0.0020 -0.0020 0.0000 0.0000 -0.3090 -0.0070 0.0070 -0.0070 -0.0070 -0.0360 0.9300
5.2214 0.0000 0.0020 -0.0020 0.0000 0.0000 -0.3090 -0.0070 0.0070 -0.0070 -0.0070 -0.0360 0.9300
5.2225 0.0000 0.0020 -0.0020 0.0000 0.0000 -0.3090 -0.0070 0.0070 -0.0070 -0.0070 -0.0360 0.9300
5.2235 0.0000 0.0020 -0.0020 0.0000 0.0000 -0.3090 -0.0070 0.0070 -0.0070 -0.0070 -0.0360 0.9300
5.2245 0.0000 0.0020 -0.0020 0.0000 0.0000 -0.3090 -0.0070 0.0070 -0.0070 -0.0070 -0.0360 0.9300
5.2255 0.0000 0.0020 -0.0020 0.0000 0.0000 -0.3090 -0.0070 0.0070 -0.0070 -0.0070 -0.0360 0.9300
5.2264 0.0000 0.0020 -0.0020 0.0000 0.0000 -0.3090 -0.0070 0.0070 -0.0070 -0.0070 -0.0360 0.9300
5.2274 0.0000 0.0020 -0.0020 0.0000 0.0000 -0.3090 -0.0070 0.0070 -0.0070 -0.0070 -0.0360 0.9300
5.2294 0.0000 0.0020 -0.0020 0.0000 0.0000 -0.3080 -0.0070 0.0070 0.0070 -0.0070 -0.0070 0.9010
5.2297 0.0000 0.0020 -0.0020 0.0000 0.0000 -0.3050 -0.0070 0.0070 -0.0070 -0.0070 -0.0070 0.8860
5.2304 0.0000 0.0020 -0.0020 0.0000 0.0000 -0.3050 -0.0070 0.0070 -0.0070 -0.0070 -0.0070 0.8860
5.2314 0.0000 0.0020 -0.0020 0.0000 0.0000 -0.3050 -0.0070 0.0070 -0.0070 -0.0070 -0.0070 0.8860
5.2324 0.0000 0.0020 -0.0020 0.0000 0.0000 -0.3050 -0.0070 0.0070 -0.0070 -0.0070 -0.0070 0.8860
5.2335 0.0000 0.0020 -0.0020 0.0000 0.0000 -0.3050 -0.0070 0.0070 -0.0070 -0.0070 -0.0070 0.8860
5.2345 0.0000 0.0020 -0.0020 0.0000 0.0000 -0.3050 -0.0070 0.0070 -0.0070 -0.0070 -0.0070 0.8860
5.2355 0.0000 0.0020 -0.0020 0.0000 0.0000 -0.3050 -0.0070 0.0070 -0.0070 -0.0070 -0.0070 0.8860
5.2364 0.0000 0.0020 -0.0020 0.0000 0.0000 -0.3050 -0.0070 0.0070 -0.0070 -0.0070 -0.0070 0.8860
5.2375 0.0000 0.0020 -0.0020 0.0000 0.0000 -0.3050 -0.0070 0.0070 -0.0070 -0.0070 -0.0070 0.8860
5.2384 0.0000 0.0020 -0.0020 0.0000 0.0000 -0.3050 -0.0070 0.0070 -0.0070 -0.0070 -0.0070 0.8860
5.2395 0.0000 0.0020 -0.0020 0.0000 0.0000 -0.3050 -0.0070 0.0070 -0.0070 -0.0070 -0.0070 0.8860
5.2405 0.0000 0.0020 -0.0020 0.0000 0.0000 -0.3050 -0.0070 0.0070 -0.0070 -0.0070 -0.0070 0.8860
5.2414 0.0000 0.0020 -0.0020 0.0000 0.0000 -0.3020 -0.0070 0.0070 -0.0070 0.0070 -0.0070 0.9300
5.2424 0.0000 0.0020 -0.0020 0.0000 0.0000 -0.3020 -0.0070 0.0070 -0.0070 0.0070 -0.0070 0.9300
5.2434 0.0000 0.0020 -0.0020 0.0000 0.0000 -0.3020 -0.0070 0.0070 -0.0070 0.0070 -0.0070 0.9300
5.2445 0.0000 0.0020 -0.0020 0.0000 0.0000 -0.3020 -0.0070 0.0070 -0.0070 0.0070 -0.0070 0.9300
5.2454 0.0000 0.0020 -0.0020 0.0000 0.0000 -0.3020 -0.0070 0.0070 -0.0070 0.0070 -0.0070 0.9300
5.2464 0.0000 0.0020 -0.0020 0.0000 0.0000 -0.3020 -0.0070 0.0070 -0.0070 0.0070 -0.0070 0.9300
5.2474 0.0000 0.0020 -0.0020 0.0000 0.0000 -0.3020 -0.0070 0.0070 -0.0070 0.0070 -0.0070 0.9300
5.2484 0.0000 0.0020 -0.0020 0.0000 0.0000 -0.3020 -0.0070 0.0070 -0.0070 0.0070 -0.0070 0.9300
5.2494 0.0000 0.0020 -0.0020 0.0000 0.0000 -0.3020 -0.0070 0.0070 -0.0070 0.0070 -0.0070 0.9300
5.2504 0.0000 0.0020 -0.0020 0.0000 0.0000 -0.3020 -0.0070 0.0070 -0.0070 0.0070 -0.0070 0.9300
5.2515 0.0000 0.0020 -0.0020 0.0000 0.0000 -0.3020 -0.0070 0.0070 -0.0070 0.0070 -0.0070 0.9300
5.2524 0.0000 0.0020 -0.0020 0.0000 0.0000 -0.3010 -0.0070 0.0070 -0.0070 -0.0070 -0.0070 0.8570
5.2535 0.0000 0.0020 -0.0020 0.0000 0.0000 -0.2980 -0.0070 0.0070 -0.0210 -0.0210 0.0070 0.9010
5.2544 0.0000 0.0020 -0.0020 0.0000 0.0000 -0.2980 -0.0070 0.0070 -0.0210 -0.0210 0.0070 0.9010
5.2554 0.0000 0.0020 -0.0020 0.0000 0.0000 -0.2980 -0.0070 0.0070 -0.0210 -0.0210 0.0070 0.9010
5.2564 0.0000 0.0020 -0.0020 0.0000 0.0000 -0.2980 -0.0070 0.0070 -0.0210 -0.0210 0.0070 0.9010
5.2576 0.0000 0.0020 -0.0020 0.0000 0.0000 -0.2980 -0.0070 0.0070 -0.0210 -0.0210 0.0070 0.9010
5.2584 0.0000 0.0020 -0.0020 0.0000 0.0000 -0.2980 -0.0070 0.0070 -0.0210 -0.0210 0.0070 0.9010
5.2594 0.0000 0.0020 -0.0020 0.0000 0.0000 -0.2980 -0.0070 0.0070 -0.0210 -0.0210 0.0070 0.9010
5.2605 0.0000 0.0020 -0.0020 0.0000 0.0000 -0.2980 -0.0070 0.0070 -0.0210 -0.0210 0.0070 0.9010
5.2615 0.0000 0.0020 -0.0020 0.0000 0.0000 -0.2980 -0.0070 0.0070 -0.0210 -0.0210 0.0070 0.9010
5.2624 0.0000 0.0020 -0.0020 0.0000 0.0000 -0.2980 -0.0070 0.0070 -0.0210 -0.0210 0.0070 0.9010
5.2634 0.0000 0.0020 -0.0020 0.0000 0.0000 -0.2980 -0.0070 0.0070 -0.0210 -0.0210 0.0070 0.9010
5.2646 0.0000 0.0020 -0.0020 0.0000 0.0000 -0.2980 -0.0070 0.0070 -0.0210 -0.0210 0.0070 0.9010
5.2655 0.0000 0.0020 -0.0020 0.0000 0.0000 -0.2960 -0.0070 0.0070 -0.0070 -0.0070 0.0070 0.9300
5.2664 0.0000 0.0020 -0.0020 0.0000 0.0000 -0.2950 -0.0070 0.0070 -0.0070 0.0070 -0.0070 0.9010
5.2674 0.0000 0.0020 -0.0020 0.0000 0.0000 -0.2950 -0.0070 0.0070 -0.0070 0.0070 -0.0070 0.9010
5.2684 0.0000 0.0020 -0.0020 0.0000 0.0000 -0.2950 -0.0070 0.0070 -0.0070 0.0070 -0.0070 0.9010
5.2694 0.0000 0.0020 -0.0020 0.0000 0.0000 -0.2950 -0.0070 0.0070 -0.0070 0.0070 -0.0070 0.9010
5.2705 0.0000 0.0020 -0.0020 0.0000 0.0000 -0.2950 -0.0070 0.0070 -0.0070 0.0070 -0.0070 0.9010
5.2715 0.0000 0.0020 -0.0020 0.0000 0.0000 -0.2950 -0.0070 0.0070 -0.0070 0.0070 -0.0070 0.9010
5.2725 0.0000 0.0020 -0.0020 0.0000 0.0000 -0.2950 -0.0070 0.0070 -0.0070 0.0070 -0.0070 0.9010
5.2734 0.0000 0.0020 -0.0020 0.0000 0.0000 -0.2950 -0.0070 0.0070 -0.0070 0.0070 -0.0070 0.9010
5.2745 0.0000 0.0020 -0.0020 0.0000 0.0000 -0.2950 -0.0070 0.0070 -0.0070 0.0070 -0.0070 0.9010
5.2755 0.0000 0.0020 -0.0020 0.0000 0.0000 -0.2950 -0.0070 0.0070 -0.0070 0.0070 -0.0070 0.9010
5.2765 0.0000 0.0020 -0.0020 0.0000 0.0000 -0.2950 -0.0070 0.0070 -0.0070 0.0070 -0.0070 0.9010
5.2786 0.0000 0.0020 -0.0020 0.0000 0.0000 -0.2920 -0.0070 0.0070 -0.0210 0.0070 -0.0070 0.8860
5.2814 0.0000 0.0020 -0.0020 0.0000 0.0000 -0.2920 -0.0070 0.0070 -0.0210 0.0070 -0.0070 0.8860
5.2826 0.0000 0.0020 -0.0020 0.0000 0.0000 -0.2920 -0.0070 0.0070 -0.0210 0.0070 -0.0070 0.8860
5.2828 0.0000 0.0020 -0.0020 0.0000 0.0000 -0.2920 -0.0070 0.0070 -0.0210 0.0070 -0.0070 0.8860
5.2836 0.0000 0.0020 -0.0020 0.0000 0.0000 -0.2920 -0.0070 0.0070 -0.0210 0.0070 -0.0070 0.8860
5.2846 0.0000 0.0020 -0.0020 0.0000 0.0000 -0.2920 -0.0070 0.0070 -0.0210 0.0070 -0.0070 0.8860
5.2856 0.0000 0.0020 -0.0020 0.0000 0.0000 -0.2920 -0.0070 0.0070 -0.0210 0.0070 -0.0070 0.8860
5.2867 0.0000 0.0020 -0.0020 0.0000 0.0000 -0.2920 -0.0070 0.0070 -0.0210 0.0070 -0.0070 0.8860
5.2876 0.0000 0.0020 -0.0020 0.0000 0.0000 -0.2920 -0.0070 0.0070 -0.0210 0.0070 -0.0070 0.8860
5.2887 0.0000 0.0020 -0.0020 0.0000 0.0000 -0.2900 0.0070 0.0070 -0.0070 -0.0070 -0.0070 0.9300
5.2897 0.0000 0.0020 -0.0020 0.0000 0.0000 -0.2870 0.0070 0.0070 -0.0210 -0.0070 0.0070 0.8570
5.2912 0.0000 0.0020 -0.0020 0.0000 0.0000 -0.2870 0.0070 0.0070 -0.0210 -0.0070 0.0070 0.8570
5.2916 0.0000 0.0020 -0.0020 0.0000 0.0000 -0.2870 0.0070 0.0070 -0.0210 -0.0070 0.0070 0.8570
5.2926 0.0000 0.0020 -0.0020 0.0000 0.0000 -0.2870 0.0070 0.0070 -0.0210 -0.0070 0.0070 0.8570
5.2936 0.0000 0.0020 -0.0020 0.0000 0.0000 -0.2870 0.0070 0.0070 -0.0210 -0.0070 0.0070 0.8570
5.2947 0.0000 0.0020 -0.0020 0.0000 0.0000 -0.2870 0.0070 0.0070 -0.0210 -0.0070 0.0070 0.8570
5.2957 0.0000 0.0020 -0.0020 0.0000 0.0000 -0.2870 0.0070 0.0070 -0.0210 -0.0070 0.0070 0.8570
5.2967 0.0000 0.0020 -0.0020 0.0000 0.0000 -0.2870 0.0070 0.0070 -0.0210 -0.0070 0.0070 0.8570
5.2977 0.0000 0.0020 -0.0020 0.0000 0.0000 -0.2870 0.0070 0.0070 -0.0210 -0.0070 0.0070 0.8570
5.2987 0.0000 0.0020 -0.0020 0.0000 0.0000 -0.2870 0.0070 0.0070 -0.0210 -0.0070 0.0070 0.8570
5.2996 0.0000 0.0020 -0.0020 0.0000 0.0000 -0.2870 0.0070 0.0070 -0.0210 -0.0070 0.0070 0.8570
5.3006 0.0000 0.0020 -0.0020 0.0000 0.0000 -0.2870 0.0070 0.0070 -0.0210 -0.0070 0.0070 0.8570
5.3018 0.0000 0.0020 -0.0020 0.0000 0.0000 -0.2850 -0.0070 -0.0070 -0.0210 -0.0210 -0.0070 0.8570
5.3026 0.0000 0.0020 -0.0020 0.0000 0.0000 -0.2840 -0.0070 -0.0070 -0.0070 0.0070 -0.0070 0.9300
5.3036 0.0000 0.0020 -0.0020 0.0000 0.0000 -0.2840 -0.0070 -0.0070 -0.0070 0.0070 -0.0070 0.9300
5.3047 0.0000 0.0020 -0.0020 0.0000 0.0000 -0.2840 -0.0070 -0.0070 -0.0070 0.0070 -0.0070 0.9300
5.3056 0.0000 0.0020 -0.0020 0.0000 0.0000 -0.2840 -0.0070 -0.0070 -0.0070 0.0070 -0.0070 0.9300
5.3067 0.0000 0.0020 -0.0020 0.0000 0.0000 -0.2840 -0.0070 -0.0070 -0.0070 0.0070 -0.0070 0.9300
5.3077 0.0000 0.0020 -0.0020 0.0000 0.0000 -0.2840 -0.0070 -0.0070 -0.0070 0.0070 -0.0070 0.9300
5.3087 0.0000 0.0020 -0.0020 0.0000 0.0000 -0.2840 -0.0070 -0.0070 -0.0070 0.0070 -0.0070 0.9300
5.3097 0.0000 0.0020 -0.0020 0.0000 0.0000 -0.2840 -0.0070 -0.0070 -0.0070 0.0070 -0.0070 0.9300
5.3107 0.0000 0.0020 -0.0020 0.0000 0.0000 -0.2840 -0.0070 -0.0070 -0.0070 0.0070 -0.0070 0.9300
5.3117 0.0000 0.0020 -0.0020 0.0000 0.0000 -0.2840 -0.0070 -0.0070 -0.0070 0.0070 -0.0070 0.9300
5.3126 0.0000 0.0020 -0.0020 0.0000 0.0000 -0.2840 -0.0070 -0.0070 -0.0070 0.0070 -0.0070 0.9300
5.3136 0.0000 0.0020 -0.0020 0.0000 0.0000 -0.2800 -0.0070 -0.0070 -0.0210 0.0070 -0.0210 0.8570
5.3146 0.0000 0.0020 -0.0020 0.0000 0.0000 -0.2800 -0.0070 -0.0070 -0.0210 0.0070 -0.0210 0.8570
5.3156 0.0000 0.0020 -0.0020 0.0000 0.0000 -0.2800 -0.0070 -0.0070 -0.0210 0.0070 -0.0210 0.8570
5.3166 0.0000 0.0020 -0.0020 0.0000 0.0000 -0.2800 -0.0070 -0.0070 -0.0210 0.0070 -0.0210 0.8570
5.3176 0.0000 0.0020 -0.0020 0.0000 0.0000 -0.2800 -0.0070 -0.0070 -0.0210 0.0070 -0.0210 0.8570
5.3186 0.0000 0.0020 -0.0020 0.0000 0.0000 -0.2800 -0.0070 -0.0070 -0.0210 0.0070 -0.0210 0.8570
5.3197 0.0000 0.0020 -0.0020 0.0000 0.0000 -0.2800 -0.0070 -0.0070 -0.0210 0.0070 -0.0210 0.8570
5.3206 0.0000 0.0020 -0.0020 0.0000 0.0000 -0.2800 -0.0070 -0.0070 -0.0210 0.0070 -0.0210 0.8570
5.3216 0.0000 0.0020 -0.0020 0.0000 0.0000 -0.2800 -0.0070 -0.0070 -0.0210 0.0070 -0.0210 0.8570
5.3226 0.0000 0.0020 -0.0020 0.0000 0.0000 -0.2800 -0.0070 -0.0070 -0.0210 0.0070 -0.0210 0.8570
5.3236 0.0000 0.0020 -0.0020 0.0000 0.0000 -0.2800 -0.0070 -0.0070 -0.0210 0.0070 -0.0210 0.8570
5.3255 0.0000 0.0020 -0.0020 0.0000 0.0000 -0.2800 -0.0070 -0.0070 -0.0210 0.0070 -0.0210 0.8570
5.3264 0.0000 0.0020 -0.0020 0.0000 0.0000 -0.2760 -0.0210 -0.0070 -0.0210 -0.0070 -0.0070 0.9300
5.3266 0.0000 0.0020 -0.0020 0.0000 0.0000 -0.2760 -0.0210 -0.0070 -0.0210 -0.0070 -0.0070 0.9300
5.3276 0.0000 0.0020 -0.0020 0.0000 0.0000 -0.2760 -0.0210 -0.0070 -0.0210 -0.0070 -0.0070 0.9300
5.3286 0.0000 0.0020 -0.0020 0.0000 0.0000 -0.2760 -0.0210 -0.0070 -0.0210 -0.0070 -0.0070 0.9300
5.3296 0.0000 0.0020 -0.0020 0.0000 0.0000 -0.2760 -0.0210 -0.0070 -0.0210 -0.0070 -0.0070 0.9300
5.3306 0.0000 0.0020 -0.0020 0.0000 0.0000 -0.2760 -0.0210 -0.0070 -0.0210 -0.0070 -0.0070 0.9300
5.3317 0.0000 0.0020 -0.0020 0.0000 0.0000 -0.2760 -0.0210 -0.0070 -0.0210 -0.0070 -0.0070 0.9300
5.3327 0.0000 0.0020 -0.0020 0.0000 0.0000 -0.2760 -0.0210 -0.0070 -0.0210 -0.0070 -0.0070 0.9300
5.3336 0.0000 0.0020 -0.0020 0.0000 0.0000 -0.2760 -0.0210 -0.0070 -0.0210 -0.0070 -0.0070 0.9300
5.3346 0.0000 0.0020 -0.0020 0.0000 0.0000 -0.2760 -0.0210 -0.0070 -0.0210 -0.0070 -0.0070 0.9300
5.3356 0.0000 0.0020 -0.0020 0.0000 0.0000 -0.2760 -0.0210 -0.0070 -0.0210 -0.0070 -0.0070 0.9300
5.3366 0.0000 0.0020 -0.0020 0.0000 0.0000 -0.2760 -0.0210 -0.0070 -0.0210 -0.0070 -0.0070 0.9300
5.3377 0.0000 0.0020 -0.0020 0.0010 0.0000 -0.2750 -0.0070 0.0070 -0.0210 0.0070 -0.0070 0.8860
5.3386 0.0000 0.0020 -0.0020 0.0010 0.0000 -0.2720 -0.0070 -0.0070 -0.0210 -0.0070 0.0070 0.9010
5.3396 0.0000 0.0020 -0.0020 0.0010 0.0000 -0.2720 -0.0070 -0.0070 -0.0210 -0.0070 0.0070 0.9010
5.3406 0.0000 0.0020 -0.0020 0.0010 0.0000 -0.2720 -0.0070 -0.0070 -0.0210 -0.0070 0.0070 0.9010
5.3416 0.0000 0.0020 -0.0020 0.0010 0.0000 -0.2720 -0.0070 -0.0070 -0.0210 -0.0070 0.0070 0.9010
5.3426 0.0000 0.0020 -0.0020 0.0010 0.0000 -0.2720 -0.0070 -0.0070 -0.0210 -0.0070 0.0070 0.9010
5.3436 0.0000 0.0020 -0.0020 0.0010 0.0000 -0.2720 -0.0070 -0.0070 -0.0210 -0.0070 0.0070 0.9010
5.3447 0.0000 0.0020 -0.0020 0.0010 0.0000 -0.2720 -0.0070 -0.0070 -0.0210 -0.0070 0.0070 0.9010
5.3456 0.0000 0.0020 -0.0020 0.0010 0.0000 -0.2720 -0.0070 -0.0070 -0.0210 -0.0070 0.0070 0.9010
5.3466 0.0000 0.0020 -0.0020 0.0010 0.0000 -0.2720 -0.0070 -0.0070 -0.0210 -0.0070 0.0070 0.9010
5.3476 0.0000 0.0020 -0.0020 0.0010 0.0000 -0.2720 -0.0070 -0.0070 -0.0210 -0.0070 0.0070 0.9010
5.3486 0.0000 0.0020 -0.0020 0.0010 0.0000 -0.2720 -0.0070 -0.0070 -0.0210 -0.0070 0.0070 0.9010
5.3507 0.0000 0.0020 -0.0020 0.0010 0.0000 -0.2720 -0.0070 -0.0070 -0.0210 -0.0070 0.0070 0.9010
5.3509 0.0000 0.0020 -0.0020 0.0010 0.0000 -0.2710 -0.0070 0.0210 -0.0070 -0.0070 -0.0210 0.9450
5.3516 0.0000 0.0020 -0.0020 0.0010 0.0000 -0.2690 -0.0070 0.0070 -0.0210 0.0070 0.0070 0.9150
5.3526 0.0000 0.0020 -0.0020 0.0010 0.0000 -0.2690 -0.0070 0.0070 -0.0210 0.0070 0.0070 0.9150
5.3537 0.0000 0.0020 -0.0020 0.0010 0.0000 -0.2690 -0.0070 0.0070 -0.0210 0.0070 0.0070 0.9150
5.3547 0.0000 0.0020 -0.0020 0.0010 0.0000 -0.2690 -0.0070 0.0070 -0.0210 0.0070 0.0070 0.9150
5.3557 0.0000 0.0020 -0.0020 0.0010 0.0000 -0.2690 -0.0070 0.0070 -0.0210 0.0070 0.0070 0.9150
5.3567 0.0000 0.0020 -0.0020 0.0010 0.0000 -0.2690 -0.0070 0.0070 -0.0210 0.0070 0.0070 0.9150
5.3576 0.0000 0.0020 -0.0020 0.0010 0.0000 -0.2690 -0.0070 0.0070 -0.0210 0.0070 0.0070 0.9150
5.3586 0.0000 0.0020 -0.0020 0.0010 0.0000 -0.2690 -0.0070 0.0070 -0.0210 0.0070 0.0070 0.9150
5.3597 0.0000 0.0020 -0.0020 0.0010 0.0000 -0.2690 -0.0070 0.0070 -0.0210 0.0070 0.0070 0.9150
5.3606 0.0000 0.0020 -0.0020 0.0010 0.0000 -0.2690 -0.0070 0.0070 -0.0210 0.0070 0.0070 0.9150
5.3622 0.0000 0.0020 -0.0020 0.0010 0.0000 -0.2690 -0.0070 0.0070 -0.0210 0.0070 0.0070 0.9150
5.3626 0.0000 0.0020 -0.0020 0.0010 0.0000 -0.2660 -0.0070 -0.0070 -0.0070 0.0070 -0.0070 0.8570
5.3636 0.0000 0.0020 -0.0020 0.0010 0.0000 -0.2660 -0.0070 -0.0070 -0.0070 0.0070 -0.0070 0.8570
5.3646 0.0000 0.0020 -0.0020 0.0010 0.0000 -0.2660 -0.0070 -0.0070 -0.0070 0.0070 -0.0070 0.8570
5.3656 0.0000 0.0020 -0.0020 0.0010 0.0000 -0.2660 -0.0070 -0.0070 -0.0070 0.0070 -0.0070 0.8570
5.3666 0.0000 0.0020 -0.0020 0.0010 0.0000 -0.2660 -0.0070 -0.0070 -0.0070 0.0070 -0.0070 0.8570
5.3676 0.0000 0.0020 -0.0020 0.0010 0.0000 -0.2660 -0.0070 -0.0070 -0.0070 0.0070 -0.0070 0.8570
5.3686 0.0000 0.0020 -0.0020 0.0010 0.0000 -0.2660 -0.0070 -0.0070 -0.0070 0.0070 -0.0070 0.8570
5.3696 0.0000 0.0020 -0.0020 0.0010 0.0000 -0.2660 -0.0070 -0.0070 -0.0070 0.0070 -0.0070 0.8570
5.3706 0.0000 0.0020 -0.0020 0.0010 0.0000 -0.2660 -0.0070 -0.0070 -0.0070 0.0070 -0.0070 0.8570
5.3716 0.0000 0.0020 -0.0020 0.0010 0.0000 -0.2660 -0.0070 -0.0070 -0.0070 0.0070 -0.0070 0.8570
5.3726 0.0000 0.0020 -0.0020 0.0010 0.0000 -0.2660 -0.0070 -0.0070 -0.0070 0.0070 -0.0070 0.8570
5.3744 0.0000 0.0020 -0.0020 0.0010 0.0000 -0.2630 -0.0070 -0.0070 -0.0070 0.0070 -0.0210 0.9300
5.3747 0.0000 0.0020 -0.0020 0.0010 0.0000 -0.2610 -0.0210 -0.0070 -0.0070 -0.0210 -0.0070 0.8710
5.3756 0.0000 0.0020 -0.0020 0.0010 0.0000 -0.2610 -0.0210 -0.0070 -0.0070 -0.0210 -0.0070 0.8710
5.3767 0.0000 0.0020 -0.0020 0.0010 0.0000 -0.2610 -0.0210 -0.0070 -0.0070 -0.0210 -0.0070 0.8710
5.3777 0.0000 0.0020 -0.0020 0.0010 0.0000 -0.2610 -0.0210 -0.0070 -0.0070 -0.0210 -0.0070 0.8710
5.3786 0.0000 0.0020 -0.0020 0.0010 0.0000 -0.2610 -0.0210 -0.0070 -0.0070 -0.0210 -0.0070 0.8710
5.3796 0.0000 0.0020 -0.0020 0.0010 0.0000 -0.2610 -0.0210 -0.0070 -0.0070 -0.0210 -0.0070 0.8710
5.3806 0.0000 0.0020 -0.0020 0.0010 0.0000 -0.2610 -0.0210 -0.0070 -0.0070 -0.0210 -0.0070 0.8710
5.3817 0.0000 0.0020 -0.0020 0.0010 0.0000 -0.2610 -0.0210 -0.0070 -0.0070 -0.0210 -0.0070 0.8710
5.3826 0.0000 0.0020 -0.0020 0.0010 0.0000 -0.2610 -0.0210 -0.0070 -0.0070 -0.0210 -0.0070 0.8710
5.3836 0.0000 0.0020 -0.0020 0.0010 0.0000 -0.2610 -0.0210 -0.0070 -0.0070 -0.0210 -0.0070 0.8710
5.3846 0.0000 0.0020 -0.0020 0.0010 0.0000 -0.2610 -0.0210 -0.0070 -0.0070 -0.0210 -0.0070 0.8710
5.3856 0.0000 0.0020 -0.0020 0.0010 0.0000 -0.2610 -0.0210 -0.0070 -0.0070 -0.0210 -0.0070 0.8710
5.3867 0.0000 0.0020 -0.0020 0.0010 0.0000 -0.2610 0.0070 -0.0070 -0.0070 -0.0210 -0.0070 0.8710
5.3879 0.0000 0.0020 -0.0020 0.0010 0.0000 -0.2580 -0.0070 -0.0070 -0.0070 -0.0070 -0.0070 0.9010
5.3886 0.0000 0.0020 -0.0020 0.0010 0.0000 -0.2580 -0.0210 -0.0070 -0.0070 -0.0070 -0.0070 0.9010
5.3896 0.0000 0.0020 -0.0020 0.0010 0.0000 -0.2580 -0.0210 -0.0070 -0.0070 -0.0070 -0.0070 0.9010
5.3906 0.0000 0.0020 -0.0020 0.0010 0.0000 -0.2580 -0.0210 -0.0070 -0.0070 -0.0070 -0.0070 0.9010
5.3916 0.0000 0.0020 -0.0020 0.0010 0.0000 -0.2580 -0.0210 -0.0070 -0.0070 -0.0070 -0.0070 0.9010
5.3927 0.0000 0.0020 -0.0020 0.0010 0.0000 -0.2580 -0.0210 -0.0070 -0.0070 -0.0070 -0.0070 0.9010
5.3936 0.0000 0.0020 -0.0020 0.0010 0.0000 -0.2580 -0.0210 -0.0070 -0.0070 -0.0070 -0.0070 0.9010
5.3946 0.0000 0.0020 -0.0020 0.0010 0.0000 -0.2580 -0.0210 -0.0070 -0.0070 -0.0070 -0.0070 0.9010
5.3957 0.0000 0.0020 -0.0020 0.0010 0.0000 -0.2580 -0.0210 -0.0070 -0.0070 -0.0070 -0.0070 0.9010
5.3967 0.0000 0.0020 -0.0020 0.0010 0.0000 -0.2580 -0.0210 -0.0070 -0.0070 -0.0070 -0.0070 0.9010
5.3977 0.0000 0.0020 -0.0020 0.0010 0.0000 -0.2580 -0.0210 -0.0070 -0.0070 -0.0070 -0.0070 0.9010
5.3988 0.0000 0.0020 -0.0020 0.0010 0.0000 -0.2570 -0.0210 -0.0070 -0.0070 -0.0070 -0.0070 0.9150
5.3996 0.0000 0.0020 -0.0020 0.0010 0.0000 -0.2550 -0.0070 -0.0070 0.0070 -0.0070 -0.0070 0.9150
5.4006 0.0000 0.0020 -0.0020 0.0010 0.0000 -0.2540 -0.0070 -0.0070 -0.0070 -0.0070 0.0070 0.8420
5.4016 0.0000 0.0020 -0.0020 0.0010 0.0000 -0.2540 -0.0070 -0.0070 -0.0070 -0.0070 0.0070 0.8420
5.4026 0.0000 0.0020 -0.0020 0.0010 0.0000 -0.2540 -0.0070 -0.0070 -0.0070 -0.0070 0.0070 0.8420
5.4036 0.0000 0.0020 -0.0020 0.0010 0.0000 -0.2540 -0.0070 -0.0070 -0.0070 -0.0070 0.0070 0.8420
5.4047 0.0000 0.0020 -0.0020 0.0010 0.0000 -0.2540 -0.0070 -0.0070 -0.0070 -0.0070 0.0070 0.8420
5.4057 0.0000 0.0020 -0.0020 0.0010 0.0000 -0.2540 -0.0070 -0.0070 -0.0070 -0.0070 0.0070 0.8420
5.4067 0.0000 0.0020 -0.0020 0.0010 0.0000 -0.2540 -0.0070 -0.0070 -0.0070 -0.0070 0.0070 0.8420
5.4077 0.0000 0.0020 -0.0020 0.0010 0.0000 -0.2540 -0.0070 -0.0070 -0.0070 -0.0070 0.0070 0.8420
5.4086 0.0000 0.0020 -0.0020 0.0010 0.0000 -0.2540 -0.0070 -0.0070 -0.0070 -0.0070 0.0070 0.8420
5.4097 0.0000 0.0020 -0.0020 0.0010 0.0000 -0.2540 -0.0070 -0.0070 -0.0070 -0.0070 0.0070 0.8420
5.4107 0.0000 0.0020 -0.0020 0.0010 0.0000 -0.2540 -0.0070 -0.0070 -0.0070 -0.0070 0.0070 0.8420
5.4124 0.0000 0.0020 -0.0020 0.0010 0.0000 -0.2540 -0.0070 -0.0070 -0.0070 -0.0070 0.0070 0.8420
5.4127 0.0000 0.0020 -0.0020 0.0010 0.0000 -0.2510 -0.0070 -0.0070 -0.0070 -0.0070 -0.0210 0.9150
5.4136 0.0000 0.0020 -0.0020 0.0010 0.0000 -0.2510 -0.0070 -0.0070 -0.0070 -0.0070 -0.0210 0.9150
5.4146 0.0000 0.0020 -0.0020 0.0010 0.0000 -0.2510 -0.0070 -0.0070 -0.0070 -0.0070 -0.0210 0.9150
5.4157 0.0000 0.0020 -0.0020 0.0010 0.0000 -0.2510 -0.0070 -0.0070 -0.0070 -0.0070 -0.0210 0.9150
5.4166 0.0000 0.0020 -0.0020 0.0010 0.0000 -0.2510 -0.0070 -0.0070 -0.0070 -0.0070 -0.0210 0.9150
5.4176 0.0000 0.0020 -0.0020 0.0010 0.0000 -0.2510 -0.0070 -0.0070 -0.0070 -0.0070 -0.0210 0.9150
5.4186 0.0000 0.0020 -0.0020 0.0010 0.0000 -0.2510 -0.0070 -0.0070 -0.0070 -0.0070 -0.0210 0.9150
5.4196 0.0000 0.0020 -0.0020 0.0010 0.0000 -0.2510 -0.0070 -0.0070 -0.0070 -0.0070 -0.0210 0.9150
5.4207 0.0000 0.0020 -0.0020 0.0010 0.0000 -0.2510 -0.0070 -0.0070 -0.0070 -0.0070 -0.0210 0.9150
5.4217 0.0000 0.0020 -0.0020 0.0010 0.0000 -0.2510 -0.0070 -0.0070 -0.0070 -0.0070 -0.0210 0.9150
5.4226 0.0000 0.0020 -0.0020 0.0010 0.0000 -0.2510 -0.0070 -0.0070 -0.0070 -0.0070 -0.0210 0.9150
5.4239 0.0000 0.0020 -0.0020 0.0010 0.0000 -0.2500 -0.0210 -0.0210 0.0070 -0.0210 -0.0070 0.9300
5.4246 0.0000 0.0020 -0.0020 0.0010 0.0000 -0.2480 -0.0210 -0.0070 -0.0070 -0.0070 0.0070 0.8710
5.4256 0.0000 0.0020 -0.0020 0.0010 0.0000 -0.2480 -0.0210 -0.0070 -0.0210 -0.0070 -0.0070 0.8710
5.4266 0.0000 0.0020 -0.0020 0.0010 0.0000 -0.2480 -0.0210 -0.0070 -0.0210 -0.0070 -0.0070 0.8710
5.4277 0.0000 0.0020 -0.0020 0.0010 0.0000 -0.2480 -0.0210 -0.0070 -0.0210 -0.0070 -0.0070 0.8710
5.4287 0.0000 0.0020 -0.0020 0.0010 0.0000 -0.2480 -0.0210 -0.0070 -0.0210 -0.0070 -0.0070 0.8710
5.4296 0.0000 0.0020 -0.0020 0.0010 0.0000 -0.2480 -0.0210 -0.0070 -0.0210 -0.0070 -0.0070 0.8710
5.4306 0.0000 0.0020 -0.0020 0.0010 0.0000 -0.2480 -0.0210 -0.0070 -0.0210 -0.0070 -0.0070 0.8710
5.4316 0.0000 0.0020 -0.0020 0.0010 0.0000 -0.2480 -0.0210 -0.0070 -0.0210 -0.0070 -0.0070 0.8710
5.4327 0.0000 0.0020 -0.0020 0.0010 0.0000 -0.2480 -0.0210 -0.0070 -0.0210 -0.0070 -0.0070 0.8710
5.4336 0.0000 0.0020 -0.0020 0.0010 0.0000 -0.2480 -0.0210 -0.0070 -0.0210 -0.0070 -0.0070 0.8710
5.4346 0.0000 0.0020 -0.0020 0.0010 0.0000 -0.2480 -0.0210 -0.0070 -0.0210 -0.0070 -0.0070 0.8710
5.4356 0.0000 0.0020 -0.0020 0.0010 0.0000 -0.2470 -0.0070 -0.0070 -0.0210 -0.0070 -0.0070 0.8710
5.4368 0.0000 0.0020 -0.0020 0.0010 0.0000 -0.2430 0.0070 -0.0070 -0.0070 0.0070 -0.0070 0.9300
5.4376 0.0000 0.0020 -0.0020 0.0010 0.0000 -0.2430 0.0070 -0.0070 -0.0070 0.0070 -0.0070 0.9300
5.4386 0.0000 0.0020 -0.0020 0.0010 0.0000 -0.2430 0.0070 -0.0070 -0.0070 0.0070 -0.0070 0.9300
5.4396 0.0000 0.0020 -0.0020 0.0010 0.0000 -0.2430 0.0070 -0.0070 -0.0070 0.0070 -0.0070 0.9300
5.4407 0.0000 0.0020 -0.0020 0.0010 0.0000 -0.2430 0.0070 -0.0070 -0.0070 0.0070 -0.0070 0.9300
5.4416 0.0000 0.0020 -0.0020 0.0010 0.0000 -0.2430 0.0070 -0.0070 -0.0070 0.0070 -0.0070 0.9300
5.4426 0.0000 0.0020 -0.0020 0.0010 0.0000 -0.2430 0.0070 -0.0070 -0.0070 0.0070 -0.0070 0.9300
5.4437 0.0000 0.0020 -0.0020 0.0010 0.0000 -0.2430 0.0070 -0.0070 -0.0070 0.0070 -0.0070 0.9300
5.4446 0.0000 0.0020 -0.0020 0.0010 0.0000 -0.2430 0.0070 -0.0070 -0.0070 0.0070 -0.0070 0.9300
5.4457 0.0000 0.0020 -0.0020 0.0010 0.0000 -0.2430 0.0070 -0.0070 -0.0070 0.0070 -0.0070 0.9300
5.4467 0.0000 0.0020 -0.0020 0.0010 0.0000 -0.2430 0.0070 -0.0070 -0.0070 0.0070 -0.0070 0.9300
5.4477 0.0000 0.0020 -0.0020 0.0010 0.0000 -0.2430 0.0070 -0.0070 -0.0070 0.0070 -0.0070 0.9300
5.4488 0.0000 0.0020 -0.0020 0.0010 0.0000 -0.2400 0.0070 -0.0210 -0.0070 -0.0070 -0.0210 0.8570
5.4496 0.0000 0.0020 -0.0020 0.0000 0.0000 -0.2390 -0.0070 -0.0070 -0.0070 -0.0210 -0.0210 0.9010
5.4506 0.0000 0.0020 -0.0020 0.0000 0.0000 -0.2390 -0.0070 -0.0070 -0.0070 -0.0210 -0.0210 0.9010
5.4517 0.0000 0.0020 -0.0020 0.0000 0.0000 -0.2390 -0.0070 -0.0070 -0.0070 -0.0210 -0.0210 0.9010
5.4526 0.0000 0.0020 -0.0020 0.0000 0.0000 -0.2390 -0.0070 -0.0070 -0.0070 -0.0210 -0.0210 0.9010
5.4536 0.0000 0.0020 -0.0020 0.0000 0.0000 -0.2390 -0.0070 -0.0070 -0.0070 -0.0210 -0.0210 0.9010
5.4546 0.0000 0.0020 -0.0020 0.0000 0.0000 -0.2390 -0.0070 -0.0070 -0.0070 -0.0210 -0.0210 0.9010
5.4557 0.0000 0.0020 -0.0020 0.0000 0.0000 -0.2390 -0.0070 -0.0070 -0.0070 -0.0210 -0.0210 0.9010
5.4567 0.0000 0.0020 -0.0020 0.0000 0.0000 -0.2390 -0.0070 -0.0070 -0.0070 -0.0210 -0.0210 0.9010
5.4576 0.0000 0.0020 -0.0020 0.0000 0.0000 -0.2390 -0.0070 -0.0070 -0.0070 -0.0210 -0.0210 0.9010
5.4586 0.0000 0.0020 -0.0020 0.0000 0.0000 -0.2390 -0.0070 -0.0070 -0.0070 -0.0210 -0.0210 0.9010
5.4602 0.0000 0.0020 -0.0020 0.0000 0.0000 -0.2390 -0.0070 -0.0070 -0.0070 -0.0210 -0.0210 0.9010
5.4611 0.0000 0.0020 -0.0020 0.0010 0.0000 -0.2390 -0.0070 -0.0070 -0.0070 -0.0070 -0.0070 0.9010
5.4616 0.0000 0.0020 -0.0020 0.0010 0.0000 -0.2370 -0.0210 -0.0070 -0.0070 -0.0070 -0.0070 0.9450
5.4626 0.0000 0.0020 -0.0020 0.0010 0.0000 -0.2370 -0.0210 -0.0070 -0.0070 -0.0070 -0.0070 0.9450
5.4636 0.0000 0.0020 -0.0020 0.0010 0.0000 -0.2370 -0.0210 -0.0070 -0.0070 -0.0070 -0.0070 0.9450
5.4646 0.0000 0.0020 -0.0020 0.0010 0.0000 -0.2370 -0.0210 -0.0070 -0.0070 -0.0070 -0.0070 0.9450
5.4656 0.0000 0.0020 -0.0020 0.0010 0.0000 -0.2370 -0.0210 -0.0070 -0.0070 -0.0070 -0.0070 0.9450
5.4666 0.0000 0.0020 -0.0020 0.0010 0.0000 -0.2370 -0.0210 -0.0070 -0.0070 -0.0070 -0.0070 0.9450
5.4677 0.0000 0.0020 -0.0020 0.0010 0.0000 -0.2370 -0.0210 -0.0070 -0.0070 -0.0070 -0.0070 0.9450
5.4687 0.0000 0.0020 -0.0020 0.0010 0.0000 -0.2370 -0.0210 -0.0070 -0.0070 -0.0070 -0.0070 0.9450
5.4697 0.0000 0.0020 -0.0020 0.0010 0.0000 -0.2370 -0.0210 -0.0070 -0.0070 -0.0070 -0.0070 0.9450
5.4707 0.0000 0.0020 -0.0020 0.0010 0.0000 -0.2370 -0.0210 -0.0070 -0.0070 -0.0070 -0.0070 0.9450
5.4719 0.0000 0.0020 -0.0020 0.0010 0.0000 -0.2370 -0.0210 -0.0070 -0.0070 -0.0070 -0.0070 0.9450
5.4728 0.0000 0.0020 -0.0020 0.0010 0.0000 -0.2340 -0.0070 -0.0070 0.0070 -0.0070 -0.0070 0.8710
5.4736 0.0000 0.0020 -0.0020 0.0010 0.0000 -0.2330 -0.0070 -0.0070 0.0070 -0.0070 -0.0070 0.8710
5.4746 0.0000 0.0020 -0.0020 0.0010 0.0000 -0.2330 -0.0070 -0.0070 0.0070 -0.0070 -0.0070 0.8710
5.4756 0.0000 0.0020 -0.0020 0.0010 0.0000 -0.2330 -0.0070 -0.0070 0.0070 -0.0070 -0.0070 0.8710
5.4766 0.0000 0.0020 -0.0020 0.0010 0.0000 -0.2330 -0.0070 -0.0070 0.0070 -0.0070 -0.0070 0.8710
5.4776 0.0000 0.0020 -0.0020 0.0010 0.0000 -0.2330 -0.0070 -0.0070 0.0070 -0.0070 -0.0070 0.8710
5.4786 0.0000 0.0020 -0.0020 0.0010 0.0000 -0.2330 -0.0070 -0.0070 0.0070 -0.0070 -0.0070 0.8710
5.4796 0.0000 0.0020 -0.0020 0.0010 0.0000 -0.2330 -0.0070 -0.0070 0.0070 -0.0070 -0.0070 0.8710
5.4807 0.0000 0.0020 -0.0020 0.0010 0.0000 -0.2330 -0.0070 -0.0070 0.0070 -0.0070 -0.0070 0.8710
5.4816 0.0000 0.0020 -0.0020 0.0010 0.0000 -0.2330 -0.0070 -0.0070 0.0070 -0.0070 -0.0070 0.8710
5.4827 0.0000 0.0020 -0.0020 0.0010 0.0000 -0.2330 -0.0070 -0.0070 0.0070 -0.0070 -0.0070 0.8710
5.4837 0.0000 0.0020 -0.0020 0.0010 0.0000 -0.2330 -0.0070 -0.0070 0.0070 -0.0070 -0.0070 0.8710
5.4847 0.0000 0.0020 -0.0020 0.0010 0.0000 -0.2330 -0.0070 -0.0070 0.0070 -0.0070 -0.0070 0.8710
5.4857 0.0000 0.0020 -0.0020 0.0010 0.0000 -0.2330 -0.0070 -0.0070 0.0070 -0.0070 -0.0070 0.8710
5.4867 0.0000 0.0020 -0.0020 0.0010 0.0000 -0.2330 -0.0070 -0.0070 0.0070 -0.0070 -0.0070 0.8710
5.4876 0.0000 0.0020 -0.0020 0.0010 0.0000 -0.2310 -0.0070 -0.0070 -0.0070 -0.0070 -0.0070 0.9150
5.4886 0.0000 0.0020 -0.0020 0.0010 0.0000 -0.2290 -0.0070 -0.0070 -0.0070 -0.0070 -0.0070 0.8710
5.4897 0.0000 0.0020 -0.0020 0.0010 0.0000 -0.2270 -0.0210 -0.0070 0.0070 -0.0070 -0.0070 0.8710
5.4906 0.0000 0.0020 -0.0020 0.0010 0.0000 -0.2270 -0.0210 -0.0070 0.0070 -0.0070 -0.0070 0.8710
5.4916 0.0000 0.0020 -0.0020 0.0010 0.0000 -0.2270 -0.0210 -0.0070 0.0070 -0.0070 -0.0070 0.8710
5.4926 0.0000 0.0020 -0.0020 0.0010 0.0000 -0.2270 -0.0210 -0.0070 0.0070 -0.0070 -0.0070 0.8710
5.4936 0.0000 0.0020 -0.0020 0.0010 0.0000 -0.2270 -0.0210 -0.0070 0.0070 -0.0070 -0.0070 0.8710
5.4946 0.0000 0.0020 -0.0020 0.0010 0.0000 -0.2270 -0.0210 -0.0070 0.0070 -0.0070 -0.0070 0.8710
5.4957 0.0000 0.0020 -0.0020 0.0010 0.0000 -0.2270 -0.0210 -0.0070 0.0070 -0.0070 -0.0070 0.8710
5.4967 0.0000 0.0020 -0.0020 0.0010 0.0000 -0.2270 -0.0210 -0.0070 0.0070 -0.0070 -0.0070 0.8710
5.4977 0.0000 0.0020 -0.0020 0.0010 0.0000 -0.2270 -0.0210 -0.0070 0.0070 -0.0070 -0.0070 0.8710
5.4987 0.0000 0.0020 -0.0020 0.0010 0.0000 -0.2270 -0.0210 -0.0070 0.0070 -0.0070 -0.0070 0.8710
5.4997 0.0000 0.0020 -0.0020 0.0010 0.0000 -0.2270 -0.0210 -0.0070 0.0070 -0.0070 -0.0070 0.8710
5.5007 0.0000 0.0020 -0.0020 0.0010 0.0000 -0.2270 -0.0210 -0.0070 0.0070 -0.0070 -0.0070 0.8710
5.5016 0.0000 0.0020 -0.0020 0.0010 0.0000 -0.2270 -0.0210 -0.0070 0.0070 -0.0070 -0.0070 0.8710
5.5026 0.0000 0.0020 -0.0020 0.0010 0.0000 -0.2240 -0.0070 -0.0070 -0.0070 -0.0070 -0.0070 0.9450
5.5036 0.0000 0.0020 -0.0020 0.0010 0.0000 -0.2240 -0.0070 -0.0070 -0.0070 -0.0070 -0.0070 0.9450
5.5046 0.0000 0.0020 -0.0020 0.0010 0.0000 -0.2240 -0.0070 -0.0070 -0.0070 -0.0070 -0.0070 0.9450
5.5057 0.0000 0.0020 -0.0020 0.0010 0.0000 -0.2240 -0.0070 -0.0070 -0.0070 -0.0070 -0.0070 0.9450
5.5067 0.0000 0.0020 -0.0020 0.0010 0.0000 -0.2240 -0.0070 -0.0070 -0.0070 -0.0070 -0.0070 0.9450
5.5077 0.0000 0.0020 -0.0020 0.0010 0.0000 -0.2240 -0.0070 -0.0070 -0.0070 -0.0070 -0.0070 0.9450
5.5094 0.0000 0.0020 -0.0020 0.0010 0.0000 -0.2240 -0.0070 -0.0070 -0.0070 -0.0070 -0.0070 0.9450
5.5097 0.0000 0.0020 -0.0020 0.0010 0.0000 -0.2240 -0.0070 -0.0070 -0.0070 -0.0070 -0.0070 0.9450
5.5106 0.0000 0.0020 -0.0020 0.0010 0.0000 -0.2240 -0.0070 -0.0070 -0.0070 -0.0070 -0.0070 0.9450
5.5116 0.0000 0.0020 -0.0020 0.0010 0.0000 -0.2240 -0.0070 -0.0070 -0.0070 -0.0070 -0.0070 0.9450
5.5134 0.0000 0.0020 -0.0020 0.0010 0.0000 -0.2240 -0.0070 -0.0070 -0.0070 -0.0070 -0.0070 0.9450
5.5158 0.0000 0.0020 -0.0020 0.0010 0.0000 -0.2240 -0.0070 -0.0070 -0.0070 -0.0070 -0.0070 0.9450
5.5160 0.0000 0.0020 -0.0020 0.0000 0.0000 -0.2220 -0.0210 -0.0070 0.0070 -0.0210 -0.0070 0.8570
5.5171 0.0000 0.0020 -0.0020 0.0000 0.0000 -0.2190 -0.0070 -0.0070 -0.0070 -0.0210 -0.0070 0.8710
5.5181 0.0000 0.0020 -0.0020 0.0000 0.0000 -0.2190 -0.0070 -0.0070 -0.0070 -0.0210 -0.0070 0.8710
5.5192 0.0000 0.0020 -0.0020 0.0000 0.0000 -0.2190 -0.0070 -0.0070 -0.0070 -0.0210 -0.0070 0.8710
5.5201 0.0000 0.0020 -0.0020 0.0000 0.0000 -0.2190 -0.0070 -0.0070 -0.0070 -0.0210 -0.0070 0.8710
5.5211 0.0000 0.0020 -0.0020 0.0000 0.0000 -0.2190 -0.0070 -0.0070 -0.0070 -0.0210 -0.0070 0.8710
5.5221 0.0000 0.0020 -0.0020 0.0000 0.0000 -0.2190 -0.0070 -0.0070 -0.0070 -0.0210 -0.0070 0.8710
5.5231 0.0000 0.0020 -0.0020 0.0000 0.0000 -0.2190 -0.0070 -0.0070 -0.0070 -0.0210 -0.0070 0.8710
5.5241 0.0000 0.0020 -0.0020 0.0000 0.0000 -0.2190 -0.0070 -0.0070 -0.0070 -0.0210 -0.0070 0.8710
5.5301 0.0000 0.0020 -0.0020 0.0000 0.0000 -0.2160 -0.0070 0.0070 -0.0070 -0.0070 0.0070 0.9010
5.5312 0.0000 0.0020 -0.0020 0.0000 0.0000 -0.2160 -0.0070 0.0070 -0.0070 -0.0070 0.0070 0.9010
5.5316 0.0000 0.0020 -0.0020 0.0000 0.0000 -0.2160 -0.0070 0.0070 -0.0070 -0.0070 0.0070 0.9010
5.5325 0.0000 0.0020 -0.0020 0.0000 0.0000 -0.2160 -0.0070 0.0070 -0.0070 -0.0070 0.0070 0.9010
5.5336 0.0000 0.0020 -0.0020 0.0000 0.0000 -0.2160 -0.0070 0.0070 -0.0070 -0.0070 0.0070 0.9010
5.5348 0.0000 0.0020 -0.0020 0.0000 0.0000 -0.2160 -0.0070 0.0070 -0.0070 -0.0070 0.0070 0.9010
5.5357 0.0000 0.0020 -0.0020 0.0000 0.0000 -0.2160 -0.0070 0.0070 -0.0070 -0.0070 0.0070 0.9010
5.5366 0.0000 0.0020 -0.0020 0.0000 0.0000 -0.2160 -0.0070 0.0070 -0.0070 -0.0070 0.0070 0.9010
5.5384 0.0000 0.0020 -0.0020 0.0000 0.0000 -0.2160 -0.0070 0.0070 -0.0070 -0.0070 0.0070 0.9010
5.5388 0.0000 0.0020 -0.0020 0.0000 0.0000 -0.2160 -0.0070 0.0070 -0.0070 -0.0070 0.0070 0.9010
5.5395 0.0000 0.0020 -0.0020 0.0000 0.0000 -0.2160 -0.0070 0.0070 -0.0070 -0.0070 0.0070 0.9010
5.5495 0.0000 0.0020 -0.0020 0.0000 0.0000 -0.2140 -0.0070 -0.0070 -0.0070 -0.0070 -0.0070 0.8420
5.5501 0.0000 0.0020 -0.0020 0.0000 0.0000 -0.2120 -0.0070 -0.0070 -0.0070 -0.0070 -0.0070 0.9010
5.5521 0.0000 0.0020 -0.0020 0.0000 0.0000 -0.2120 -0.0070 -0.0070 -0.0070 -0.0070 -0.0070 0.9010
5.5561 0.0000 0.0020 -0.0020 0.0000 0.0000 -0.2120 -0.0070 -0.0070 -0.0070 -0.0070 -0.0070 0.9010
5.5572 0.0000 0.0020 -0.0020 0.0000 0.0000 -0.2120 -0.0070 -0.0070 -0.0070 -0.0070 -0.0070 0.9010
5.5575 0.0000 0.0020 -0.0020 0.0000 0.0000 -0.2120 -0.0070 -0.0070 -0.0070 -0.0070 -0.0070 0.9010
5.5616 0.0000 0.0020 -0.0020 0.0000 0.0000 -0.2120 -0.0070 -0.0070 -0.0070 -0.0070 -0.0070 0.9010
5.5632 0.0000 0.0020 -0.0020 0.0000 0.0000 -0.2110 -0.0070 -0.0070 -0.0070 -0.0070 -0.0070 0.8860
5.5671 0.0000 0.0020 -0.0020 0.0000 0.0000 -0.2080 -0.0210 -0.0070 -0.0210 -0.0070 -0.0070 0.7830
5.5699 0.0000 0.0020 -0.0020 0.0000 0.0000 -0.2080 -0.0210 -0.0070 -0.0210 -0.0070 -0.0070 0.7830
5.5706 0.0000 0.0020 -0.0020 0.0000 0.0000 -0.2080 -0.0210 -0.0070 -0.0210 -0.0070 -0.0070 0.7830
5.5715 0.0000 0.0020 -0.0020 0.0000 0.0000 -0.2080 -0.0210 -0.0070 -0.0210 -0.0070 -0.0070 0.7830
5.5724 0.0000 0.0020 -0.0020 0.0000 0.0000 -0.2080 -0.0210 -0.0070 -0.0210 -0.0070 -0.0070 0.7830
5.5734 0.0000 0.0020 -0.0020 0.0000 0.0000 -0.2080 -0.0210 -0.0070 -0.0210 -0.0070 -0.0070 0.7830
5.5744 0.0000 0.0020 -0.0020 0.0000 0.0000 -0.2080 -0.0210 -0.0070 -0.0210 -0.0070 -0.0070 0.7830
5.5754 0.0000 0.0020 -0.0020 0.0000 0.0000 -0.2080 -0.0210 -0.0070 -0.0210 -0.0070 -0.0070 0.7830
5.5764 0.0000 0.0020 -0.0020 0.0000 0.0000 -0.2080 -0.0210 -0.0070 -0.0210 -0.0070 -0.0070 0.7830
5.5774 0.0000 0.0020 -0.0020 0.0000 0.0000 -0.2080 -0.0210 -0.0070 -0.0210 -0.0070 -0.0070 0.7830
5.5784 0.0000 0.0020 -0.0020 0.0000 0.0000 -0.2080 -0.0210 -0.0070 -0.0210 -0.0070 -0.0070 0.7830
5.5794 0.0000 0.0020 -0.0020 0.0000 0.0000 -0.2080 -0.0210 -0.0070 -0.0210 -0.0070 -0.0070 0.7830
5.5804 0.0000 0.0020 -0.0020 0.0000 0.0000 -0.2080 -0.0210 -0.0070 -0.0210 -0.0070 -0.0070 0.7830
5.5837 0.0000 0.0020 -0.0020 0.0000 0.0000 -0.2080 -0.0210 -0.0070 -0.0210 -0.0070 -0.0070 0.7830
5.5844 0.0000 0.0020 -0.0020 0.0000 0.0000 -0.2080 -0.0210 -0.0070 -0.0210 -0.0070 -0.0070 0.7830
5.5851 0.0000 0.0020 -0.0020 0.0000 0.0000 -0.2080 -0.0210 -0.0070 -0.0210 -0.0070 -0.0070 0.7830
5.5865 0.0000 0.0020 -0.0020 0.0000 0.0000 -0.2080 -0.0210 -0.0070 -0.0210 -0.0070 -0.0070 0.7830
5.5871 0.0000 0.0020 -0.0020 0.0000 0.0000 -0.2080 -0.0210 -0.0070 -0.0210 -0.0070 -0.0070 0.7830
5.5891 0.0000 0.0020 -0.0020 0.0000 0.0000 -0.2060 -0.0210 -0.0070 -0.0070 -0.0210 -0.0070 0.8420
5.5911 0.0000 0.0020 -0.0020 0.0000 0.0000 -0.2060 -0.0210 -0.0070 -0.0070 -0.0210 -0.0070 0.8420
5.5915 0.0000 0.0020 -0.0020 0.0000 0.0000 -0.2060 0.0070 -0.0070 -0.0070 -0.0210 -0.0070 0.8420
5.5925 0.0000 0.0020 -0.0020 0.0000 0.0000 -0.2050 0.0070 -0.0070 -0.0070 -0.0210 -0.0070 0.8860
5.5934 0.0000 0.0020 -0.0020 0.0000 0.0000 -0.2050 0.0070 -0.0070 -0.0070 -0.0210 -0.0070 0.8860
5.5945 0.0000 0.0020 -0.0020 0.0000 0.0000 -0.2050 -0.0210 -0.0070 -0.0070 -0.0210 -0.0070 0.8860
5.5955 0.0000 0.0020 -0.0020 0.0000 0.0000 -0.2030 -0.0210 -0.0070 0.0070 -0.0070 -0.0070 0.8710
5.5976 0.0000 0.0020 -0.0020 0.0000 0.0000 -0.2030 -0.0210 -0.0070 0.0070 -0.0070 -0.0070 0.8710
5.5986 0.0000 0.0020 -0.0020 0.0000 0.0000 -0.2020 -0.0210 -0.0070 0.0070 -0.0070 -0.0070 0.7980
5.5990 0.0000 0.0020 -0.0020 0.0000 0.0000 -0.2020 -0.0210 -0.0070 0.0070 -0.0070 -0.0070 0.7980
5.6000 0.0000 0.0020 -0.0020 0.0000 0.0000 -0.2020 -0.0210 -0.0070 0.0070 -0.0070 -0.0070 0.7980
5.6004 0.0000 0.0020 -0.0020 0.0000 0.0000 -0.2020 -0.0210 -0.0070 0.0070 -0.0070 -0.0070 0.7980
5.6021 0.0000 0.0020 -0.0020 0.0000 0.0000 -0.2020 -0.0210 -0.0070 0.0070 -0.0070 -0.0070 0.7980
5.6024 0.0000 0.0020 -0.0020 0.0000 0.0000 -0.2020 -0.0210 -0.0070 0.0070 -0.0070 -0.0070 0.7980
5.6034 0.0000 0.0020 -0.0020 0.0000 0.0000 -0.2020 -0.0210 -0.0210 0.0070 -0.0210 -0.0070 0.7980
5.6044 0.0000 0.0020 -0.0020 0.0000 0.0000 -0.2020 -0.0210 -0.0210 0.0070 -0.0210 -0.0070 0.7980
5.6054 0.0000 0.0020 -0.0020 0.0000 0.0000 -0.2020 -0.0210 -0.0210 0.0070 -0.0210 -0.0070 0.7980
5.6064 0.0000 0.0020 -0.0020 0.0000 0.0000 -0.2020 -0.0210 -0.0210 0.0070 -0.0210 -0.0070 0.7980
5.6074 0.0000 0.0020 -0.0020 0.0000 0.0000 -0.2020 -0.0210 -0.0210 0.0070 -0.0210 -0.0070 0.7980
5.6084 0.0000 0.0020 -0.0020 0.0000 0.0000 -0.2020 -0.0210 -0.0210 0.0070 -0.0210 -0.0070 0.7980
5.6093 0.0000 0.0020 -0.0020 0.0000 0.0000 -0.2020 -0.0210 -0.0210 0.0070 -0.0210 -0.0070 0.7980
5.6104 0.0000 0.0020 -0.0020 0.0000 0.0000 -0.2020 -0.0210 -0.0210 0.0070 -0.0210 -0.0070 0.7980
5.6114 0.0000 0.0020 -0.0020 0.0000 0.0000 -0.2020 -0.0210 -0.0210 0.0070 -0.0210 -0.0070 0.7980
5.6124 0.0000 0.0020 -0.0020 0.0000 0.0000 -0.2020 -0.0210 -0.0210 0.0070 -0.0210 -0.0070 0.7980
5.6134 0.0000 0.0020 -0.0020 0.0000 0.0000 -0.2020 -0.0210 -0.0210 0.0070 -0.0210 -0.0070 0.7980
5.6144 0.0000 0.0020 -0.0020 0.0000 0.0000 -0.2010 -0.0070 -0.0070 -0.0070 -0.0210 0.0070 0.7690
5.6154 0.0000 0.0020 -0.0020 0.0000 0.0000 -0.1980 -0.0070 -0.0210 0.0070 -0.0210 -0.0070 0.8570
5.6164 0.0000 0.0020 -0.0020 0.0000 0.0000 -0.1970 -0.0070 -0.0070 0.0070 -0.0070 -0.0070 0.7980
5.6174 0.0000 0.0020 -0.0020 0.0000 0.0000 -0.1950 -0.0070 -0.0070 0.0070 -0.0070 -0.0070 0.7390
5.6194 0.0000 0.0020 -0.0020 0.0000 0.0000 -0.1950 -0.0070 -0.0070 0.0070 -0.0070 -0.0070 0.7390
5.6198 0.0000 0.0020 -0.0020 0.0000 0.0000 -0.1950 -0.0070 -0.0070 0.0070 -0.0070 -0.0070 0.7390
5.6204 0.0000 0.0020 -0.0020 0.0000 0.0000 -0.1950 -0.0070 -0.0070 0.0070 -0.0070 -0.0070 0.7390
5.6214 0.0000 0.0020 -0.0020 0.0000 0.0000 -0.1950 -0.0070 -0.0070 0.0070 -0.0070 -0.0070 0.7390
5.6224 0.0000 0.0020 -0.0020 0.0000 0.0000 -0.1910 -0.0070 -0.0070 0.0070 -0.0070 -0.0070 0.8420
5.6234 0.0000 0.0020 -0.0020 0.0000 0.0000 -0.1910 -0.0070 -0.0070 0.0070 -0.0070 -0.0070 0.8420
5.6244 0.0000 0.0020 -0.0020 0.0000 0.0000 -0.1910 -0.0070 -0.0070 0.0070 -0.0070 -0.0070 0.8420
5.6254 0.0000 0.0020 -0.0020 0.0000 0.0000 -0.1910 -0.0070 -0.0070 0.0070 -0.0070 -0.0070 0.8420
5.6264 0.0000 0.0020 -0.0020 0.0000 0.0000 -0.1910 -0.0070 -0.0070 0.0070 -0.0070 -0.0070 0.8420
5.6274 0.0000 0.0020 -0.0020 0.0000 0.0000 -0.1910 -0.0070 -0.0070 0.0070 -0.0070 -0.0070 0.8420
5.6284 0.0000 0.0020 -0.0020 0.0000 0.0000 -0.1910 -0.0070 -0.0070 0.0070 -0.0070 -0.0070 0.8420
5.6294 0.0000 0.0020 -0.0020 0.0000 0.0000 -0.1910 -0.0070 -0.0070 0.0070 -0.0070 -0.0070 0.8420
5.6304 0.0000 0.0020 -0.0020 0.0000 0.0000 -0.1910 -0.0070 -0.0070 0.0070 -0.0070 -0.0070 0.8420
5.6314 0.0000 0.0020 -0.0020 0.0000 0.0000 -0.1900 -0.0070 -0.0210 0.0070 -0.0070 -0.0070 0.7690
5.6325 0.0000 0.0020 -0.0020 0.0000 0.0000 -0.1900 0.0070 -0.0210 0.0070 -0.0070 -0.0070 0.7690
5.6335 0.0000 0.0020 -0.0020 0.0000 0.0000 -0.1890 0.0070 -0.0210 0.0070 -0.0070 -0.0070 0.7100
5.6344 0.0000 0.0020 -0.0020 0.0000 0.0000 -0.1880 -0.0070 -0.0210 0.0210 -0.0070 -0.0070 0.7390
5.6354 0.0000 0.0020 -0.0020 0.0000 0.0000 -0.1880 -0.0070 -0.0210 0.0210 -0.0070 -0.0070 0.7390
5.6364 0.0000 0.0020 -0.0020 0.0000 0.0000 -0.1880 -0.0070 -0.0210 0.0210 -0.0070 -0.0070 0.7390
5.6374 0.0000 0.0020 -0.0020 0.0000 0.0000 -0.1880 -0.0070 -0.0210 0.0210 -0.0070 -0.0070 0.7390
5.6384 0.0000 0.0020 -0.0020 0.0000 0.0000 -0.1880 -0.0070 -0.0210 0.0210 -0.0070 -0.0070 0.7390
5.6394 0.0000 0.0020 -0.0020 0.0000 0.0000 -0.1880 -0.0070 -0.0210 0.0210 -0.0070 -0.0070 0.7390
5.6404 0.0000 0.0020 -0.0020 0.0000 0.0000 -0.1880 -0.0070 -0.0210 0.0210 -0.0070 -0.0070 0.7390
5.6414 0.0000 0.0020 -0.0020 0.0000 0.0000 -0.1880 -0.0070 -0.0210 0.0210 -0.0070 -0.0070 0.7390
5.6424 0.0000 0.0020 -0.0020 0.0000 0.0000 -0.1880 -0.0070 -0.0210 0.0210 -0.0070 -0.0070 0.7390
5.6434 0.0000 0.0020 -0.0020 0.0000 0.0000 -0.1880 -0.0070 -0.0210 0.0210 -0.0070 -0.0070 0.7390
5.6445 0.0000 0.0020 -0.0020 0.0000 0.0000 -0.1880 -0.0070 -0.0210 0.0210 -0.0070 -0.0070 0.7390
5.6459 0.0000 0.0020 -0.0020 0.0000 0.0000 -0.1840 -0.0070 -0.0360 0.0070 -0.0210 -0.0070 0.7540
5.6464 0.0000 0.0020 -0.0020 0.0000 0.0000 -0.1840 -0.0070 -0.0360 0.0070 -0.0210 -0.0070 0.7540
5.6474 0.0000 0.0020 -0.0020 0.0000 0.0000 -0.1840 -0.0070 -0.0360 0.0070 -0.0210 -0.0070 0.7540
5.6484 0.0000 0.0020 -0.0020 0.0000 0.0000 -0.1840 -0.0070 -0.0360 0.0070 -0.0210 -0.0070 0.7540
5.6493 0.0000 0.0020 -0.0020 0.0000 0.0000 -0.1840 -0.0070 -0.0360 0.0070 -0.0210 -0.0070 0.7540
5.6505 0.0000 0.0020 -0.0020 0.0000 0.0000 -0.1840 -0.0070 -0.0360 0.0070 -0.0210 -0.0070 0.7540
5.6514 0.0000 0.0020 -0.0020 0.0000 0.0000 -0.1840 -0.0070 -0.0360 0.0070 -0.0210 -0.0070 0.7540
5.6524 0.0000 0.0020 -0.0020 0.0000 0.0000 -0.1840 -0.0070 -0.0360 0.0070 -0.0210 -0.0070 0.7540
5.6534 0.0000 0.0020 -0.0020 0.0000 0.0000 -0.1840 -0.0070 -0.0360 0.0070 -0.0210 -0.0070 0.7540
5.6544 0.0000 0.0020 -0.0020 0.0000 0.0000 -0.1840 -0.0070 -0.0360 0.0070 -0.0210 -0.0070 0.7540
5.6555 0.0000 0.0020 -0.0020 0.0000 0.0000 -0.1840 -0.0070 -0.0360 0.0070 -0.0210 -0.0070 0.7540
5.6595 0.0000 0.0020 -0.0020 0.0000 0.0000 -0.1800 -0.0210 -0.0360 0.0210 -0.0070 -0.0070 0.7540
5.6613 0.0000 0.0020 -0.0020 0.0000 0.0000 -0.1800 -0.0210 -0.0360 0.0210 -0.0070 -0.0070 0.7540
5.6616 0.0000 0.0020 -0.0020 0.0000 0.0000 -0.1800 -0.0210 -0.0360 0.0210 -0.0070 -0.0070 0.7540
5.6618 0.0000 0.0020 -0.0020 0.0000 0.0000 -0.1800 -0.0210 -0.0360 0.0210 -0.0070 -0.0070 0.7540
5.6627 0.0000 0.0020 -0.0020 0.0000 0.0000 -0.1800 -0.0210 -0.0360 0.0210 -0.0070 -0.0070 0.7540
5.6637 0.0000 0.0020 -0.0020 0.0000 0.0000 -0.1800 -0.0210 -0.0360 0.0210 -0.0070 -0.0070 0.7540
5.6647 0.0000 0.0020 -0.0020 0.0000 0.0000 -0.1800 -0.0210 -0.0360 0.0210 -0.0070 -0.0070 0.7540
5.6657 0.0000 0.0020 -0.0020 0.0000 0.0000 -0.1800 -0.0210 -0.0360 0.0210 -0.0070 -0.0070 0.7540
5.6667 0.0000 0.0020 -0.0020 0.0000 0.0000 -0.1800 -0.0210 -0.0360 0.0210 -0.0070 -0.0070 0.7540
5.6677 0.0000 0.0020 -0.0020 0.0000 0.0000 -0.1800 -0.0210 -0.0360 0.0210 -0.0070 -0.0070 0.7540
5.6687 0.0000 0.0020 -0.0020 0.0000 0.0000 -0.1800 -0.0210 -0.0360 0.0210 -0.0070 -0.0070 0.7540
5.6697 0.0000 0.0020 -0.0020 0.0000 0.0000 -0.1800 -0.0210 -0.0360 0.0210 -0.0070 -0.0070 0.7540
5.6708 0.0000 0.0020 -0.0020 0.0000 0.0000 -0.1790 -0.0070 -0.0210 0.0070 -0.0070 -0.0210 0.7830
5.6717 0.0000 0.0020 -0.0020 0.0000 0.0000 -0.1770 -0.0070 -0.0210 0.0070 -0.0070 -0.0070 0.7690
5.6727 0.0000 0.0020 -0.0020 0.0000 0.0000 -0.1770 -0.0070 -0.0210 0.0070 -0.0070 -0.0070 0.7690
5.6737 0.0000 0.0020 -0.0020 0.0000 0.0000 -0.1770 -0.0070 -0.0210 0.0070 -0.0070 -0.0070 0.7690
5.6747 0.0000 0.0020 -0.0020 0.0000 0.0000 -0.1770 -0.0070 -0.0210 0.0070 -0.0070 -0.0070 0.7690
5.6757 0.0000 0.0020 -0.0020 0.0000 0.0000 -0.1770 -0.0070 -0.0210 0.0070 -0.0070 -0.0070 0.7690
5.6767 0.0000 0.0020 -0.0020 0.0000 0.0000 -0.1770 -0.0070 -0.0210 0.0070 -0.0070 -0.0070 0.7690
5.6777 0.0000 0.0020 -0.0020 0.0000 0.0000 -0.1770 -0.0070 -0.0210 0.0070 -0.0070 -0.0070 0.7690
5.6787 0.0000 0.0020 -0.0020 0.0000 0.0000 -0.1770 -0.0070 -0.0210 0.0070 -0.0070 -0.0070 0.7690
5.6797 0.0000 0.0020 -0.0020 0.0000 0.0000 -0.1770 -0.0070 -0.0210 0.0070 -0.0070 -0.0070 0.7690
5.6807 0.0000 0.0020 -0.0020 0.0000 0.0000 -0.1770 -0.0070 -0.0210 0.0070 -0.0070 -0.0070 0.7690
5.6817 0.0000 0.0020 -0.0020 0.0000 0.0000 -0.1770 -0.0070 -0.0210 0.0070 -0.0070 -0.0070 0.7690
5.6827 0.0000 0.0020 -0.0020 0.0000 0.0000 -0.1760 -0.0070 -0.0210 0.0070 -0.0210 -0.0070 0.6950
5.6852 0.0000 0.0020 -0.0020 0.0000 0.0000 -0.1760 -0.0070 -0.0210 0.0070 -0.0210 -0.0070 0.6950
5.6854 0.0000 0.0020 -0.0020 0.0000 0.0000 -0.1750 -0.0070 -0.0210 0.0070 -0.0070 -0.0070 0.6520
5.6856 0.0000 0.0020 -0.0020 0.0000 0.0000 -0.1750 -0.0070 -0.0210 0.0070 -0.0070 -0.0070 0.6520
5.6867 0.0000 0.0020 -0.0020 0.0000 0.0000 -0.1750 -0.0070 -0.0210 0.0070 -0.0070 -0.0070 0.6520
5.6877 0.0000 0.0020 -0.0020 0.0000 0.0000 -0.1750 -0.0070 -0.0210 0.0070 -0.0070 -0.0070 0.6520
5.6887 0.0000 0.0020 -0.0020 0.0000 0.0000 -0.1750 -0.0070 -0.0210 0.0070 -0.0070 -0.0070 0.6520
5.6897 0.0000 0.0020 -0.0020 0.0000 0.0000 -0.1750 -0.0070 -0.0210 0.0070 -0.0070 -0.0070 0.6520
5.6907 0.0000 0.0020 -0.0020 0.0000 0.0000 -0.1750 -0.0070 -0.0210 0.0070 -0.0070 -0.0070 0.6520
5.6917 0.0000 0.0020 -0.0020 0.0000 0.0000 -0.1750 -0.0070 -0.0210 0.0070 -0.0070 -0.0070 0.6520
5.6927 0.0000 0.0020 -0.0020 0.0000 0.0000 -0.1750 -0.0070 -0.0210 0.0070 -0.0070 -0.0070 0.6520
5.6937 0.0000 0.0020 -0.0020 0.0000 0.0000 -0.1750 -0.0070 -0.0210 0.0070 -0.0070 -0.0070 0.6520
5.6947 0.0000 0.0020 -0.0020 0.0000 0.0000 -0.1750 -0.0070 -0.0210 0.0070 -0.0070 -0.0070 0.6520
5.6957 0.0000 0.0020 -0.0020 0.0000 0.0000 -0.1750 -0.0070 -0.0210 0.0070 -0.0070 -0.0070 0.6520
5.6967 0.0000 0.0020 -0.0020 0.0000 0.0000 -0.1750 -0.0070 -0.0210 0.0070 -0.0070 -0.0070 0.6520
5.6977 0.0000 0.0020 -0.0020 0.0000 0.0000 -0.1750 -0.0070 -0.0210 0.0070 -0.0070 -0.0070 0.6520
5.6987 0.0000 0.0010 -0.0020 0.0000 0.0000 -0.1710 -0.0070 -0.0210 0.0070 -0.0070 -0.0210 0.7690
5.6997 0.0000 0.0010 -0.0020 0.0000 0.0000 -0.1710 -0.0070 -0.0210 0.0070 -0.0070 -0.0210 0.7690
5.7007 0.0000 0.0010 -0.0020 0.0000 0.0000 -0.1710 -0.0070 -0.0210 0.0070 -0.0070 -0.0210 0.7690
5.7016 0.0000 0.0010 -0.0020 0.0000 0.0000 -0.1710 -0.0070 -0.0210 0.0070 -0.0070 -0.0210 0.7690
5.7027 0.0000 0.0010 -0.0020 0.0000 0.0000 -0.1710 -0.0070 -0.0210 0.0070 -0.0070 -0.0210 0.7690
5.7037 0.0000 0.0010 -0.0020 0.0000 0.0000 -0.1710 -0.0070 -0.0210 0.0070 -0.0070 -0.0210 0.7690
5.7047 0.0000 0.0010 -0.0020 0.0000 0.0000 -0.1710 -0.0070 -0.0210 0.0070 -0.0070 -0.0210 0.7690
5.7057 0.0000 0.0010 -0.0020 0.0000 0.0000 -0.1710 -0.0070 -0.0210 0.0070 -0.0070 -0.0210 0.7690
5.7067 0.0000 0.0010 -0.0020 0.0000 0.0000 -0.1710 -0.0070 -0.0210 0.0070 -0.0070 -0.0210 0.7690
5.7077 0.0000 0.0010 -0.0020 0.0000 0.0000 -0.1710 -0.0070 -0.0210 0.0070 -0.0070 -0.0210 0.7690
5.7099 0.0000 0.0010 -0.0010 0.0000 0.0000 -0.1680 -0.0070 -0.0210 0.0070 -0.0070 -0.0070 0.6370
5.7102 0.0000 0.0010 -0.0010 0.0000 0.0000 -0.1680 -0.0070 -0.0210 0.0070 -0.0070 -0.0070 0.6370
5.7107 0.0000 0.0010 -0.0010 0.0000 0.0000 -0.1680 -0.0070 -0.0210 0.0070 -0.0070 -0.0070 0.6370
5.7116 0.0000 0.0010 -0.0010 0.0000 0.0000 -0.1680 -0.0070 -0.0210 0.0070 -0.0070 -0.0070 0.6370
5.7126 0.0000 0.0010 -0.0010 0.0000 0.0000 -0.1680 -0.0070 -0.0210 0.0070 -0.0070 -0.0070 0.6370
5.7137 0.0000 0.0010 -0.0010 0.0000 0.0000 -0.1680 -0.0070 -0.0210 0.0070 -0.0070 -0.0070 0.6370
5.7147 0.0000 0.0010 -0.0010 0.0000 0.0000 -0.1680 -0.0070 -0.0210 0.0070 -0.0070 -0.0070 0.6370
5.7158 0.0000 0.0010 -0.0010 0.0000 0.0000 -0.1680 -0.0070 -0.0210 0.0070 -0.0070 -0.0070 0.6370
5.7167 0.0000 0.0010 -0.0010 0.0000 0.0000 -0.1680 -0.0070 -0.0210 0.0070 -0.0070 -0.0070 0.6370
5.7177 0.0000 0.0010 -0.0010 0.0000 0.0000 -0.1680 -0.0070 -0.0210 0.0070 -0.0070 -0.0070 0.6370
5.7187 0.0000 0.0010 -0.0010 0.0000 0.0000 -0.1680 -0.0070 -0.0210 0.0070 -0.0070 -0.0070 0.6370
5.7197 0.0000 0.0010 -0.0010 0.0000 0.0000 -0.1680 -0.0070 -0.0210 0.0070 -0.0070 -0.0070 0.6370
5.7207 0.0000 0.0010 -0.0010 0.0000 0.0000 -0.1680 -0.0070 -0.0210 0.0070 -0.0070 -0.0070 0.6370
5.7217 0.0000 0.0010 -0.0010 0.0000 0.0000 -0.1680 -0.0210 -0.0210 0.0070 -0.0070 -0.0070 0.6370
5.7226 0.0000 0.0010 -0.0010 0.0000 0.0000 -0.1660 -0.0070 -0.0210 0.0070 -0.0210 0.0070 0.7540
5.7236 0.0000 0.0010 -0.0010 0.0000 0.0000 -0.1660 -0.0070 -0.0210 0.0070 -0.0210 0.0070 0.7540
5.7247 0.0000 0.0010 -0.0010 0.0000 0.0000 -0.1660 -0.0070 -0.0210 0.0070 -0.0210 0.0070 0.7540
5.7257 0.0000 0.0010 -0.0010 0.0000 0.0000 -0.1660 -0.0070 -0.0210 0.0070 -0.0210 0.0070 0.7540
5.7267 0.0000 0.0010 -0.0010 0.0000 0.0000 -0.1660 -0.0070 -0.0210 0.0070 -0.0210 0.0070 0.7540
5.7277 0.0000 0.0010 -0.0010 0.0000 0.0000 -0.1660 -0.0070 -0.0210 0.0070 -0.0210 0.0070 0.7540
5.7287 0.0000 0.0010 -0.0010 0.0000 0.0000 -0.1660 -0.0070 -0.0210 0.0070 -0.0210 0.0070 0.7540
5.7297 0.0000 0.0010 -0.0010 0.0000 0.0000 -0.1660 -0.0070 -0.0210 0.0070 -0.0210 0.0070 0.7540
5.7307 0.0000 0.0010 -0.0010 0.0000 0.0000 -0.1660 -0.0070 -0.0210 0.0070 -0.0210 0.0070 0.7540
5.7317 0.0000 0.0010 -0.0010 0.0000 0.0000 -0.1660 -0.0070 -0.0210 0.0070 -0.0210 0.0070 0.7540
5.7327 0.0000 0.0010 -0.0010 0.0000 0.0000 -0.1660 -0.0070 -0.0210 0.0070 -0.0210 0.0070 0.7540
5.7344 0.0000 0.0010 -0.0010 0.0000 0.0000 -0.1660 -0.0070 -0.0210 0.0070 -0.0210 0.0070 0.7540
5.7347 0.0000 0.0010 -0.0010 0.0000 0.0000 -0.1640 -0.0070 -0.0360 0.0070 -0.0070 -0.0070 0.6220
5.7357 0.0000 0.0010 -0.0010 0.0000 0.0000 -0.1630 -0.0070 -0.0360 0.0070 -0.0070 -0.0070 0.5930
5.7367 0.0000 0.0010 -0.0010 0.0000 0.0000 -0.1630 -0.0070 -0.0360 0.0070 -0.0070 -0.0070 0.5930
5.7377 0.0000 0.0010 -0.0010 0.0000 0.0000 -0.1630 -0.0070 -0.0360 0.0070 -0.0070 -0.0070 0.5930
5.7387 0.0000 0.0010 -0.0010 0.0000 0.0000 -0.1630 -0.0070 -0.0360 0.0070 -0.0070 -0.0070 0.5930
5.7397 0.0000 0.0010 -0.0010 0.0000 0.0000 -0.1630 -0.0070 -0.0360 0.0070 -0.0070 -0.0070 0.5930
5.7407 0.0000 0.0010 -0.0010 0.0000 0.0000 -0.1630 -0.0070 -0.0360 0.0070 -0.0070 -0.0070 0.5930
5.7417 0.0000 0.0010 -0.0010 0.0000 0.0000 -0.1630 -0.0070 -0.0360 0.0070 -0.0070 -0.0070 0.5930
5.7427 0.0000 0.0010 -0.0010 0.0000 0.0000 -0.1630 -0.0070 -0.0360 0.0070 -0.0070 -0.0070 0.5930
5.7437 0.0000 0.0010 -0.0010 0.0000 0.0000 -0.1630 -0.0070 -0.0360 0.0070 -0.0070 -0.0070 0.5930
5.7446 0.0000 0.0010 -0.0010 0.0000 0.0000 -0.1630 -0.0070 -0.0360 0.0070 -0.0070 -0.0070 0.5930
5.7457 0.0000 0.0010 -0.0010 0.0000 0.0000 -0.1630 -0.0070 -0.0360 0.0070 -0.0070 -0.0070 0.5930
5.7467 0.0000 0.0010 -0.0010 0.0000 0.0000 -0.1610 -0.0070 -0.0360 0.0070 -0.0210 0.0070 0.6370
5.7477 0.0000 0.0010 -0.0010 0.0000 0.0000 -0.1600 -0.0070 -0.0510 -0.0070 -0.0070 -0.0070 0.7100
5.7487 0.0000 0.0010 -0.0010 0.0000 0.0000 -0.1600 -0.0070 -0.0510 -0.0070 -0.0070 -0.0070 0.7100
5.7497 0.0000 0.0010 -0.0010 0.0000 0.0000 -0.1600 -0.0070 -0.0510 -0.0070 -0.0070 -0.0070 0.7100
5.7507 0.0000 0.0010 -0.0010 0.0000 0.0000 -0.1600 -0.0070 -0.0510 -0.0070 -0.0070 -0.0070 0.7100
5.7517 0.0000 0.0010 -0.0010 0.0000 0.0000 -0.1600 -0.0070 -0.0510 -0.0070 -0.0070 -0.0070 0.7100
5.7527 0.0000 0.0010 -0.0010 0.0000 0.0000 -0.1600 -0.0070 -0.0510 -0.0070 -0.0070 -0.0070 0.7100
5.7537 0.0000 0.0010 -0.0010 0.0000 0.0000 -0.1600 -0.0070 -0.0510 -0.0070 -0.0070 -0.0070 0.7100
5.7547 0.0000 0.0010 -0.0010 0.0000 0.0000 -0.1600 -0.0070 -0.0510 -0.0070 -0.0070 -0.0070 0.7100
5.7557 0.0000 0.0010 -0.0010 0.0000 0.0000 -0.1600 -0.0070 -0.0510 -0.0070 -0.0070 -0.0070 0.7100
5.7583 0.0000 0.0010 -0.0010 0.0000 0.0000 -0.1600 -0.0070 -0.0510 -0.0070 -0.0070 -0.0070 0.7100
5.7587 0.0000 0.0010 -0.0010 0.0000 0.0000 -0.1580 -0.0070 -0.0360 0.0070 -0.0070 -0.0070 0.7100
5.7590 0.0000 0.0010 -0.0010 0.0000 0.0000 -0.1580 -0.0070 -0.0360 0.0070 -0.0070 -0.0070 0.7100
5.7597 0.0000 0.0010 -0.0010 0.0000 0.0000 -0.1580 -0.0070 -0.0360 0.0070 -0.0070 -0.0070 0.7100
5.7607 0.0000 0.0010 -0.0010 0.0000 0.0000 -0.1570 -0.0070 -0.0360 -0.0070 -0.0070 -0.0070 0.5640
5.7617 0.0000 0.0010 -0.0010 0.0000 0.0000 -0.1570 -0.0070 -0.0360 -0.0070 -0.0070 -0.0070 0.5640
5.7627 0.0000 0.0010 -0.0010 0.0000 0.0000 -0.1570 -0.0070 -0.0360 -0.0070 -0.0070 -0.0070 0.5640
5.7637 0.0000 0.0010 -0.0010 0.0000 0.0000 -0.1570 -0.0070 -0.0360 -0.0070 -0.0070 -0.0070 0.5640
5.7647 0.0000 0.0010 -0.0010 0.0000 0.0000 -0.1570 -0.0070 -0.0360 -0.0070 -0.0070 -0.0070 0.5640
5.7657 0.0000 0.0010 -0.0010 0.0000 0.0000 -0.1570 -0.0070 -0.0360 -0.0070 -0.0070 -0.0070 0.5640
5.7666 0.0000 0.0010 -0.0010 0.0000 0.0000 -0.1570 -0.0070 -0.0360 -0.0070 -0.0070 -0.0070 0.5640
5.7677 0.0000 0.0010 -0.0010 0.0000 0.0000 -0.1570 -0.0070 -0.0360 -0.0070 -0.0070 -0.0070 0.5640
5.7687 0.0000 0.0010 -0.0010 0.0000 0.0000 -0.1570 -0.0070 -0.0360 -0.0070 -0.0070 -0.0070 0.5640
5.7697 0.0000 0.0010 -0.0010 0.0000 0.0000 -0.1570 -0.0070 -0.0360 -0.0070 -0.0070 -0.0070 0.5640
5.7707 0.0000 0.0010 -0.0010 0.0000 0.0000 -0.1550 -0.0070 -0.0360 0.0070 -0.0070 0.0070 0.6080
5.7717 0.0000 0.0010 -0.0010 0.0000 0.0000 -0.1550 -0.0070 -0.0360 0.0070 -0.0070 0.0070 0.6080
5.7727 0.0000 0.0010 -0.0010 0.0000 0.0000 -0.1550 -0.0070 -0.0360 0.0070 -0.0070 0.0070 0.6080
5.7737 0.0000 0.0010 -0.0010 0.0000 0.0000 -0.1550 -0.0070 -0.0360 0.0070 -0.0070 0.0070 0.6080
5.7747 0.0000 0.0010 -0.0010 0.0000 0.0000 -0.1550 -0.0070 -0.0360 0.0070 -0.0070 0.0070 0.6080
5.7757 0.0000 0.0010 -0.0010 0.0000 0.0000 -0.1550 -0.0070 -0.0360 0.0070 -0.0070 0.0070 0.6080
5.7767 0.0000 0.0010 -0.0010 0.0000 0.0000 -0.1550 -0.0070 -0.0360 0.0070 -0.0070 0.0070 0.6080
5.7793 0.0000 0.0010 -0.0010 0.0000 0.0000 -0.1550 -0.0070 -0.0360 0.0070 -0.0070 0.0070 0.6080
5.7794 0.0000 0.0010 -0.0010 0.0000 0.0000 -0.1550 -0.0070 -0.0360 0.0070 -0.0070 0.0070 0.6080
5.7797 0.0000 0.0010 -0.0010 0.0000 0.0000 -0.1550 -0.0070 -0.0360 0.0070 -0.0070 0.0070 0.6080
5.7807 0.0000 0.0010 -0.0010 0.0000 0.0000 -0.1550 -0.0070 -0.0360 0.0070 -0.0070 0.0070 0.6080
5.7817 0.0000 0.0010 -0.0010 0.0000 0.0000 -0.1550 -0.0210 -0.0360 0.0070 -0.0070 0.0070 0.6080
5.7831 0.0000 0.0010 -0.0010 0.0000 0.0000 -0.1530 -0.0210 -0.0210 0.0070 -0.0210 -0.0070 0.6810
5.7837 0.0000 0.0010 -0.0010 0.0000 0.0000 -0.1530 -0.0210 -0.0210 0.0070 -0.0210 -0.0070 0.6810
5.7847 0.0000 0.0010 -0.0010 0.0000 0.0000 -0.1530 -0.0210 -0.0210 0.0070 -0.0210 -0.0070 0.6810
5.7857 0.0000 0.0010 -0.0010 0.0000 0.0000 -0.1530 -0.0210 -0.0210 0.0070 -0.0210 -0.0070 0.6810
5.7866 0.0000 0.0010 -0.0010 0.0000 0.0000 -0.1530 -0.0210 -0.0210 0.0070 -0.0210 -0.0070 0.6810
5.7877 0.0000 0.0010 -0.0010 0.0000 0.0000 -0.1530 -0.0210 -0.0210 0.0070 -0.0210 -0.0070 0.6810
5.7887 0.0000 0.0010 -0.0010 0.0000 0.0000 -0.1530 -0.0210 -0.0210 0.0070 -0.0210 -0.0070 0.6810
5.7897 0.0000 0.0010 -0.0010 0.0000 0.0000 -0.1530 -0.0210 -0.0210 0.0070 -0.0210 -0.0070 0.6810
5.7907 0.0000 0.0010 -0.0010 0.0000 0.0000 -0.1530 -0.0210 -0.0210 0.0070 -0.0210 -0.0070 0.6810
5.7917 0.0000 0.0010 -0.0010 0.0000 0.0000 -0.1530 -0.0210 -0.0210 0.0070 -0.0210 -0.0070 0.6810
5.7927 0.0000 0.0010 -0.0010 0.0000 0.0000 -0.1530 -0.0210 -0.0210 0.0070 -0.0210 -0.0070 0.6810
5.7938 0.0000 0.0010 -0.0010 0.0000 0.0000 -0.1530 -0.0210 -0.0210 0.0070 -0.0210 -0.0070 0.6810
5.7947 0.0000 0.0000 -0.0010 0.0000 0.0000 -0.1510 -0.0070 -0.0210 0.0070 -0.0210 0.0070 0.5640
5.7957 0.0000 0.0000 -0.0010 0.0000 0.0000 -0.1500 -0.0070 -0.0210 0.0210 -0.0070 -0.0210 0.5340
5.7967 0.0000 0.0000 -0.0010 0.0000 0.0000 -0.1500 -0.0070 -0.0210 0.0210 -0.0070 -0.0210 0.5340
5.7977 0.0000 0.0000 -0.0010 0.0000 0.0000 -0.1500 -0.0070 -0.0210 0.0210 -0.0070 -0.0210 0.5340
5.7987 0.0000 0.0000 -0.0010 0.0000 0.0000 -0.1500 -0.0070 -0.0210 0.0210 -0.0070 -0.0210 0.5340
5.7997 0.0000 0.0000 -0.0010 0.0000 0.0000 -0.1500 -0.0070 -0.0210 0.0210 -0.0070 -0.0210 0.5340
5.8007 0.0000 0.0000 -0.0010 0.0000 0.0000 -0.1500 -0.0070 -0.0210 0.0210 -0.0070 -0.0210 0.5340
5.8017 0.0000 0.0000 -0.0010 0.0000 0.0000 -0.1500 -0.0070 -0.0210 0.0210 -0.0070 -0.0210 0.5340
5.8027 0.0000 0.0000 -0.0010 0.0000 0.0000 -0.1500 -0.0070 -0.0210 0.0210 -0.0070 -0.0210 0.5340
5.8038 0.0000 0.0000 -0.0010 0.0000 0.0000 -0.1500 -0.0070 -0.0210 0.0210 -0.0070 -0.0210 0.5340
5.8047 0.0000 0.0000 -0.0010 0.0000 0.0000 -0.1500 -0.0070 -0.0210 0.0210 -0.0070 -0.0210 0.5340
5.8057 0.0000 0.0000 -0.0010 0.0000 0.0000 -0.1500 -0.0070 -0.0210 0.0210 -0.0070 -0.0210 0.5340
5.8068 0.0000 0.0000 -0.0010 0.0000 0.0000 -0.1500 -0.0070 -0.0210 0.0210 -0.0070 -0.0210 0.5340
5.8079 0.0000 0.0000 -0.0010 0.0000 0.0000 -0.1500 -0.0070 -0.0210 0.0210 -0.0070 -0.0070 0.5340
5.8086 0.0000 0.0000 -0.0010 0.0000 0.0000 -0.1480 -0.0070 -0.0070 0.0210 -0.0210 -0.0070 0.6220
5.8097 0.0000 0.0000 -0.0010 0.0000 0.0000 -0.1480 -0.0070 -0.0070 0.0210 -0.0210 -0.0070 0.6220
5.8106 0.0000 0.0000 -0.0010 0.0000 0.0000 -0.1480 -0.0070 -0.0070 0.0210 -0.0210 -0.0070 0.6220
5.8116 0.0000 0.0000 -0.0010 0.0000 0.0000 -0.1480 -0.0070 -0.0070 0.0210 -0.0210 -0.0070 0.6220
5.8127 0.0000 0.0000 -0.0010 0.0000 0.0000 -0.1480 -0.0070 -0.0070 0.0210 -0.0210 -0.0070 0.6220
5.8136 0.0000 0.0000 -0.0010 0.0000 0.0000 -0.1480 -0.0070 -0.0070 0.0210 -0.0210 -0.0070 0.6220
5.8147 0.0000 0.0000 -0.0010 0.0000 0.0000 -0.1480 -0.0070 -0.0070 0.0210 -0.0210 -0.0070 0.6220
5.8157 0.0000 0.0000 -0.0010 0.0000 0.0000 -0.1480 -0.0070 -0.0070 0.0210 -0.0210 -0.0070 0.6220
5.8168 0.0000 0.0000 -0.0010 0.0000 0.0000 -0.1480 -0.0070 -0.0070 0.0210 -0.0210 -0.0070 0.6220
5.8177 0.0000 0.0000 -0.0010 0.0000 0.0000 -0.1480 -0.0070 -0.0070 0.0210 -0.0210 -0.0070 0.6220
5.8187 0.0000 0.0000 -0.0010 0.0000 0.0000 -0.1480 -0.0070 -0.0070 0.0210 -0.0210 -0.0070 0.6220
5.8201 0.0000 0.0000 -0.0010 0.0000 0.0000 -0.1450 -0.0070 -0.0210 0.0210 -0.0070 -0.0070 0.5780
5.8207 0.0000 0.0000 -0.0010 0.0000 0.0000 -0.1450 -0.0070 -0.0210 0.0210 -0.0070 -0.0070 0.5780
5.8216 0.0000 0.0000 -0.0010 0.0000 0.0000 -0.1450 -0.0070 -0.0210 0.0210 -0.0070 -0.0070 0.5780
5.8227 0.0000 0.0000 -0.0010 0.0000 0.0000 -0.1450 -0.0070 -0.0210 0.0210 -0.0070 -0.0070 0.5780
5.8237 0.0000 0.0000 -0.0010 0.0000 0.0000 -0.1450 -0.0070 -0.0210 0.0210 -0.0070 -0.0070 0.5780
5.8247 0.0000 0.0000 -0.0010 0.0000 0.0000 -0.1450 -0.0070 -0.0210 0.0210 -0.0070 -0.0070 0.5780
5.8257 0.0000 0.0000 -0.0010 0.0000 0.0000 -0.1450 -0.0070 -0.0210 0.0210 -0.0070 -0.0070 0.5780
5.8267 0.0000 0.0000 -0.0010 0.0000 0.0000 -0.1450 -0.0070 -0.0210 0.0210 -0.0070 -0.0070 0.5780
5.8277 0.0000 0.0000 -0.0010 0.0000 0.0000 -0.1450 -0.0070 -0.0210 0.0210 -0.0070 -0.0070 0.5780
5.8287 0.0000 0.0000 -0.0010 0.0000 0.0000 -0.1450 -0.0070 -0.0210 0.0210 -0.0070 -0.0070 0.5780
5.8297 0.0000 0.0000 -0.0010 0.0000 0.0000 -0.1450 -0.0070 -0.0210 0.0210 -0.0070 -0.0070 0.5780
5.8307 0.0000 0.0000 -0.0010 0.0000 0.0000 -0.1450 -0.0070 -0.0210 0.0210 -0.0070 -0.0070 0.5780
5.8317 0.0000 0.0000 -0.0010 0.0000 0.0000 -0.1440 -0.0210 -0.0070 0.0210 -0.0070 -0.0070 0.5200
5.8329 0.0000 0.0000 -0.0010 0.0000 0.0000 -0.1430 -0.0070 -0.0210 0.0210 -0.0070 -0.0070 0.5200
5.8337 0.0000 0.0000 -0.0010 0.0000 0.0000 -0.1430 -0.0210 -0.0210 0.0210 -0.0070 -0.0070 0.5200
5.8347 0.0000 0.0000 -0.0010 0.0000 0.0000 -0.1430 -0.0210 -0.0210 0.0210 -0.0070 -0.0070 0.5200
5.8357 0.0000 0.0000 -0.0010 0.0000 0.0000 -0.1430 -0.0210 -0.0210 0.0210 -0.0070 -0.0070 0.5200
5.8367 0.0000 0.0000 -0.0010 0.0000 0.0000 -0.1430 -0.0210 -0.0210 0.0210 -0.0070 -0.0070 0.5200
5.8377 0.0000 0.0000 -0.0010 0.0000 0.0000 -0.1430 -0.0210 -0.0210 0.0210 -0.0070 -0.0070 0.5200
5.8387 0.0000 0.0000 -0.0010 0.0000 0.0000 -0.1430 -0.0210 -0.0210 0.0210 -0.0070 -0.0070 0.5200
5.8397 0.0000 0.0000 -0.0010 0.0000 0.0000 -0.1430 -0.0210 -0.0210 0.0210 -0.0070 -0.0070 0.5200
5.8407 0.0000 0.0000 -0.0010 0.0000 0.0000 -0.1430 -0.0210 -0.0210 0.0210 -0.0070 -0.0070 0.5200
5.8416 0.0000 0.0000 -0.0010 0.0000 0.0000 -0.1430 -0.0210 -0.0210 0.0210 -0.0070 -0.0070 0.5200
5.8427 0.0000 0.0000 -0.0010 0.0000 0.0000 -0.1430 -0.0210 -0.0210 0.0210 -0.0070 -0.0070 0.5200
5.8450 0.0000 0.0000 0.0000 0.0000 0.0000 -0.1400 -0.0070 -0.0210 0.0210 -0.0070 -0.0070 0.6370
5.8451 0.0000 0.0000 0.0000 0.0000 0.0000 -0.1400 -0.0070 -0.0210 0.0210 -0.0070 -0.0070 0.6370
5.8456 0.0000 0.0000 0.0000 0.0000 0.0000 -0.1400 -0.0070 -0.0210 0.0210 -0.0070 -0.0070 0.6370
5.8466 0.0000 0.0000 0.0000 0.0000 0.0000 -0.1400 -0.0070 -0.0210 0.0210 -0.0070 -0.0070 0.6370
5.8477 0.0000 0.0000 0.0000 0.0000 0.0000 -0.1400 -0.0070 -0.0210 0.0210 -0.0070 -0.0070 0.6370
5.8487 0.0000 0.0000 0.0000 0.0000 0.0000 -0.1400 -0.0070 -0.0210 0.0210 -0.0070 -0.0070 0.6370
5.8497 0.0000 0.0000 0.0000 0.0000 0.0000 -0.1400 -0.0070 -0.0210 0.0210 -0.0070 -0.0070 0.6370
5.8507 0.0000 0.0000 0.0000 0.0000 0.0000 -0.1400 -0.0070 -0.0210 0.0210 -0.0070 -0.0070 0.6370
5.8517 0.0000 0.0000 0.0000 0.0000 0.0000 -0.1400 -0.0070 -0.0210 0.0210 -0.0070 -0.0070 0.6370
5.8527 0.0000 0.0000 0.0000 0.0000 0.0000 -0.1400 -0.0070 -0.0210 0.0210 -0.0070 -0.0070 0.6370
5.8537 0.0000 0.0000 0.0000 0.0000 0.0000 -0.1400 -0.0070 -0.0210 0.0210 -0.0070 -0.0070 0.6370
5.8548 0.0000 0.0000 0.0000 0.0000 0.0000 -0.1400 -0.0070 -0.0210 0.0210 -0.0070 -0.0070 0.6370
5.8557 0.0000 0.0000 0.0000 0.0000 0.0000 -0.1400 -0.0070 -0.0210 0.0210 -0.0070 -0.0070 0.6370
5.8567 0.0000 0.0000 0.0000 0.0000 0.0000 -0.1400 -0.0070 -0.0210 0.0210 -0.0070 -0.0070 0.6370
5.8577 0.0000 0.0000 0.0000 0.0000 0.0000 -0.1400 -0.0070 -0.0210 0.0210 -0.0070 -0.0070 0.6370
5.8587 0.0000 0.0000 0.0000 0.0000 0.0000 -0.1400 -0.0070 -0.0210 0.0210 -0.0070 -0.0070 0.6370
5.8597 0.0000 0.0000 0.0000 0.0000 0.0000 -0.1400 -0.0070 -0.0210 0.0210 -0.0070 -0.0070 0.6370
5.8607 0.0000 0.0000 0.0000 0.0000 0.0000 -0.1400 -0.0070 -0.0210 0.0210 -0.0070 -0.0070 0.6370
5.8622 0.0000 0.0000 0.0000 0.0000 0.0000 -0.1400 -0.0070 -0.0210 0.0210 -0.0070 -0.0070 0.6370
5.8626 0.0000 0.0000 0.0000 0.0000 0.0000 -0.1400 -0.0070 -0.0210 0.0210 -0.0070 -0.0070 0.6370
5.8638 0.0000 0.0000 0.0000 0.0000 0.0000 -0.1380 -0.0070 -0.0210 0.0070 -0.0070 -0.0070 0.5340
5.8647 0.0000 0.0000 0.0000 0.0000 0.0000 -0.1380 -0.0070 -0.0210 0.0070 -0.0070 -0.0070 0.5340
5.8657 0.0000 0.0000 0.0000 0.0000 0.0000 -0.1380 -0.0070 -0.0210 0.0070 -0.0070 -0.0070 0.5340
5.8667 0.0000 0.0000 0.0000 0.0000 0.0000 -0.1380 -0.0070 -0.0210 0.0070 -0.0070 -0.0070 0.5340
5.8718 0.0000 0.0000 0.0000 0.0000 0.0000 -0.1380 -0.0070 -0.0210 0.0070 -0.0070 -0.0070 0.5340
5.8734 0.0000 0.0000 0.0000 0.0000 0.0000 -0.1370 0.0070 -0.0070 -0.0070 -0.0070 -0.0210 0.4760
5.8738 0.0000 0.0000 0.0000 0.0000 0.0000 -0.1370 0.0070 -0.0070 -0.0070 -0.0070 -0.0210 0.4760
5.8744 0.0000 0.0000 0.0000 0.0000 0.0000 -0.1370 0.0070 -0.0070 -0.0070 -0.0070 -0.0210 0.4760
5.8760 0.0000 0.0000 0.0000 0.0000 0.0000 -0.1370 0.0070 -0.0070 -0.0070 -0.0070 -0.0210 0.4760
5.8801 0.0000 0.0000 0.0000 0.0000 0.0000 -0.1350 -0.0070 -0.0070 -0.0070 -0.0210 -0.0070 0.5490
5.8815 0.0000 0.0000 0.0000 0.0000 0.0000 -0.1350 -0.0070 -0.0070 -0.0070 -0.0210 -0.0070 0.5490
5.8822 0.0000 0.0000 0.0000 0.0000 0.0000 -0.1350 -0.0070 -0.0070 -0.0070 -0.0210 -0.0070 0.5490
5.8830 0.0000 0.0000 0.0000 0.0000 0.0000 -0.1350 -0.0070 -0.0070 -0.0070 -0.0210 -0.0070 0.5490
5.8846 0.0000 0.0000 0.0000 0.0000 0.0000 -0.1350 -0.0070 -0.0070 -0.0070 -0.0210 -0.0070 0.5490
5.8855 0.0000 0.0000 0.0000 0.0000 0.0000 -0.1350 -0.0070 -0.0070 -0.0070 -0.0210 -0.0070 0.5490
5.8861 0.0000 0.0000 0.0000 0.0000 0.0000 -0.1350 -0.0070 -0.0070 -0.0070 -0.0210 -0.0070 0.5490
5.8871 0.0000 0.0000 0.0000 0.0000 0.0000 -0.1350 -0.0070 -0.0070 -0.0070 -0.0210 -0.0070 0.5490
5.8883 0.0000 0.0000 0.0000 0.0000 0.0000 -0.1350 -0.0070 -0.0070 -0.0070 -0.0210 -0.0070 0.5490
5.8891 0.0000 0.0000 0.0000 0.0000 0.0000 -0.1350 -0.0070 -0.0070 -0.0070 -0.0210 -0.0070 0.5490
5.8901 0.0000 0.0000 0.0000 0.0000 0.0000 -0.1350 -0.0070 -0.0070 -0.0070 -0.0210 -0.0070 0.5490
5.8911 0.0000 0.0000 0.0000 0.0000 0.0000 -0.1350 -0.0070 -0.0070 -0.0070 -0.0210 -0.0070 0.5490
5.8921 0.0000 0.0000 0.0000 0.0000 0.0000 -0.1350 -0.0070 -0.0070 -0.0070 -0.0210 -0.0070 0.5490
5.8931 0.0000 0.0000 0.0000 0.0000 0.0000 -0.1350 -0.0070 -0.0070 -0.0070 -0.0210 -0.0070 0.5490
5.8941 0.0000 0.0000 0.0000 0.0000 0.0000 -0.1350 -0.0070 -0.0070 -0.0070 -0.0210 -0.0070 0.5490
5.8951 0.0000 0.0000 0.0000 0.0000 0.0000 -0.1350 -0.0070 -0.0070 -0.0070 -0.0210 -0.0070 0.5490
5.8961 0.0000 0.0000 0.0000 0.0000 0.0000 -0.1350 -0.0070 -0.0070 -0.0070 -0.0210 -0.0070 0.5490
5.8971 0.0000 0.0000 0.0000 0.0000 0.0000 -0.1350 -0.0070 -0.0070 -0.0070 -0.0210 -0.0070 0.5490
5.8995 0.0000 0.0000 0.0000 0.0000 0.0000 -0.1350 -0.0070 -0.0070 -0.0070 -0.0210 -0.0070 0.5490
5.9055 0.0000 0.0000 0.0000 0.0000 0.0000 -0.1310 -0.0070 -0.0070 0.0070 -0.0070 -0.0070 0.4460
5.9064 0.0000 0.0000 0.0000 0.0000 0.0000 -0.1310 -0.0070 -0.0070 0.0070 -0.0070 -0.0070 0.4460
5.9090 0.0000 0.0000 0.0000 0.0000 0.0000 -0.1310 -0.0070 -0.0070 0.0070 -0.0070 -0.0070 0.4460
5.9140 0.0000 0.0000 0.0000 0.0000 0.0000 -0.1310 -0.0070 -0.0070 0.0070 -0.0070 -0.0070 0.4460
5.9186 0.0000 0.0000 0.0000 0.0000 0.0000 -0.1290 -0.0070 -0.0070 -0.0070 -0.0070 -0.0210 0.5200
5.9192 0.0000 0.0000 0.0000 0.0000 0.0000 -0.1280 -0.0070 -0.0070 -0.0070 -0.0070 -0.0070 0.5640
5.9202 0.0000 0.0000 0.0000 0.0000 0.0000 -0.1280 -0.0070 -0.0070 -0.0070 -0.0070 -0.0070 0.5640
5.9212 0.0000 0.0000 0.0000 0.0000 0.0000 -0.1280 -0.0070 -0.0070 -0.0070 -0.0070 -0.0070 0.5640
5.9229 0.0000 0.0000 0.0000 0.0000 0.0000 -0.1280 -0.0070 -0.0070 -0.0070 -0.0070 -0.0070 0.5640
5.9234 0.0000 0.0000 0.0000 0.0000 0.0000 -0.1280 -0.0070 -0.0070 -0.0070 -0.0070 -0.0070 0.5640
5.9244 0.0000 0.0000 0.0000 0.0000 0.0000 -0.1280 -0.0070 -0.0070 -0.0070 -0.0070 -0.0070 0.5640
5.9252 0.0000 0.0000 0.0000 0.0000 0.0000 -0.1280 -0.0070 -0.0070 -0.0070 -0.0070 -0.0070 0.5640
5.9262 0.0000 0.0000 0.0000 0.0000 0.0000 -0.1280 -0.0070 -0.0070 -0.0070 -0.0070 -0.0070 0.5640
5.9272 0.0000 0.0000 0.0000 0.0000 0.0000 -0.1280 -0.0070 -0.0070 -0.0070 -0.0070 -0.0070 0.5640
5.9417 0.0000 0.0000 0.0000 0.0000 0.0000 -0.1240 -0.0070 -0.0210 -0.0070 -0.0360 -0.0070 0.4320
5.9426 0.0000 0.0000 0.0000 0.0000 0.0000 -0.1240 -0.0070 -0.0210 -0.0070 -0.0360 -0.0070 0.4320
5.9435 0.0000 0.0000 0.0000 0.0000 0.0000 -0.1240 -0.0070 -0.0210 -0.0070 -0.0360 -0.0070 0.4320
5.9459 0.0000 0.0000 0.0000 0.0000 0.0000 -0.1240 -0.0070 -0.0210 -0.0070 -0.0360 -0.0070 0.4320
5.9470 0.0000 0.0000 0.0000 0.0000 0.0000 -0.1240 -0.0070 -0.0210 -0.0070 -0.0360 -0.0070 0.4320
5.9478 0.0000 0.0000 0.0000 0.0000 0.0000 -0.1240 -0.0070 -0.0210 -0.0070 -0.0360 -0.0070 0.4320
5.9485 0.0000 0.0000 0.0000 0.0000 0.0000 -0.1240 -0.0070 -0.0210 -0.0070 -0.0360 -0.0070 0.4320
5.9496 0.0000 0.0000 0.0000 0.0000 0.0000 -0.1240 -0.0070 -0.0210 -0.0070 -0.0360 -0.0070 0.4320
5.9555 0.0000 0.0000 0.0000 0.0000 0.0000 -0.1240 -0.0070 -0.0210 -0.0070 -0.0360 -0.0070 0.4320
5.9561 0.0000 0.0000 0.0000 0.0000 0.0000 -0.1230 -0.0070 -0.0210 -0.0070 -0.0070 -0.0070 0.4760
5.9570 0.0000 0.0000 0.0000 0.0000 0.0000 -0.1230 -0.0070 -0.0210 -0.0070 -0.0070 -0.0070 0.4760
5.9583 0.0000 0.0000 0.0000 0.0000 0.0000 -0.1220 -0.0070 -0.0210 -0.0070 -0.0070 -0.0070 0.5490
5.9590 0.0000 0.0000 0.0000 0.0000 0.0000 -0.1220 -0.0070 -0.0210 -0.0070 -0.0070 -0.0070 0.5490
5.9608 0.0000 0.0000 0.0000 0.0000 0.0000 -0.1210 -0.0070 -0.0210 -0.0070 -0.0210 -0.0070 0.5640
5.9615 0.0000 0.0000 0.0000 0.0000 0.0000 -0.1210 -0.0070 -0.0210 -0.0070 -0.0210 -0.0070 0.5640
5.9620 0.0000 0.0000 0.0000 0.0000 0.0000 -0.1210 -0.0070 -0.0210 -0.0070 -0.0210 -0.0070 0.5640
5.9630 0.0000 0.0000 0.0000 0.0000 0.0000 -0.1210 -0.0070 -0.0210 -0.0070 -0.0210 -0.0070 0.5640
5.9640 0.0000 0.0000 0.0000 0.0000 0.0000 -0.1210 -0.0070 -0.0210 -0.0070 -0.0210 -0.0070 0.5640
5.9650 0.0000 0.0000 0.0000 0.0000 0.0000 -0.1210 -0.0070 -0.0210 -0.0070 -0.0210 -0.0070 0.5640
5.9660 0.0000 0.0000 0.0000 0.0000 0.0000 -0.1210 -0.0070 -0.0210 -0.0070 -0.0210 -0.0070 0.5640
5.9670 0.0000 0.0000 0.0000 0.0000 0.0000 -0.1210 -0.0070 -0.0210 -0.0070 -0.0210 -0.0070 0.5640
5.9680 0.0000 0.0000 0.0000 0.0000 0.0000 -0.1210 -0.0070 -0.0210 -0.0070 -0.0210 -0.0070 0.5640
5.9690 0.0000 0.0000 0.0000 0.0000 0.0000 -0.1210 -0.0070 -0.0210 -0.0070 -0.0210 -0.0070 0.5640
5.9700 0.0000 0.0000 0.0000 0.0000 0.0000 -0.1190 -0.0070 -0.0210 -0.0070 -0.0070 0.0070 0.4320
5.9710 0.0000 0.0000 0.0000 0.0000 0.0000 -0.1190 -0.0070 -0.0210 -0.0070 -0.0070 0.0070 0.4320
5.9720 0.0000 0.0000 0.0000 0.0000 0.0000 -0.1190 -0.0070 -0.0210 -0.0070 -0.0070 0.0070 0.4320
5.9730 0.0000 0.0000 0.0000 0.0000 0.0000 -0.1190 -0.0070 -0.0210 -0.0070 -0.0070 0.0070 0.4320
5.9740 0.0000 0.0000 0.0000 0.0000 0.0000 -0.1190 -0.0070 -0.0210 -0.0070 -0.0070 0.0070 0.4320
5.9750 0.0000 0.0000 0.0000 0.0000 0.0000 -0.1190 -0.0070 -0.0210 -0.0070 -0.0070 0.0070 0.4320
5.9760 0.0000 0.0000 0.0000 0.0000 0.0000 -0.1190 -0.0070 -0.0210 -0.0070 -0.0070 0.0070 0.4320
5.9770 0.0000 0.0000 0.0000 0.0000 0.0000 -0.1190 -0.0070 -0.0210 -0.0070 -0.0070 0.0070 0.4320
5.9780 0.0000 0.0000 0.0000 0.0000 0.0000 -0.1190 -0.0070 -0.0210 -0.0070 -0.0070 0.0070 0.4320
5.9793 0.0000 0.0000 0.0000 0.0000 0.0000 -0.1190 -0.0070 -0.0210 -0.0070 -0.0070 0.0070 0.4320
5.9800 0.0000 0.0000 0.0000 0.0000 0.0000 -0.1190 -0.0070 -0.0210 -0.0070 -0.0070 0.0070 0.4320
5.9810 0.0000 0.0000 0.0000 0.0000 0.0000 -0.1190 -0.0070 -0.0210 -0.0070 -0.0070 0.0070 0.4320
5.9820 0.0000 0.0000 0.0000 0.0000 0.0000 -0.1180 -0.0210 -0.0210 -0.0070 -0.0210 0.0070 0.3580
5.9830 0.0000 0.0000 0.0000 0.0000 0.0000 -0.1160 -0.0070 -0.0210 0.0070 -0.0070 0.0070 0.4610
5.9840 0.0000 0.0000 0.0000 0.0000 0.0000 -0.1160 -0.0070 -0.0070 -0.0070 -0.0210 -0.0070 0.4610
5.9850 0.0000 0.0000 0.0000 0.0000 0.0000 -0.1160 -0.0070 -0.0070 -0.0070 -0.0210 -0.0070 0.4610
5.9860 0.0000 0.0000 0.0000 0.0000 0.0000 -0.1160 -0.0070 -0.0070 -0.0070 -0.0210 -0.0070 0.4610
5.9870 0.0000 0.0000 0.0000 0.0000 0.0000 -0.1160 -0.0070 -0.0070 -0.0070 -0.0210 -0.0070 0.4610
5.9880 0.0000 0.0000 0.0000 0.0000 0.0000 -0.1160 -0.0070 -0.0070 -0.0070 -0.0210 -0.0070 0.4610
5.9890 0.0000 0.0000 0.0000 0.0000 0.0000 -0.1160 -0.0070 -0.0070 -0.0070 -0.0210 -0.0070 0.4610
5.9900 0.0000 0.0000 0.0000 0.0000 0.0000 -0.1160 -0.0070 -0.0070 -0.0070 -0.0210 -0.0070 0.4610
5.9910 0.0000 0.0000 0.0000 0.0000 0.0000 -0.1160 -0.0070 -0.0070 -0.0070 -0.0210 -0.0070 0.4610
5.9920 0.0000 0.0000 0.0000 0.0000 0.0000 -0.1160 -0.0070 -0.0070 -0.0070 -0.0210 -0.0070 0.4610
5.9930 0.0000 0.0000 0.0000 0.0000 0.0000 -0.1160 -0.0070 -0.0070 -0.0070 -0.0210 -0.0070 0.4610
5.9940 0.0000 0.0000 0.0000 0.0000 0.0000 -0.1160 -0.0070 -0.0070 -0.0070 -0.0210 -0.0070 0.4610
5.9957 0.0000 0.0000 0.0000 0.0000 0.0000 -0.1150 0.0070 -0.0070 -0.0070 -0.0210 -0.0070 0.5200
5.9960 0.0000 0.0000 0.0000 0.0000 0.0000 -0.1140 -0.0070 -0.0070 -0.0070 -0.0210 0.0070 0.5490
5.9970 0.0000 0.0000 0.0000 0.0000 0.0000 -0.1140 -0.0070 -0.0070 -0.0070 -0.0210 0.0070 0.5490
5.9980 0.0000 0.0000 0.0000 0.0000 0.0000 -0.1140 -0.0070 -0.0070 -0.0070 -0.0210 0.0070 0.5490
5.9990 0.0000 0.0000 0.0000 0.0000 0.0000 -0.1140 -0.0070 -0.0070 -0.0070 -0.0210 0.0070 0.5490
6.0000 0.0000 0.0000 0.0000 0.0000 0.0000 -0.1140 -0.0070 -0.0070 -0.0070 -0.0210 0.0070 0.5490
6.0010 0.0000 0.0000 0.0000 0.0000 0.0000 -0.1140 -0.0070 -0.0070 -0.0070 -0.0210 0.0070 0.5490
6.0020 0.0000 0.0000 0.0000 0.0000 0.0000 -0.1140 -0.0070 -0.0070 -0.0070 -0.0210 0.0070 0.5490
6.0030 0.0000 0.0000 0.0000 0.0000 0.0000 -0.1140 -0.0070 -0.0070 -0.0070 -0.0210 0.0070 0.5490
6.0040 0.0000 0.0000 0.0000 0.0000 0.0000 -0.1140 -0.0070 -0.0070 -0.0070 -0.0210 0.0070 0.5490
6.0050 0.0000 0.0000 0.0000 0.0000 0.0000 -0.1140 -0.0070 -0.0070 -0.0070 -0.0210 0.0070 0.5490
6.0060 0.0000 0.0000 0.0000 0.0000 0.0000 -0.1140 -0.0070 -0.0070 -0.0070 -0.0210 0.0070 0.5490
6.0093 0.0000 0.0000 0.0000 0.0000 0.0000 -0.1120 -0.0070 -0.0070 0.0070 -0.0210 -0.0070 0.4170
6.0095 0.0000 0.0000 0.0000 0.0000 0.0000 -0.1120 -0.0070 -0.0070 0.0070 -0.0210 -0.0070 0.4170
6.0105 0.0000 0.0000 0.0000 0.0000 0.0000 -0.1120 -0.0070 -0.0070 0.0070 -0.0210 -0.0070 0.4170
6.0115 0.0000 0.0000 0.0000 0.0000 0.0000 -0.1120 -0.0070 -0.0070 0.0070 -0.0210 -0.0070 0.4170
6.0125 0.0000 0.0000 0.0000 0.0000 0.0000 -0.1120 -0.0070 -0.0070 0.0070 -0.0210 -0.0070 0.4170
6.0135 0.0000 0.0000 0.0000 0.0000 0.0000 -0.1120 -0.0070 -0.0070 0.0070 -0.0210 -0.0070 0.4170
6.0145 0.0000 0.0000 0.0000 0.0000 0.0000 -0.1120 -0.0070 -0.0070 0.0070 -0.0210 -0.0070 0.4170
6.0155 0.0000 0.0000 0.0000 0.0000 0.0000 -0.1120 -0.0070 -0.0070 0.0070 -0.0210 -0.0070 0.4170
6.0166 0.0000 0.0000 0.0000 0.0000 0.0000 -0.1120 -0.0070 -0.0070 0.0070 -0.0210 -0.0070 0.4170
6.0175 0.0000 0.0000 0.0000 0.0000 0.0000 -0.1120 -0.0070 -0.0070 0.0070 -0.0210 -0.0070 0.4170
6.0185 0.0000 0.0000 0.0000 0.0000 0.0000 -0.1120 -0.0070 -0.0070 0.0070 -0.0210 -0.0070 0.4170
6.0205 0.0000 0.0000 0.0000 0.0000 0.0000 -0.1110 0.0070 -0.0070 -0.0070 -0.0360 0.0070 0.3580
6.0207 0.0000 0.0000 0.0000 0.0000 0.0000 -0.1100 0.0070 -0.0210 -0.0070 -0.0360 -0.0070 0.4170
6.0215 0.0000 0.0000 0.0000 0.0000 0.0000 -0.1100 0.0070 -0.0210 -0.0070 -0.0360 -0.0070 0.4170
6.0226 0.0000 0.0000 0.0000 0.0000 0.0000 -0.1100 0.0070 -0.0210 -0.0070 -0.0360 -0.0070 0.4170
6.0236 0.0000 0.0000 0.0000 0.0000 0.0000 -0.1100 0.0070 -0.0210 -0.0070 -0.0360 -0.0070 0.4170
6.0245 0.0000 0.0000 0.0000 0.0000 0.0000 -0.1100 0.0070 -0.0210 -0.0070 -0.0360 -0.0070 0.4170
6.0255 0.0000 0.0000 0.0000 0.0000 0.0000 -0.1100 0.0070 -0.0210 -0.0070 -0.0360 -0.0070 0.4170
6.0265 0.0000 0.0000 0.0000 0.0000 0.0000 -0.1100 0.0070 -0.0210 -0.0070 -0.0360 -0.0070 0.4170
6.0276 0.0000 0.0000 0.0000 0.0000 0.0000 -0.1100 0.0070 -0.0210 -0.0070 -0.0360 -0.0070 0.4170
6.0286 0.0000 0.0000 0.0000 0.0000 0.0000 -0.1100 0.0070 -0.0210 -0.0070 -0.0360 -0.0070 0.4170
6.0295 0.0000 0.0000 0.0000 0.0000 0.0000 -0.1100 0.0070 -0.0210 -0.0070 -0.0360 -0.0070 0.4170
6.0306 0.0000 0.0000 0.0000 0.0000 0.0000 -0.1100 0.0070 -0.0210 -0.0070 -0.0360 -0.0070 0.4170
6.0316 0.0000 0.0000 0.0000 0.0000 0.0000 -0.1100 -0.0070 -0.0210 -0.0070 -0.0360 -0.0070 0.4170
6.0327 0.0000 0.0000 0.0000 0.0000 0.0000 -0.1100 -0.0070 -0.0210 -0.0070 -0.0360 -0.0070 0.4760
6.0335 0.0000 0.0000 0.0000 0.0000 0.0000 -0.1090 -0.0070 -0.0210 -0.0070 -0.0360 -0.0210 0.4760
6.0345 0.0000 0.0000 0.0000 0.0000 0.0000 -0.1090 -0.0070 -0.0210 -0.0070 -0.0360 -0.0210 0.4760
6.0355 0.0000 0.0000 0.0000 0.0000 0.0000 -0.1090 -0.0070 -0.0210 -0.0070 -0.0360 -0.0210 0.4760
6.0365 0.0000 0.0000 0.0000 0.0000 0.0000 -0.1090 -0.0070 -0.0210 -0.0070 -0.0360 -0.0210 0.4760
6.0375 0.0000 0.0000 0.0000 0.0000 0.0000 -0.1090 -0.0070 -0.0210 -0.0070 -0.0360 -0.0210 0.4760
6.0386 0.0000 0.0000 0.0000 0.0000 0.0000 -0.1090 -0.0070 -0.0210 -0.0070 -0.0360 -0.0210 0.4760
6.0396 0.0000 0.0000 0.0000 0.0000 0.0000 -0.1090 -0.0070 -0.0210 -0.0070 -0.0360 -0.0210 0.4760
6.0405 0.0000 0.0000 0.0000 0.0000 0.0000 -0.1090 -0.0070 -0.0210 -0.0070 -0.0360 -0.0210 0.4760
6.0416 0.0000 0.0000 0.0000 0.0000 0.0000 -0.1090 -0.0070 -0.0210 -0.0070 -0.0360 -0.0210 0.4760
6.0426 0.0000 0.0000 0.0000 0.0000 0.0000 -0.1090 -0.0070 -0.0210 -0.0070 -0.0360 -0.0210 0.4760
6.0436 0.0000 0.0000 0.0000 0.0000 0.0000 -0.1090 -0.0070 -0.0210 -0.0070 -0.0360 -0.0210 0.4760
6.0490 0.0000 0.0000 0.0000 0.0000 0.0000 -0.1090 -0.0070 -0.0210 -0.0070 -0.0360 -0.0210 0.4760
6.0495 0.0000 0.0000 0.0000 0.0000 0.0000 -0.1080 -0.0070 -0.0210 -0.0070 -0.0070 0.0070 0.4900
6.0505 0.0000 0.0000 0.0000 0.0000 0.0000 -0.1070 -0.0070 -0.0210 0.0070 -0.0070 -0.0070 0.4020
6.0515 0.0000 0.0000 0.0000 0.0000 0.0000 -0.1070 -0.0070 -0.0210 0.0070 -0.0070 -0.0070 0.4020
6.0525 0.0000 0.0000 0.0000 0.0000 0.0000 -0.1070 -0.0070 -0.0210 0.0070 -0.0070 -0.0070 0.4020
6.0535 0.0000 0.0000 0.0000 0.0000 0.0000 -0.1070 -0.0070 -0.0210 0.0070 -0.0070 -0.0070 0.4020
6.0545 0.0000 0.0000 0.0000 0.0000 0.0000 -0.1070 -0.0070 -0.0210 0.0070 -0.0070 -0.0070 0.4020
6.0555 0.0000 0.0000 0.0000 0.0000 0.0000 -0.1070 -0.0070 -0.0210 0.0070 -0.0070 -0.0070 0.4020
6.0565 0.0000 0.0000 0.0000 0.0000 0.0000 -0.1070 -0.0070 -0.0210 0.0070 -0.0070 -0.0070 0.4020
6.0575 0.0000 0.0000 0.0000 0.0000 0.0000 -0.1070 -0.0070 -0.0210 0.0070 -0.0070 -0.0070 0.4020
6.0585 0.0000 0.0000 0.0000 0.0000 0.0000 -0.1070 -0.0070 -0.0210 0.0070 -0.0070 -0.0070 0.4020
6.0595 0.0000 0.0000 0.0000 0.0000 0.0000 -0.1070 -0.0070 -0.0210 0.0070 -0.0070 -0.0070 0.4020
6.0605 0.0000 0.0000 0.0000 0.0000 0.0000 -0.1070 -0.0070 -0.0210 0.0070 -0.0070 -0.0070 0.4020
6.0688 0.0000 0.0000 0.0000 0.0000 0.0000 -0.1060 -0.0070 -0.0210 0.0070 -0.0070 -0.0070 0.3880
6.0710 0.0000 0.0000 0.0000 0.0000 0.0000 -0.1050 -0.0070 -0.0210 -0.0070 -0.0070 -0.0070 0.3290
6.0720 0.0000 0.0000 0.0000 0.0000 0.0000 -0.1050 -0.0070 -0.0210 -0.0070 -0.0070 -0.0210 0.3730
6.0730 0.0000 0.0000 0.0000 0.0000 0.0000 -0.1050 -0.0070 -0.0210 -0.0070 -0.0070 -0.0210 0.3730
6.0740 0.0000 0.0000 0.0000 0.0000 0.0000 -0.1050 -0.0070 -0.0210 -0.0070 -0.0070 -0.0210 0.3730
6.0750 0.0000 0.0000 0.0000 0.0000 0.0000 -0.1050 -0.0070 -0.0210 -0.0070 -0.0070 -0.0210 0.3730
6.0785 0.0000 0.0000 0.0000 0.0000 0.0000 -0.1040 -0.0070 -0.0210 0.0070 -0.0210 -0.0070 0.4320
6.0790 0.0000 0.0000 0.0000 0.0000 0.0000 -0.1040 -0.0070 -0.0210 0.0070 -0.0210 -0.0070 0.4320
6.0839 0.0000 0.0000 0.0000 0.0000 0.0000 -0.1020 -0.0070 -0.0210 0.0210 -0.0210 0.0070 0.4610
6.0846 0.0000 0.0000 0.0000 0.0000 0.0000 -0.1020 -0.0070 -0.0210 0.0210 -0.0210 0.0070 0.4610
6.0856 0.0000 0.0000 0.0000 0.0000 0.0000 -0.1020 -0.0070 -0.0210 0.0210 -0.0210 0.0070 0.4610
6.0868 0.0000 0.0000 0.0000 0.0000 0.0000 -0.1020 -0.0070 -0.0210 0.0210 -0.0210 0.0070 0.4610
6.0878 0.0000 0.0000 0.0000 0.0000 0.0000 -0.1020 -0.0070 -0.0210 0.0210 -0.0210 0.0070 0.4610
6.0886 0.0000 0.0000 0.0000 0.0000 0.0000 -0.1020 -0.0070 -0.0210 0.0210 -0.0210 0.0070 0.4610
6.0897 0.0000 0.0000 0.0000 0.0000 0.0000 -0.1020 -0.0070 -0.0210 0.0210 -0.0210 0.0070 0.4610
6.0906 0.0000 0.0000 0.0000 0.0000 0.0000 -0.1020 -0.0070 -0.0210 0.0210 -0.0210 0.0070 0.4610
6.0920 0.0000 0.0000 0.0000 0.0000 0.0000 -0.1020 -0.0070 -0.0210 0.0210 -0.0210 0.0070 0.4610
6.0926 0.0000 0.0000 0.0000 0.0000 0.0000 -0.1020 -0.0070 -0.0210 0.0210 -0.0210 0.0070 0.4610
6.0936 0.0000 0.0000 0.0000 0.0000 0.0000 -0.1020 -0.0070 -0.0210 0.0210 -0.0210 0.0070 0.4610
6.0946 0.0000 0.0000 0.0000 0.0000 0.0000 -0.1020 -0.0070 -0.0210 0.0210 -0.0210 0.0070 0.4610
6.1034 0.0000 0.0000 0.0000 0.0000 0.0000 -0.1020 -0.0070 -0.0210 0.0510 -0.0070 0.0070 0.4320
6.1046 0.0000 0.0000 0.0000 0.0000 0.0000 -0.1000 -0.0070 -0.0510 0.0360 -0.0070 -0.0070 0.3580
6.1057 0.0000 0.0000 0.0000 0.0000 0.0000 -0.1000 -0.0070 -0.0510 0.0360 -0.0070 -0.0070 0.3580
6.1079 0.0000 0.0000 0.0000 0.0000 0.0000 -0.1000 -0.0070 -0.0510 0.0360 -0.0070 -0.0070 0.3580
6.1117 0.0000 0.0000 0.0000 0.0000 0.0000 -0.1000 -0.0070 -0.0510 0.0360 -0.0070 -0.0070 0.3580
6.1124 0.0000 0.0000 0.0000 0.0000 0.0000 -0.1000 -0.0070 -0.0510 0.0360 -0.0070 -0.0070 0.3580
6.1132 0.0000 0.0000 0.0000 0.0000 0.0000 -0.1000 -0.0070 -0.0510 0.0360 -0.0070 -0.0070 0.3580
6.1145 0.0000 0.0000 0.0000 0.0000 0.0000 -0.1000 -0.0070 -0.0510 0.0360 -0.0070 -0.0070 0.3580
6.1155 0.0000 0.0000 0.0000 0.0000 0.0000 -0.1000 -0.0070 -0.0510 0.0360 -0.0070 -0.0070 0.3580
6.1182 0.0000 0.0000 0.0000 0.0000 0.0000 -0.1000 -0.0210 -0.0650 0.0210 -0.0210 0.0070 0.3580
6.1213 0.0000 0.0000 0.0000 0.0000 0.0000 -0.0980 -0.0070 -0.0510 0.0070 0.0070 -0.0070 0.3290
6.1219 0.0000 0.0000 0.0000 0.0000 0.0000 -0.0980 0.0070 -0.0510 0.0070 -0.0070 -0.0070 0.3580
6.1227 0.0000 0.0000 0.0000 0.0000 0.0000 -0.0970 -0.0070 -0.0510 0.0070 -0.0070 -0.0070 0.3730
6.1238 0.0000 0.0000 0.0000 0.0000 0.0000 -0.0970 -0.0070 -0.0510 0.0070 -0.0070 -0.0070 0.3730
6.1247 0.0000 0.0000 0.0000 0.0000 0.0000 -0.0970 -0.0070 -0.0510 0.0070 -0.0070 -0.0070 0.3730
6.1257 0.0000 0.0000 0.0000 0.0000 0.0000 -0.0970 -0.0070 -0.0510 0.0070 -0.0070 -0.0070 0.3730
6.1267 0.0000 0.0000 0.0000 0.0000 0.0000 -0.0970 -0.0070 -0.0510 0.0070 -0.0070 -0.0070 0.3730
6.1278 0.0000 0.0000 0.0000 0.0000 0.0000 -0.0970 -0.0070 -0.0510 0.0070 -0.0070 -0.0070 0.3730
6.1287 0.0000 0.0000 0.0000 0.0000 0.0000 -0.0970 -0.0070 -0.0510 0.0070 -0.0070 -0.0070 0.3730
6.1297 0.0000 0.0000 0.0000 0.0000 0.0000 -0.0970 -0.0070 -0.0510 0.0070 -0.0070 -0.0070 0.3730
6.1307 0.0000 0.0000 0.0000 0.0000 0.0000 -0.0970 -0.0070 -0.0510 0.0070 -0.0070 -0.0070 0.3730
6.1317 0.0000 0.0000 0.0000 0.0000 0.0000 -0.0970 -0.0070 -0.0510 0.0070 -0.0070 -0.0070 0.3730
6.1327 0.0000 0.0000 0.0000 0.0000 0.0000 -0.0970 -0.0070 -0.0510 0.0070 -0.0070 -0.0070 0.3730
6.1344 0.0000 0.0000 0.0000 0.0000 0.0000 -0.0970 -0.0070 -0.0510 0.0070 -0.0070 -0.0070 0.3730
6.1349 0.0000 0.0000 0.0000 0.0000 0.0000 -0.0970 -0.0070 -0.0650 0.0070 -0.0210 -0.0070 0.4020
6.1357 0.0000 0.0000 0.0000 0.0000 0.0000 -0.0960 -0.0070 -0.0510 -0.0070 -0.0070 -0.0070 0.4020
6.1367 0.0000 0.0000 0.0000 0.0000 0.0000 -0.0950 -0.0070 -0.0360 0.0070 -0.0070 0.0070 0.4170
6.1377 0.0000 0.0000 0.0000 0.0000 0.0000 -0.0940 -0.0070 -0.0360 0.0070 -0.0070 -0.0070 0.4170
6.1387 0.0000 0.0000 0.0000 0.0000 0.0000 -0.0940 -0.0070 -0.0360 0.0070 -0.0070 -0.0070 0.4170
6.1397 0.0000 0.0000 0.0000 0.0000 0.0000 -0.0940 -0.0070 -0.0360 0.0070 -0.0070 -0.0070 0.4170
6.1407 0.0000 0.0000 0.0000 0.0000 0.0000 -0.0940 -0.0070 -0.0360 0.0070 -0.0070 -0.0070 0.4170
6.1417 0.0000 0.0000 0.0000 0.0000 0.0000 -0.0940 -0.0070 -0.0360 0.0070 -0.0070 -0.0070 0.4170
6.1427 0.0000 0.0000 0.0000 0.0000 0.0000 -0.0940 -0.0070 -0.0360 0.0070 -0.0070 -0.0070 0.4170
6.1438 0.0000 0.0000 0.0000 0.0000 0.0000 -0.0940 -0.0070 -0.0360 0.0070 -0.0070 -0.0070 0.4170
6.1447 0.0000 0.0000 0.0000 0.0000 0.0000 -0.0940 -0.0070 -0.0360 0.0070 -0.0070 -0.0070 0.4170
6.1457 0.0000 0.0000 0.0000 0.0000 0.0000 -0.0940 -0.0070 -0.0360 0.0070 -0.0070 -0.0070 0.4170
6.1467 0.0000 0.0000 0.0000 0.0000 0.0000 -0.0940 -0.0070 -0.0360 0.0070 -0.0070 -0.0070 0.4170
6.1477 0.0000 0.0000 0.0000 0.0000 0.0000 -0.0940 -0.0070 -0.0360 0.0070 -0.0070 -0.0070 0.4170
6.1490 0.0000 0.0000 0.0000 0.0000 0.0000 -0.0940 -0.0070 -0.0360 0.0070 -0.0070 -0.0070 0.4170
6.1504 0.0000 0.0000 0.0000 0.0000 0.0000 -0.0940 -0.0070 -0.0210 -0.0070 -0.0070 -0.0070 0.4020
6.1507 0.0000 0.0000 0.0000 0.0000 0.0000 -0.0920 0.0070 -0.0070 -0.0070 -0.0210 -0.0070 0.3440
6.1517 0.0000 0.0000 0.0000 0.0000 0.0000 -0.0920 0.0070 -0.0070 -0.0070 -0.0210 -0.0070 0.3440
6.1527 0.0000 0.0000 0.0000 0.0000 0.0000 -0.0920 0.0070 -0.0070 -0.0070 -0.0210 -0.0070 0.3440
6.1537 0.0000 0.0000 0.0000 0.0000 0.0000 -0.0920 0.0070 -0.0070 -0.0070 -0.0210 -0.0070 0.3440
6.1547 0.0000 0.0000 0.0000 0.0000 0.0000 -0.0920 0.0070 -0.0070 -0.0070 -0.0210 -0.0070 0.3440
6.1557 0.0000 0.0000 0.0000 0.0000 0.0000 -0.0920 0.0070 -0.0070 -0.0070 -0.0210 -0.0070 0.3440
6.1567 0.0000 0.0000 0.0000 0.0000 0.0000 -0.0920 0.0070 -0.0070 -0.0070 -0.0210 -0.0070 0.3440
6.1577 0.0000 0.0000 0.0000 0.0000 0.0000 -0.0920 0.0070 -0.0070 -0.0070 -0.0210 -0.0070 0.3440
6.1588 0.0000 0.0000 0.0000 0.0000 0.0000 -0.0920 0.0070 -0.0070 -0.0070 -0.0210 -0.0070 0.3440
6.1598 0.0000 0.0000 0.0000 0.0000 0.0000 -0.0920 0.0070 -0.0070 -0.0070 -0.0210 -0.0070 0.3440
6.1615 0.0000 0.0000 0.0000 0.0000 0.0000 -0.0920 0.0070 -0.0070 -0.0070 -0.0210 -0.0070 0.3440
6.1620 0.0000 0.0000 0.0000 0.0000 0.0000 -0.0920 0.0070 -0.0070 -0.0070 -0.0210 -0.0070 0.3440
6.1654 0.0000 0.0000 0.0000 0.0000 0.0000 -0.0920 -0.0070 -0.0070 -0.0070 -0.0210 -0.0070 0.3440
6.1659 0.0000 0.0000 0.0000 0.0000 0.0000 -0.0920 -0.0070 -0.0210 -0.0070 -0.0070 -0.0070 0.3150
6.1695 0.0000 0.0000 0.0000 0.0000 0.0000 -0.0920 -0.0070 -0.0210 -0.0070 -0.0070 -0.0070 0.3150
6.1699 0.0000 0.0000 0.0000 0.0000 0.0000 -0.0920 -0.0070 -0.0210 -0.0070 -0.0070 -0.0070 0.3150
6.1709 0.0000 0.0000 0.0000 0.0000 0.0000 -0.0920 -0.0070 -0.0210 -0.0070 -0.0070 -0.0070 0.3150
6.1720 0.0000 0.0000 0.0000 0.0000 0.0000 -0.0920 -0.0070 -0.0210 -0.0070 -0.0070 -0.0070 0.3150
6.1730 0.0000 0.0000 0.0000 0.0000 0.0000 -0.0920 -0.0070 -0.0210 -0.0070 -0.0070 -0.0070 0.3150
6.1740 0.0000 0.0000 0.0000 0.0000 0.0000 -0.0920 -0.0070 -0.0210 -0.0070 -0.0070 -0.0070 0.3150
6.1759 0.0000 0.0000 0.0000 0.0000 0.0000 -0.0920 -0.0070 -0.0210 -0.0070 -0.0070 -0.0070 0.3150
6.1782 0.0000 0.0000 0.0000 0.0000 0.0000 -0.0920 -0.0070 -0.0210 -0.0070 -0.0070 -0.0070 0.3150
6.1811 0.0000 0.0000 0.0000 0.0000 0.0000 -0.0910 -0.0070 -0.0210 -0.0070 -0.0070 -0.0070 0.3580
6.1826 0.0000 0.0000 0.0000 0.0000 0.0000 -0.0910 -0.0070 -0.0210 -0.0070 -0.0070 -0.0070 0.3580
6.1831 0.0000 0.0000 0.0000 0.0000 0.0000 -0.0910 0.0070 -0.0070 -0.0210 -0.0070 -0.0210 0.4020
6.1838 0.0000 0.0000 0.0000 0.0000 0.0000 -0.0910 0.0070 -0.0070 -0.0210 -0.0070 -0.0210 0.4020
6.1849 0.0000 0.0000 0.0000 0.0000 0.0000 -0.0910 0.0070 -0.0070 -0.0210 -0.0070 -0.0210 0.4020
6.1858 0.0000 0.0000 0.0000 0.0000 0.0000 -0.0900 0.0070 -0.0070 -0.0070 -0.0070 -0.0070 0.3880
6.1868 0.0000 0.0000 0.0000 0.0000 0.0000 -0.0900 0.0070 -0.0070 -0.0070 -0.0070 -0.0070 0.3880
6.1878 0.0000 0.0000 0.0000 0.0000 0.0000 -0.0900 0.0070 -0.0070 -0.0070 -0.0070 -0.0070 0.3880
6.1889 0.0000 0.0000 0.0000 0.0000 0.0000 -0.0900 -0.0070 -0.0070 -0.0070 -0.0070 -0.0070 0.3880
6.1907 0.0000 0.0000 0.0000 0.0000 0.0000 -0.0900 -0.0070 -0.0070 -0.0070 -0.0070 -0.0070 0.3880
6.1911 0.0000 0.0000 0.0000 0.0000 0.0000 -0.0890 -0.0070 -0.0210 -0.0070 -0.0070 -0.0070 0.3880
6.1917 0.0000 0.0000 0.0000 0.0000 0.0000 -0.0890 -0.0070 -0.0210 -0.0070 -0.0070 -0.0070 0.3880
6.1927 0.0000 0.0000 0.0000 0.0000 0.0000 -0.0890 -0.0070 -0.0210 -0.0070 -0.0070 -0.0070 0.3880
6.1938 0.0000 0.0000 0.0000 0.0000 0.0000 -0.0890 -0.0070 -0.0210 -0.0070 -0.0070 -0.0070 0.3880
6.1948 0.0000 0.0000 0.0000 0.0000 0.0000 -0.0890 -0.0070 -0.0210 -0.0070 -0.0070 -0.0070 0.3880
6.1969 0.0000 0.0000 0.0000 0.0000 0.0000 -0.0890 -0.0070 -0.0210 -0.0070 -0.0070 -0.0070 0.3880
6.1981 0.0000 0.0000 0.0000 0.0000 0.0000 -0.0890 -0.0070 -0.0210 -0.0070 -0.0070 -0.0070 0.3880
6.1985 0.0000 0.0000 0.0000 0.0000 0.0000 -0.0890 -0.0070 -0.0210 -0.0070 -0.0070 -0.0070 0.3880
6.1991 0.0000 0.0000 0.0000 0.0000 0.0000 -0.0890 -0.0070 -0.0210 -0.0070 -0.0070 -0.0070 0.3880
6.1998 0.0000 0.0000 0.0000 0.0000 0.0000 -0.0890 -0.0070 -0.0210 -0.0070 -0.0070 -0.0070 0.3880
6.2008 0.0000 0.0000 0.0000 0.0000 0.0000 -0.0890 -0.0070 -0.0210 -0.0070 -0.0070 -0.0070 0.3880
6.2018 0.0000 0.0000 0.0000 0.0000 0.0000 -0.0890 -0.0070 -0.0210 -0.0070 -0.0070 -0.0070 0.3880
6.2027 0.0000 0.0000 0.0000 0.0000 0.0000 -0.0890 -0.0070 -0.0210 -0.0070 -0.0070 -0.0070 0.3880
6.2042 0.0000 0.0000 0.0000 0.0000 0.0000 -0.0890 -0.0070 -0.0210 -0.0070 -0.0070 -0.0070 0.3880
6.2133 0.0000 0.0000 0.0000 0.0000 0.0000 -0.0870 -0.0070 -0.0070 -0.0070 -0.0070 -0.0070 0.3580
6.2135 0.0000 0.0000 0.0000 0.0000 0.0000 -0.0870 -0.0070 -0.0070 -0.0070 -0.0070 -0.0070 0.3580
6.2168 0.0000 0.0000 0.0000 0.0000 0.0000 -0.0860 -0.0070 -0.0070 0.0070 -0.0070 -0.0070 0.3000
6.2170 0.0000 0.0000 0.0000 0.0000 0.0000 -0.0860 -0.0070 -0.0070 0.0070 -0.0070 -0.0070 0.3000
6.2181 0.0000 0.0000 0.0000 0.0000 0.0000 -0.0860 -0.0070 -0.0070 0.0070 -0.0070 -0.0070 0.3000
6.2191 0.0000 0.0000 0.0000 0.0000 0.0000 -0.0860 -0.0070 -0.0070 0.0070 -0.0070 -0.0070 0.3000
6.2201 0.0000 0.0000 0.0000 0.0000 0.0000 -0.0860 -0.0070 -0.0070 0.0070 -0.0070 -0.0070 0.3000
6.2211 0.0000 0.0000 0.0000 0.0000 0.0000 -0.0860 -0.0070 -0.0070 0.0070 -0.0070 -0.0070 0.3000
6.2221 0.0000 0.0000 0.0000 0.0000 0.0000 -0.0860 -0.0070 -0.0070 0.0070 -0.0070 -0.0070 0.3000
6.2232 0.0000 0.0000 0.0000 0.0000 0.0000 -0.0860 -0.0070 -0.0070 0.0070 -0.0070 -0.0070 0.3000
6.2241 0.0000 0.0000 0.0000 0.0000 0.0000 -0.0860 -0.0070 -0.0070 0.0070 -0.0070 -0.0070 0.3000
6.2251 0.0000 0.0000 0.0000 0.0000 0.0000 -0.0860 -0.0070 -0.0070 0.0070 -0.0070 -0.0070 0.3000
6.2261 0.0000 0.0000 0.0000 0.0000 0.0000 -0.0860 -0.0070 -0.0070 0.0070 -0.0070 -0.0070 0.3000
6.2272 0.0000 0.0000 0.0000 0.0000 0.0000 -0.0860 -0.0210 0.0070 -0.0070 -0.0070 -0.0070 0.3000
6.2282 0.0000 0.0000 0.0000 0.0000 0.0000 -0.0850 -0.0210 0.0070 -0.0070 0.0070 -0.0070 0.3150
6.2297 0.0000 0.0000 0.0000 0.0000 0.0000 -0.0840 -0.0210 0.0070 -0.0070 -0.0070 -0.0070 0.3440
6.2301 0.0000 0.0000 0.0000 0.0000 0.0000 -0.0840 -0.0070 0.0070 -0.0070 -0.0070 -0.0070 0.3580
6.2311 0.0000 0.0000 0.0000 0.0000 0.0000 -0.0840 -0.0070 0.0070 -0.0070 -0.0070 -0.0070 0.3580
6.2321 0.0000 0.0000 0.0000 0.0000 0.0000 -0.0840 -0.0070 0.0070 -0.0070 -0.0070 -0.0070 0.3580
6.2331 0.0000 0.0000 0.0000 0.0000 0.0000 -0.0840 -0.0070 0.0070 -0.0070 -0.0070 -0.0070 0.3580
6.2341 0.0000 0.0000 0.0000 0.0000 0.0000 -0.0840 -0.0070 0.0070 -0.0070 -0.0070 -0.0070 0.3580
6.2351 0.0000 0.0000 0.0000 0.0000 0.0000 -0.0840 -0.0070 0.0070 -0.0070 -0.0070 -0.0070 0.3580
6.2361 0.0000 0.0000 0.0000 0.0000 0.0000 -0.0840 -0.0070 0.0070 -0.0070 -0.0070 -0.0070 0.3580
6.2371 0.0000 0.0000 0.0000 0.0000 0.0000 -0.0840 -0.0070 0.0070 -0.0070 -0.0070 -0.0070 0.3580
6.2381 0.0000 0.0000 0.0000 0.0000 0.0000 -0.0840 -0.0070 0.0070 -0.0070 -0.0070 -0.0070 0.3580
6.2391 0.0000 0.0000 0.0000 0.0000 0.0000 -0.0840 -0.0070 0.0070 -0.0070 -0.0070 -0.0070 0.3580
6.2401 0.0000 0.0000 0.0000 0.0000 0.0000 -0.0840 -0.0070 0.0070 -0.0070 -0.0070 -0.0070 0.3580
6.2416 0.0000 0.0000 0.0000 0.0000 0.0000 -0.0840 -0.0210 0.0070 -0.0070 -0.0070 -0.0070 0.3580
6.2421 0.0000 0.0000 0.0000 0.0000 0.0000 -0.0830 -0.0070 0.0070 -0.0070 0.0070 -0.0210 0.3580
6.2431 0.0000 0.0000 0.0000 0.0000 0.0000 -0.0820 -0.0070 -0.0070 -0.0070 -0.0070 0.0070 0.3730
6.2441 0.0000 0.0000 0.0000 0.0000 0.0000 -0.0820 -0.0070 0.0070 -0.0210 -0.0070 -0.0070 0.3730
6.2453 0.0000 0.0000 0.0000 0.0000 0.0000 -0.0820 -0.0070 0.0070 -0.0210 -0.0070 -0.0070 0.3730
6.2461 0.0000 0.0000 0.0000 0.0000 0.0000 -0.0820 -0.0070 0.0070 -0.0210 -0.0070 -0.0070 0.3730
6.2471 0.0000 0.0000 0.0000 0.0000 0.0000 -0.0820 -0.0070 0.0070 -0.0210 -0.0070 -0.0070 0.3730
6.2481 0.0000 0.0000 0.0000 0.0000 0.0000 -0.0820 -0.0070 0.0070 -0.0210 -0.0070 -0.0070 0.3730
6.2491 0.0000 0.0000 0.0000 0.0000 0.0000 -0.0820 -0.0070 0.0070 -0.0210 -0.0070 -0.0070 0.3730
6.2501 0.0000 0.0000 0.0000 0.0000 0.0000 -0.0820 -0.0070 0.0070 -0.0210 -0.0070 -0.0070 0.3730
6.2511 0.0000 0.0000 0.0000 0.0000 0.0000 -0.0820 -0.0070 0.0070 -0.0210 -0.0070 -0.0070 0.3730
6.2521 0.0000 0.0000 0.0000 0.0000 0.0000 -0.0820 -0.0070 0.0070 -0.0210 -0.0070 -0.0070 0.3730
6.2532 0.0000 0.0000 0.0000 0.0000 0.0000 -0.0820 -0.0070 0.0070 -0.0210 -0.0070 -0.0070 0.3730
6.2541 0.0000 0.0000 0.0000 0.0000 0.0000 -0.0820 -0.0070 0.0070 -0.0210 -0.0070 -0.0070 0.3730
6.2551 0.0000 0.0000 0.0000 0.0000 0.0000 -0.0810 -0.0070 0.0070 -0.0210 0.0070 -0.0070 0.3730
6.2561 0.0000 0.0000 0.0000 0.0000 0.0000 -0.0800 -0.0070 0.0070 -0.0210 -0.0070 0.0070 0.3000
6.2571 0.0000 0.0000 0.0000 0.0000 0.0000 -0.0800 -0.0070 0.0070 -0.0210 -0.0070 0.0070 0.3000
6.2581 0.0000 0.0000 0.0000 0.0000 0.0000 -0.0800 -0.0070 0.0070 -0.0210 -0.0070 0.0070 0.3000
6.2591 0.0000 0.0000 0.0000 0.0000 0.0000 -0.0800 -0.0070 0.0070 -0.0210 -0.0070 0.0070 0.3000
6.2601 0.0000 0.0000 0.0000 0.0000 0.0000 -0.0800 -0.0070 0.0070 -0.0210 -0.0070 0.0070 0.3000
6.2611 0.0000 0.0000 0.0000 0.0000 0.0000 -0.0800 -0.0070 0.0070 -0.0210 -0.0070 0.0070 0.3000
6.2621 0.0000 0.0000 0.0000 0.0000 0.0000 -0.0800 -0.0070 0.0070 -0.0210 -0.0070 0.0070 0.3000
6.2631 0.0000 0.0000 0.0000 0.0000 0.0000 -0.0800 -0.0070 0.0070 -0.0210 -0.0070 0.0070 0.3000
6.2641 0.0000 0.0000 0.0000 0.0000 0.0000 -0.0800 -0.0070 0.0070 -0.0210 -0.0070 0.0070 0.3000
6.2651 0.0000 0.0000 0.0000 0.0000 0.0000 -0.0800 -0.0070 0.0070 -0.0210 -0.0070 0.0070 0.3000
6.2662 0.0000 0.0000 0.0000 0.0000 0.0000 -0.0800 -0.0070 0.0070 -0.0210 -0.0070 0.0070 0.3000
6.2682 0.0000 0.0000 0.0000 0.0000 0.0000 -0.0800 -0.0210 0.0070 -0.0070 0.0070 -0.0070 0.2850
6.2684 0.0000 0.0000 0.0000 0.0000 0.0000 -0.0790 -0.0210 0.0070 -0.0210 0.0070 -0.0070 0.2560
6.2691 0.0000 0.0000 0.0000 0.0000 0.0000 -0.0790 -0.0210 0.0070 -0.0210 0.0070 -0.0070 0.2560
6.2701 0.0000 0.0000 0.0000 0.0000 0.0000 -0.0790 -0.0210 0.0070 -0.0210 0.0070 -0.0070 0.2560
6.2711 0.0000 0.0000 0.0000 0.0000 0.0000 -0.0790 -0.0210 0.0070 -0.0210 0.0070 -0.0070 0.2560
6.2721 0.0000 0.0000 0.0000 0.0000 0.0000 -0.0790 -0.0210 0.0070 -0.0210 0.0070 -0.0070 0.2560
6.2731 0.0000 0.0000 0.0000 0.0000 0.0000 -0.0790 -0.0210 0.0070 -0.0210 0.0070 -0.0070 0.2560
6.2741 0.0000 0.0000 0.0000 0.0000 0.0000 -0.0790 -0.0210 0.0070 -0.0210 0.0070 -0.0070 0.2560
6.2751 0.0000 0.0000 0.0000 0.0000 0.0000 -0.0790 -0.0210 0.0070 -0.0210 0.0070 -0.0070 0.2560
6.2761 0.0000 0.0000 0.0000 0.0000 0.0000 -0.0790 -0.0210 0.0070 -0.0210 0.0070 -0.0070 0.2560
6.2771 0.0000 0.0000 0.0000 0.0000 0.0000 -0.0790 -0.0210 0.0070 -0.0210 0.0070 -0.0070 0.2560
6.2781 0.0000 0.0000 0.0000 0.0000 0.0000 -0.0790 -0.0210 0.0070 -0.0210 0.0070 -0.0070 0.2560
6.2791 0.0000 0.0000 0.0000 0.0000 0.0000 -0.0790 -0.0210 0.0070 -0.0210 0.0070 -0.0070 0.2560
6.2801 0.0000 0.0000 0.0000 0.0000 0.0000 -0.0790 -0.0210 0.0070 -0.0210 0.0070 -0.0070 0.2560
6.2811 0.0000 0.0000 0.0000 0.0000 0.0000 -0.0780 -0.0070 -0.0070 -0.0210 0.0070 0.0070 0.3290
6.2821 0.0000 0.0000 0.0000 0.0000 0.0000 -0.0780 -0.0070 -0.0070 -0.0210 0.0070 0.0070 0.3290
6.2831 0.0000 0.0000 0.0000 0.0000 0.0000 -0.0780 -0.0070 -0.0070 -0.0210 0.0070 0.0070 0.3290
6.2841 0.0000 0.0000 0.0000 0.0000 0.0000 -0.0780 -0.0070 -0.0070 -0.0210 0.0070 0.0070 0.3290
6.2851 0.0000 0.0000 0.0000 0.0000 0.0000 -0.0780 -0.0070 -0.0070 -0.0210 0.0070 0.0070 0.3290
6.2861 0.0000 0.0000 0.0000 0.0000 0.0000 -0.0780 -0.0070 -0.0070 -0.0210 0.0070 0.0070 0.3290
6.2871 0.0000 0.0000 0.0000 0.0000 0.0000 -0.0780 -0.0070 -0.0070 -0.0210 0.0070 0.0070 0.3290
6.2881 0.0000 0.0000 0.0000 0.0000 0.0000 -0.0780 -0.0070 -0.0070 -0.0210 0.0070 0.0070 0.3290
6.2891 0.0000 0.0000 0.0000 0.0000 0.0000 -0.0780 -0.0070 -0.0070 -0.0210 0.0070 0.0070 0.3290
6.2911 0.0000 0.0000 0.0000 0.0000 0.0000 -0.0770 -0.0070 0.0070 -0.0210 0.0070 -0.0210 0.3150
6.2915 0.0000 0.0000 0.0000 0.0000 0.0000 -0.0770 -0.0070 0.0070 -0.0070 0.0070 -0.0070 0.3150
6.2921 0.0000 0.0000 0.0000 0.0000 0.0000 -0.0770 -0.0070 0.0070 -0.0070 0.0070 -0.0070 0.3150
6.2931 0.0000 0.0000 0.0000 0.0000 0.0000 -0.0770 -0.0070 0.0070 -0.0070 0.0070 -0.0070 0.3150
6.2941 0.0000 0.0000 0.0000 0.0000 0.0000 -0.0770 -0.0070 0.0070 -0.0070 0.0070 -0.0070 0.3150
6.2951 0.0000 0.0000 0.0000 0.0000 0.0000 -0.0770 -0.0070 0.0070 -0.0070 0.0070 -0.0070 0.3150
6.2961 0.0000 0.0000 0.0000 0.0000 0.0000 -0.0770 -0.0070 0.0070 -0.0070 0.0070 -0.0070 0.3150
6.2971 0.0000 0.0000 0.0000 0.0000 0.0000 -0.0770 -0.0070 0.0070 -0.0070 0.0070 -0.0070 0.3150
6.2981 0.0000 0.0000 0.0000 0.0000 0.0000 -0.0770 -0.0070 0.0070 -0.0070 0.0070 -0.0070 0.3150
6.2991 0.0000 0.0000 0.0000 0.0000 0.0000 -0.0770 -0.0070 0.0070 -0.0070 0.0070 -0.0070 0.3150
6.3001 0.0000 0.0000 0.0000 0.0000 0.0000 -0.0770 -0.0070 0.0070 -0.0070 0.0070 -0.0070 0.3150
6.3011 0.0000 0.0000 0.0000 0.0000 0.0000 -0.0770 -0.0070 0.0070 -0.0070 0.0070 -0.0070 0.3150
6.3032 0.0000 0.0000 0.0000 0.0000 0.0000 -0.0770 -0.0070 0.0070 -0.0070 0.0070 -0.0070 0.3150
6.3035 0.0000 0.0000 0.0000 0.0000 0.0000 -0.0750 -0.0070 0.0070 -0.0070 -0.0070 -0.0070 0.3290
6.3041 0.0000 0.0000 0.0000 0.0000 0.0000 -0.0750 -0.0070 0.0070 -0.0070 -0.0070 -0.0070 0.3290
6.3051 0.0000 0.0000 0.0000 0.0000 0.0000 -0.0750 -0.0070 0.0070 -0.0070 -0.0070 -0.0070 0.3290
6.3061 0.0000 0.0000 0.0000 0.0000 0.0000 -0.0750 -0.0070 0.0070 -0.0070 -0.0070 -0.0070 0.3290
6.3071 0.0000 0.0000 0.0000 0.0000 0.0000 -0.0750 -0.0070 0.0070 -0.0070 -0.0070 -0.0070 0.3290
6.3081 0.0000 0.0000 0.0000 0.0000 0.0000 -0.0750 -0.0070 0.0070 -0.0070 -0.0070 -0.0070 0.3290
6.3091 0.0000 0.0000 0.0000 0.0000 0.0000 -0.0750 -0.0070 0.0070 -0.0070 -0.0070 -0.0070 0.3290
6.3101 0.0000 0.0000 0.0000 0.0000 0.0000 -0.0750 -0.0070 0.0070 -0.0070 -0.0070 -0.0070 0.3290
6.3111 0.0000 0.0000 0.0000 0.0000 0.0000 -0.0750 -0.0070 0.0070 -0.0070 -0.0070 -0.0070 0.3290
6.3124 0.0000 0.0000 0.0000 0.0000 0.0000 -0.0750 -0.0070 0.0070 -0.0070 -0.0070 -0.0070 0.3290
6.3131 0.0000 0.0000 0.0000 0.0000 0.0000 -0.0750 -0.0070 0.0070 -0.0070 -0.0070 -0.0070 0.3290
6.3141 0.0000 0.0000 0.0000 0.0000 0.0000 -0.0750 -0.0070 0.0070 -0.0070 -0.0070 -0.0070 0.3290
6.3151 0.0000 0.0000 0.0000 0.0000 0.0000 -0.0740 -0.0070 0.0070 -0.0070 -0.0070 -0.0210 0.2710
6.3161 0.0000 0.0000 0.0000 0.0000 0.0000 -0.0740 -0.0070 0.0070 -0.0070 -0.0070 -0.0210 0.2710
6.3171 0.0000 0.0000 0.0000 0.0000 0.0000 -0.0740 -0.0070 0.0070 -0.0070 -0.0070 -0.0210 0.2710
6.3181 0.0000 0.0000 0.0000 0.0000 0.0000 -0.0740 -0.0070 0.0070 -0.0070 -0.0070 -0.0210 0.2710
6.3191 0.0000 0.0000 0.0000 0.0000 0.0000 -0.0740 -0.0070 0.0070 -0.0070 -0.0070 -0.0210 0.2710
6.3201 0.0000 0.0000 0.0000 0.0000 0.0000 -0.0740 -0.0070 0.0070 -0.0070 -0.0070 -0.0210 0.2710
6.3211 0.0000 0.0000 0.0000 0.0000 0.0000 -0.0740 -0.0070 0.0070 -0.0070 -0.0070 -0.0210 0.2710
6.3221 0.0000 0.0000 0.0000 0.0000 0.0000 -0.0740 -0.0070 0.0070 -0.0070 -0.0070 -0.0210 0.2710
6.3232 0.0000 0.0000 0.0000 0.0000 0.0000 -0.0740 -0.0070 0.0070 -0.0070 -0.0070 -0.0210 0.2710
6.3242 0.0000 0.0000 0.0000 0.0000 0.0000 -0.0740 -0.0070 0.0070 -0.0070 -0.0070 -0.0210 0.2710
6.3251 0.0000 0.0000 0.0000 0.0000 0.0000 -0.0740 -0.0070 0.0070 -0.0070 -0.0070 -0.0210 0.2710
6.3266 0.0000 0.0000 0.0000 0.0000 0.0000 -0.0740 -0.0070 0.0070 -0.0070 -0.0070 -0.0210 0.2710
6.3273 0.0000 0.0000 0.0000 0.0000 0.0000 -0.0730 -0.0070 0.0210 -0.0210 -0.0070 -0.0070 0.2560
6.3281 0.0000 0.0000 0.0000 0.0000 0.0000 -0.0730 -0.0210 0.0210 -0.0070 -0.0070 -0.0070 0.2560
6.3291 0.0000 0.0000 0.0000 0.0000 0.0000 -0.0730 -0.0210 0.0210 -0.0070 -0.0070 -0.0070 0.2560
6.3301 0.0000 0.0000 0.0000 0.0000 0.0000 -0.0730 -0.0210 0.0210 -0.0070 -0.0070 -0.0070 0.2560
6.3311 0.0000 0.0000 0.0000 0.0000 0.0000 -0.0730 -0.0210 0.0210 -0.0070 -0.0070 -0.0070 0.2560
6.3321 0.0000 0.0000 0.0000 0.0000 0.0000 -0.0730 -0.0210 0.0210 -0.0070 -0.0070 -0.0070 0.2560
6.3331 0.0000 0.0000 0.0000 0.0000 0.0000 -0.0730 -0.0210 0.0210 -0.0070 -0.0070 -0.0070 0.2560
6.3341 0.0000 0.0000 0.0000 0.0000 0.0000 -0.0730 -0.0210 0.0210 -0.0070 -0.0070 -0.0070 0.2560
6.3351 0.0000 0.0000 0.0000 0.0000 0.0000 -0.0730 -0.0210 0.0210 -0.0070 -0.0070 -0.0070 0.2560
6.3361 0.0000 0.0000 0.0000 0.0000 0.0000 -0.0730 -0.0210 0.0210 -0.0070 -0.0070 -0.0070 0.2560
6.3371 0.0000 0.0000 0.0000 0.0000 0.0000 -0.0730 -0.0210 0.0210 -0.0070 -0.0070 -0.0070 0.2560
6.3381 0.0000 0.0000 0.0000 0.0000 0.0000 -0.0730 -0.0210 0.0210 -0.0070 -0.0070 -0.0070 0.2560
6.3398 0.0000 0.0000 0.0000 0.0000 0.0000 -0.0730 -0.0070 0.0210 -0.0210 -0.0210 -0.0070 0.2710
6.3401 0.0000 0.0000 0.0000 0.0000 0.0000 -0.0720 -0.0070 0.0210 -0.0210 -0.0210 -0.0070 0.2710
6.3411 0.0000 0.0000 0.0000 0.0000 0.0000 -0.0720 -0.0070 0.0210 -0.0210 -0.0210 -0.0070 0.2710
6.3423 0.0000 0.0000 0.0000 0.0000 0.0000 -0.0720 -0.0070 0.0210 -0.0210 -0.0210 -0.0070 0.2710
6.3431 0.0000 0.0000 0.0000 0.0000 0.0000 -0.0720 -0.0070 0.0210 -0.0210 -0.0210 -0.0070 0.2710
6.3441 0.0000 0.0000 0.0000 0.0000 0.0000 -0.0720 -0.0070 0.0210 -0.0210 -0.0210 -0.0070 0.2710
6.3451 0.0000 0.0000 0.0000 0.0000 0.0000 -0.0720 -0.0070 0.0210 -0.0210 -0.0210 -0.0070 0.2710
6.3461 0.0000 0.0000 0.0000 0.0000 0.0000 -0.0720 -0.0070 0.0210 -0.0210 -0.0210 -0.0070 0.2710
6.3471 0.0000 0.0000 0.0000 0.0000 0.0000 -0.0720 -0.0070 0.0210 -0.0210 -0.0210 -0.0070 0.2710
6.3481 0.0000 0.0000 0.0000 0.0000 0.0000 -0.0720 -0.0070 0.0210 -0.0210 -0.0210 -0.0070 0.2710
6.3491 0.0000 0.0000 0.0000 0.0000 0.0000 -0.0720 -0.0070 0.0210 -0.0210 -0.0210 -0.0070 0.2710
6.3501 0.0000 0.0000 0.0000 0.0000 0.0000 -0.0720 -0.0070 0.0210 -0.0210 -0.0210 -0.0070 0.2710
6.3514 0.0000 0.0000 0.0000 0.0000 0.0000 -0.0710 -0.0070 -0.0070 -0.0070 -0.0070 0.0070 0.3150
6.3521 0.0000 0.0000 0.0000 0.0000 0.0000 -0.0710 -0.0070 -0.0070 -0.0070 -0.0070 0.0070 0.3150
6.3531 0.0000 0.0000 0.0000 0.0000 0.0000 -0.0710 -0.0070 -0.0070 -0.0070 -0.0070 0.0070 0.3150
6.3542 0.0000 0.0000 0.0000 0.0000 0.0000 -0.0710 -0.0070 -0.0070 -0.0070 -0.0070 0.0070 0.3150
6.3551 0.0000 0.0000 0.0000 0.0000 0.0000 -0.0710 -0.0070 -0.0070 -0.0070 -0.0070 0.0070 0.3150
6.3561 0.0000 0.0000 0.0000 0.0000 0.0000 -0.0710 -0.0070 -0.0070 -0.0070 -0.0070 0.0070 0.3150
6.3571 0.0000 0.0000 0.0000 0.0000 0.0000 -0.0710 -0.0070 -0.0070 -0.0070 -0.0070 0.0070 0.3150
6.3581 0.0000 0.0000 0.0000 0.0000 0.0000 -0.0710 -0.0070 -0.0070 -0.0070 -0.0070 0.0070 0.3150
6.3591 0.0000 0.0000 0.0000 0.0000 0.0000 -0.0710 -0.0070 -0.0070 -0.0070 -0.0070 0.0070 0.3150
6.3601 0.0000 0.0000 0.0000 0.0000 0.0000 -0.0710 -0.0070 -0.0070 -0.0070 -0.0070 0.0070 0.3150
6.3611 0.0000 0.0000 0.0000 0.0000 0.0000 -0.0710 -0.0070 -0.0070 -0.0070 -0.0070 0.0070 0.3150
6.3623 0.0000 0.0000 0.0000 0.0000 0.0000 -0.0710 -0.0070 -0.0070 -0.0070 -0.0070 0.0070 0.3150
6.3635 0.0000 0.0000 0.0000 0.0000 0.0000 -0.0700 -0.0070 -0.0070 -0.0070 -0.0070 0.0070 0.3000
6.3641 0.0000 0.0000 0.0000 0.0000 0.0000 -0.0690 -0.0070 -0.0070 -0.0070 -0.0070 -0.0070 0.3000
6.3651 0.0000 0.0000 0.0000 0.0000 0.0000 -0.0690 -0.0070 -0.0070 -0.0070 -0.0070 -0.0070 0.3000
6.3661 0.0000 0.0000 0.0000 0.0000 0.0000 -0.0690 -0.0070 -0.0070 -0.0070 -0.0070 -0.0070 0.3000
6.3671 0.0000 0.0000 0.0000 0.0000 0.0000 -0.0690 -0.0070 -0.0070 -0.0070 -0.0070 -0.0070 0.3000
6.3681 0.0000 0.0000 0.0000 0.0000 0.0000 -0.0690 -0.0070 -0.0070 -0.0070 -0.0070 -0.0070 0.3000
6.3691 0.0000 0.0000 0.0000 0.0000 0.0000 -0.0690 -0.0070 -0.0070 -0.0070 -0.0070 -0.0070 0.3000
6.3701 0.0000 0.0000 0.0000 0.0000 0.0000 -0.0690 -0.0070 -0.0070 -0.0070 -0.0070 -0.0070 0.3000
6.3711 0.0000 0.0000 0.0000 0.0000 0.0000 -0.0690 -0.0070 -0.0070 -0.0070 -0.0070 -0.0070 0.3000
6.3721 0.0000 0.0000 0.0000 0.0000 0.0000 -0.0690 -0.0070 -0.0070 -0.0070 -0.0070 -0.0070 0.3000
6.3731 0.0000 0.0000 0.0000 0.0000 0.0000 -0.0690 -0.0070 -0.0070 -0.0070 -0.0070 -0.0070 0.3000
6.3757 0.0000 0.0000 0.0000 0.0000 0.0000 -0.0680 -0.0070 -0.0070 -0.0070 -0.0070 -0.0070 0.3000
6.3762 0.0000 0.0000 0.0000 0.0000 0.0000 -0.0680 -0.0070 -0.0070 -0.0070 -0.0070 -0.0070 0.2410
6.3763 0.0000 0.0000 0.0000 0.0000 0.0000 -0.0680 -0.0070 -0.0070 -0.0070 -0.0070 -0.0070 0.2410
6.3771 0.0000 0.0000 0.0000 0.0000 0.0000 -0.0680 -0.0070 -0.0070 -0.0070 -0.0070 -0.0070 0.2410
6.3781 0.0000 0.0000 0.0000 0.0000 0.0000 -0.0680 -0.0070 -0.0070 -0.0070 -0.0070 -0.0070 0.2410
6.3791 0.0000 0.0000 0.0000 0.0000 0.0000 -0.0680 -0.0070 -0.0070 -0.0070 -0.0070 -0.0070 0.2410
6.3801 0.0000 0.0000 0.0000 0.0000 0.0000 -0.0680 -0.0070 -0.0070 -0.0070 -0.0070 -0.0070 0.2410
6.3811 0.0000 0.0000 0.0000 0.0000 0.0000 -0.0680 -0.0070 -0.0070 -0.0070 -0.0070 -0.0070 0.2410
6.3821 0.0000 0.0000 0.0000 0.0000 0.0000 -0.0680 -0.0070 -0.0070 -0.0070 -0.0070 -0.0070 0.2410
6.3831 0.0000 0.0000 0.0000 0.0000 0.0000 -0.0680 -0.0070 -0.0070 -0.0070 -0.0070 -0.0070 0.2410
6.3841 0.0000 0.0000 0.0000 0.0000 0.0000 -0.0680 -0.0070 -0.0070 -0.0070 -0.0070 -0.0070 0.2410
6.3851 0.0000 0.0000 0.0000 0.0000 0.0000 -0.0680 -0.0070 -0.0070 -0.0070 -0.0070 -0.0070 0.2410
6.3868 0.0000 0.0000 0.0000 0.0000 0.0000 -0.0670 -0.0210 0.0070 -0.0070 0.0070 0.0070 0.2560
6.3872 0.0000 0.0000 0.0000 0.0000 0.0000 -0.0670 -0.0210 0.0070 -0.0070 0.0070 0.0070 0.2560
6.3881 0.0000 0.0000 0.0000 0.0000 0.0000 -0.0670 -0.0210 0.0070 -0.0070 0.0070 0.0070 0.2560
6.3891 0.0000 0.0000 0.0000 0.0000 0.0000 -0.0670 -0.0210 0.0070 -0.0070 0.0070 0.0070 0.2560
6.3901 0.0000 0.0000 0.0000 0.0000 0.0000 -0.0670 -0.0210 0.0070 -0.0070 0.0070 0.0070 0.2560
6.3916 0.0000 0.0000 0.0000 0.0000 0.0000 -0.0670 -0.0210 0.0070 -0.0070 0.0070 0.0070 0.2560
6.3922 0.0000 0.0000 0.0000 0.0000 0.0000 -0.0670 -0.0210 0.0070 -0.0070 0.0070 0.0070 0.2560
6.3931 0.0000 0.0000 0.0000 0.0000 0.0000 -0.0670 -0.0210 0.0070 -0.0070 0.0070 0.0070 0.2560
6.3942 0.0000 0.0000 0.0000 0.0000 0.0000 -0.0670 -0.0210 0.0070 -0.0070 0.0070 0.0070 0.2560
6.3951 0.0000 0.0000 0.0000 0.0000 0.0000 -0.0670 -0.0210 0.0070 -0.0070 0.0070 0.0070 0.2560
6.3961 0.0000 0.0000 0.0000 0.0000 0.0000 -0.0670 -0.0210 0.0070 -0.0070 0.0070 0.0070 0.2560
6.3971 0.0000 0.0000 0.0000 0.0000 0.0000 -0.0670 -0.0210 0.0070 -0.0070 0.0070 0.0070 0.2560
6.3990 0.0000 0.0000 0.0000 0.0000 0.0000 -0.0660 -0.0210 -0.0070 -0.0070 -0.0070 -0.0070 0.2270
6.3992 0.0000 0.0000 0.0000 0.0000 0.0000 -0.0660 -0.0210 0.0070 -0.0070 -0.0070 -0.0070 0.2270
6.4001 0.0000 0.0000 0.0000 0.0000 0.0000 -0.0660 -0.0210 0.0070 -0.0070 -0.0070 -0.0070 0.2270
6.4011 0.0000 0.0000 0.0000 0.0000 0.0000 -0.0660 -0.0210 0.0070 -0.0070 -0.0070 -0.0070 0.2270
6.4021 0.0000 0.0000 0.0000 0.0000 0.0000 -0.0660 -0.0210 0.0070 -0.0070 -0.0070 -0.0070 0.2270
6.4031 0.0000 0.0000 0.0000 0.0000 0.0000 -0.0660 -0.0210 0.0070 -0.0070 -0.0070 -0.0070 0.2270
6.4041 0.0000 0.0000 0.0000 0.0000 0.0000 -0.0660 -0.0210 0.0070 -0.0070 -0.0070 -0.0070 0.2270
6.4051 0.0000 0.0000 0.0000 0.0000 0.0000 -0.0660 -0.0210 0.0070 -0.0070 -0.0070 -0.0070 0.2270
6.4085 0.0000 0.0000 0.0000 0.0000 0.0000 -0.0660 -0.0210 0.0070 -0.0070 -0.0070 -0.0070 0.2270
6.4088 0.0000 0.0000 0.0000 0.0000 0.0000 -0.0660 -0.0210 0.0070 -0.0070 -0.0070 -0.0070 0.2270
6.4101 0.0000 0.0000 0.0000 0.0000 0.0000 -0.0660 -0.0210 0.0070 -0.0070 -0.0070 -0.0070 0.2270
6.4111 0.0000 0.0000 0.0000 0.0000 0.0000 -0.0660 -0.0070 -0.0070 -0.0070 0.0070 -0.0070 0.2410
6.4118 0.0000 0.0000 0.0000 0.0000 0.0000 -0.0660 -0.0070 -0.0070 -0.0070 0.0070 -0.0070 0.2410
6.4129 0.0000 0.0000 0.0000 0.0000 0.0000 -0.0660 -0.0070 -0.0070 -0.0070 0.0070 -0.0070 0.2410
6.4139 0.0000 0.0000 0.0000 0.0000 0.0000 -0.0660 -0.0070 -0.0070 -0.0070 0.0070 -0.0070 0.2410
6.4149 0.0000 0.0000 0.0000 0.0000 0.0000 -0.0660 -0.0070 -0.0070 -0.0070 0.0070 -0.0070 0.2410
6.4159 0.0000 0.0000 0.0000 0.0000 0.0000 -0.0660 -0.0070 -0.0070 -0.0070 0.0070 -0.0070 0.2410
6.4168 0.0000 0.0000 0.0000 0.0000 0.0000 -0.0660 -0.0070 -0.0070 -0.0070 0.0070 -0.0070 0.2410
6.4178 0.0000 0.0000 0.0000 0.0000 0.0000 -0.0660 -0.0070 -0.0070 -0.0070 0.0070 -0.0070 0.2410
6.4188 0.0000 0.0000 0.0000 0.0000 0.0000 -0.0660 -0.0070 -0.0070 -0.0070 0.0070 -0.0070 0.2410
6.4198 0.0000 0.0000 0.0000 0.0000 0.0000 -0.0660 -0.0070 -0.0070 -0.0070 0.0070 -0.0070 0.2410
6.4208 0.0000 0.0000 0.0000 0.0000 0.0000 -0.0660 -0.0070 -0.0070 -0.0070 0.0070 -0.0070 0.2410
6.4218 0.0000 0.0000 0.0000 0.0000 0.0000 -0.0660 -0.0070 -0.0070 -0.0070 0.0070 -0.0070 0.2410
6.4240 0.0000 0.0000 0.0000 0.0000 0.0000 -0.0640 -0.0070 -0.0070 -0.0070 -0.0070 -0.0210 0.2560
6.4243 0.0000 0.0000 0.0000 0.0000 0.0000 -0.0640 -0.0070 -0.0070 -0.0070 -0.0070 -0.0210 0.2560
6.4248 0.0000 0.0000 0.0000 0.0000 0.0000 -0.0640 -0.0070 -0.0070 -0.0070 -0.0070 -0.0210 0.2560
6.4258 0.0000 0.0000 0.0000 0.0000 0.0000 -0.0640 -0.0070 -0.0070 -0.0070 -0.0070 -0.0210 0.2560
6.4269 0.0000 0.0000 0.0000 0.0000 0.0000 -0.0640 -0.0070 -0.0070 -0.0070 -0.0070 -0.0210 0.2560
6.4279 0.0000 0.0000 0.0000 0.0000 0.0000 -0.0640 -0.0070 -0.0070 -0.0070 -0.0070 -0.0210 0.2560
6.4288 0.0000 0.0000 0.0000 0.0000 0.0000 -0.0640 -0.0070 -0.0070 -0.0070 -0.0070 -0.0210 0.2560
6.4299 0.0000 0.0000 0.0000 0.0000 0.0000 -0.0640 -0.0070 -0.0070 -0.0070 -0.0070 -0.0210 0.2560
6.4309 0.0000 0.0000 0.0000 0.0000 0.0000 -0.0640 -0.0070 -0.0070 -0.0070 -0.0070 -0.0210 0.2560
6.4318 0.0000 0.0000 0.0000 0.0000 0.0000 -0.0640 -0.0070 -0.0070 -0.0070 -0.0070 -0.0210 0.2560
6.4329 0.0000 0.0000 0.0000 0.0000 0.0000 -0.0640 -0.0070 -0.0070 -0.0070 -0.0070 -0.0210 0.2560
6.4339 0.0000 0.0000 0.0000 0.0000 0.0000 -0.0640 -0.0070 -0.0070 -0.0070 -0.0070 -0.0210 0.2560
6.4359 0.0000 0.0000 0.0000 0.0000 0.0000 -0.0640 -0.0070 -0.0070 -0.0070 -0.0070 -0.0210 0.2560
6.4369 0.0000 0.0000 0.0000 0.0000 0.0000 -0.0630 -0.0070 -0.0070 -0.0070 -0.0070 -0.0070 0.2850
6.4371 0.0000 0.0000 0.0000 0.0000 0.0000 -0.0630 -0.0070 -0.0070 -0.0070 -0.0070 -0.0070 0.2850
6.4379 0.0000 0.0000 0.0000 0.0000 0.0000 -0.0630 -0.0070 -0.0070 -0.0070 -0.0070 -0.0070 0.2850
6.4388 0.0000 0.0000 0.0000 0.0000 0.0000 -0.0630 -0.0070 -0.0070 -0.0070 -0.0070 -0.0070 0.2850
6.4399 0.0000 0.0000 0.0000 0.0000 0.0000 -0.0630 -0.0070 -0.0070 -0.0070 -0.0070 -0.0070 0.2850
6.4408 0.0000 0.0000 0.0000 0.0000 0.0000 -0.0630 -0.0070 -0.0070 -0.0070 -0.0070 -0.0070 0.2850
6.4419 0.0000 0.0000 0.0000 0.0000 0.0000 -0.0630 -0.0070 -0.0070 -0.0070 -0.0070 -0.0070 0.2850
6.4429 0.0000 0.0000 0.0000 0.0000 0.0000 -0.0630 -0.0070 -0.0070 -0.0070 -0.0070 -0.0070 0.2850
6.4439 0.0000 0.0000 0.0000 0.0000 0.0000 -0.0630 -0.0070 -0.0070 -0.0070 -0.0070 -0.0070 0.2850
6.4449 0.0000 0.0000 0.0000 0.0000 0.0000 -0.0630 -0.0070 -0.0070 -0.0070 -0.0070 -0.0070 0.2850
6.4459 0.0000 0.0000 0.0000 0.0000 0.0000 -0.0630 -0.0070 -0.0070 -0.0070 -0.0070 -0.0070 0.2850
6.4472 0.0000 0.0000 0.0000 0.0000 0.0000 -0.0630 -0.0070 -0.0070 -0.0070 -0.0070 -0.0070 0.2850
6.4479 0.0000 0.0000 0.0000 0.0000 0.0000 -0.0620 -0.0070 -0.0070 -0.0070 -0.0070 -0.0210 0.2850
6.4489 0.0000 0.0000 0.0000 0.0000 0.0000 -0.0620 -0.0070 -0.0070 0.0070 -0.0070 0.0070 0.2410
6.4499 0.0000 0.0000 0.0000 0.0000 0.0000 -0.0620 -0.0070 -0.0070 0.0070 -0.0070 0.0070 0.2410
6.4509 0.0000 0.0000 0.0000 0.0000 0.0000 -0.0620 -0.0070 -0.0070 0.0070 -0.0070 0.0070 0.2410
6.4519 0.0000 0.0000 0.0000 0.0000 0.0000 -0.0620 -0.0070 -0.0070 0.0070 -0.0070 0.0070 0.2410
6.4528 0.0000 0.0000 0.0000 0.0000 0.0000 -0.0620 -0.0070 -0.0070 0.0070 -0.0070 0.0070 0.2410
6.4539 0.0000 0.0000 0.0000 0.0000 0.0000 -0.0620 -0.0070 -0.0070 0.0070 -0.0070 0.0070 0.2410
6.4549 0.0000 0.0000 0.0000 0.0000 0.0000 -0.0620 -0.0070 -0.0070 0.0070 -0.0070 0.0070 0.2410
6.4560 0.0000 0.0000 0.0000 0.0000 0.0000 -0.0620 -0.0070 -0.0070 0.0070 -0.0070 0.0070 0.2410
6.4569 0.0000 0.0000 0.0000 0.0000 0.0000 -0.0620 -0.0070 -0.0070 0.0070 -0.0070 0.0070 0.2410
6.4579 0.0000 0.0000 0.0000 0.0000 0.0000 -0.0620 -0.0070 -0.0070 0.0070 -0.0070 0.0070 0.2410
6.4589 0.0000 0.0000 0.0000 0.0000 0.0000 -0.0620 -0.0070 -0.0070 0.0070 -0.0070 0.0070 0.2410
6.4635 0.0000 0.0000 0.0000 0.0000 0.0000 -0.0620 -0.0070 -0.0070 0.0070 -0.0070 0.0070 0.2410
6.4641 0.0000 0.0000 0.0000 0.0000 0.0000 -0.0610 -0.0210 0.0070 -0.0210 -0.0070 -0.0070 0.2710
6.4651 0.0000 0.0000 0.0000 0.0000 0.0000 -0.0610 -0.0210 -0.0210 -0.0210 -0.0070 -0.0210 0.2270
6.4660 0.0000 0.0000 0.0000 0.0000 0.0000 -0.0610 -0.0210 -0.0210 -0.0210 -0.0070 -0.0210 0.2270
6.4671 0.0000 0.0000 0.0000 0.0000 0.0000 -0.0610 -0.0210 -0.0210 -0.0210 -0.0070 -0.0210 0.2270
6.4681 0.0000 0.0000 0.0000 0.0000 0.0000 -0.0610 -0.0210 -0.0210 -0.0210 -0.0070 -0.0210 0.2270
6.4691 0.0000 0.0000 0.0000 0.0000 0.0000 -0.0610 -0.0210 -0.0210 -0.0210 -0.0070 -0.0210 0.2270
6.4704 0.0000 0.0000 0.0000 0.0000 0.0000 -0.0610 -0.0210 -0.0210 -0.0210 -0.0070 -0.0210 0.2270
6.4711 0.0000 0.0000 0.0000 0.0000 0.0000 -0.0610 -0.0210 -0.0210 -0.0210 -0.0070 -0.0210 0.2270
6.4721 0.0000 0.0000 0.0000 0.0000 0.0000 -0.0610 -0.0210 -0.0210 -0.0210 -0.0070 -0.0210 0.2270
6.4731 0.0000 0.0000 0.0000 0.0000 0.0000 -0.0610 -0.0210 -0.0210 -0.0210 -0.0070 -0.0210 0.2270
6.4741 0.0000 0.0000 0.0000 0.0000 0.0000 -0.0610 -0.0210 -0.0210 -0.0210 -0.0070 -0.0210 0.2270
6.4794 0.0000 0.0000 0.0000 0.0000 0.0000 -0.0610 -0.0210 -0.0210 -0.0210 -0.0070 -0.0210 0.2270
6.4801 0.0000 0.0000 0.0000 0.0000 0.0000 -0.0610 -0.0210 -0.0210 -0.0210 -0.0070 -0.0210 0.2270
6.4817 0.0000 0.0000 0.0000 0.0000 0.0000 -0.0610 -0.0210 -0.0210 -0.0210 -0.0070 -0.0210 0.2270
6.4827 0.0000 0.0000 0.0000 0.0000 0.0000 -0.0610 -0.0070 -0.0210 -0.0210 -0.0070 -0.0210 0.2270
6.4831 0.0000 0.0000 0.0000 0.0000 0.0000 -0.0600 -0.0070 -0.0070 -0.0210 -0.0210 0.0070 0.2120
6.4839 0.0000 0.0000 0.0000 0.0000 0.0000 -0.0600 -0.0070 -0.0070 -0.0210 -0.0210 0.0070 0.2120
6.4853 0.0000 0.0000 0.0000 0.0000 0.0000 -0.0600 -0.0070 -0.0070 -0.0210 -0.0210 0.0070 0.2120
6.4859 0.0000 0.0000 0.0000 0.0000 0.0000 -0.0600 -0.0070 -0.0070 -0.0210 -0.0210 0.0070 0.2120
6.4869 0.0000 0.0000 0.0000 0.0000 0.0000 -0.0600 -0.0070 -0.0070 -0.0210 -0.0210 0.0070 0.2120
6.4879 0.0000 0.0000 0.0000 0.0000 0.0000 -0.0600 -0.0070 -0.0070 -0.0210 -0.0210 0.0070 0.2120
6.4889 0.0000 0.0000 0.0000 0.0000 0.0000 -0.0600 -0.0070 -0.0070 -0.0210 -0.0210 0.0070 0.2120
6.4899 0.0000 0.0000 0.0000 0.0000 0.0000 -0.0600 -0.0070 -0.0070 -0.0210 -0.0210 0.0070 0.2120
6.4914 0.0000 0.0000 0.0000 0.0000 0.0000 -0.0600 -0.0070 -0.0070 -0.0210 -0.0210 0.0070 0.2120
6.4949 0.0000 0.0000 0.0000 0.0000 0.0000 -0.0590 -0.0070 -0.0070 -0.0210 -0.0070 -0.0070 0.2410
6.4998 0.0000 0.0000 0.0000 0.0000 0.0000 -0.0590 -0.0070 -0.0070 -0.0070 -0.0070 -0.0070 0.2410
6.5005 0.0000 0.0000 0.0000 0.0000 0.0000 -0.0590 -0.0070 -0.0070 -0.0070 -0.0070 -0.0070 0.2410
6.5020 0.0000 0.0000 0.0000 0.0000 0.0000 -0.0590 -0.0070 -0.0070 -0.0070 -0.0070 -0.0070 0.2120
6.5027 0.0000 0.0000 0.0000 0.0000 0.0000 -0.0590 -0.0070 -0.0070 -0.0070 -0.0070 -0.0070 0.2120
6.5033 0.0000 0.0000 0.0000 0.0000 0.0000 -0.0590 -0.0070 -0.0070 -0.0070 -0.0070 -0.0070 0.2120
6.5044 0.0000 0.0000 0.0000 0.0000 0.0000 -0.0590 -0.0070 -0.0070 -0.0070 -0.0070 -0.0070 0.2120
6.5058 0.0000 0.0000 0.0000 0.0000 0.0000 -0.0580 -0.0070 -0.0070 -0.0070 -0.0070 -0.0210 0.2270
6.5065 0.0000 0.0000 0.0000 0.0000 0.0000 -0.0580 -0.0070 -0.0070 -0.0070 -0.0070 -0.0210 0.2270
6.5074 0.0000 0.0000 0.0000 0.0000 0.0000 -0.0580 -0.0070 -0.0070 -0.0070 -0.0070 -0.0210 0.2270
6.5096 0.0000 0.0000 0.0000 0.0000 0.0000 -0.0580 -0.0070 -0.0070 -0.0070 -0.0070 -0.0210 0.2270
6.5103 0.0000 0.0000 0.0000 0.0000 0.0000 -0.0580 -0.0070 -0.0070 -0.0070 -0.0070 -0.0210 0.2270
6.5114 0.0000 0.0000 0.0000 0.0000 0.0000 -0.0580 -0.0070 -0.0070 -0.0070 -0.0070 -0.0210 0.2270
6.5125 0.0000 0.0000 0.0000 0.0000 0.0000 -0.0580 -0.0070 -0.0070 -0.0070 -0.0070 -0.0210 0.2270
6.5140 0.0000 0.0000 0.0000 0.0000 0.0000 -0.0580 -0.0070 -0.0070 -0.0070 -0.0070 -0.0210 0.2270
6.5145 0.0000 0.0000 0.0000 0.0000 0.0000 -0.0580 -0.0070 -0.0070 -0.0070 -0.0070 -0.0210 0.2270
6.5154 0.0000 0.0000 0.0000 0.0000 0.0000 -0.0580 -0.0070 -0.0070 -0.0070 -0.0070 -0.0210 0.2270
6.5164 0.0000 0.0000 0.0000 0.0000 0.0000 -0.0580 -0.0070 -0.0070 -0.0070 -0.0070 -0.0210 0.2270
6.5174 0.0000 0.0000 0.0000 0.0000 0.0000 -0.0580 -0.0070 -0.0070 -0.0070 -0.0070 -0.0210 0.2270
6.5194 0.0000 0.0000 0.0000 0.0000 0.0000 -0.0580 -0.0070 -0.0070 -0.0070 -0.0070 -0.0210 0.2270
6.5212 0.0000 0.0000 0.0000 0.0000 0.0000 -0.0580 -0.0070 -0.0070 -0.0070 -0.0070 -0.0210 0.2270
6.5235 0.0000 0.0000 0.0000 0.0000 0.0000 -0.0580 -0.0070 -0.0210 -0.0070 0.0070 -0.0070 0.2410
6.5247 0.0000 0.0000 0.0000 0.0000 0.0000 -0.0580 -0.0070 -0.0070 0.0070 -0.0070 -0.0070 0.2410
6.5255 0.0000 0.0000 0.0000 0.0000 0.0000 -0.0580 -0.0070 -0.0070 0.0070 -0.0070 -0.0070 0.2410
6.5266 0.0000 0.0000 0.0000 0.0000 0.0000 -0.0580 -0.0070 -0.0070 0.0070 -0.0070 -0.0070 0.2410
6.5270 0.0000 0.0000 0.0000 0.0000 0.0000 -0.0580 -0.0070 -0.0070 -0.0070 -0.0070 -0.0070 0.2410
6.5284 0.0000 0.0000 0.0000 0.0000 0.0000 -0.0570 -0.0070 -0.0070 -0.0070 -0.0070 -0.0070 0.2120
6.5297 0.0000 0.0000 0.0000 0.0000 0.0000 -0.0570 -0.0070 -0.0070 -0.0070 -0.0070 -0.0070 0.2120
6.5300 0.0000 0.0000 0.0000 0.0000 0.0000 -0.0570 -0.0070 -0.0070 -0.0070 -0.0070 0.0070 0.2120
6.5380 0.0000 0.0000 0.0000 0.0000 0.0000 -0.0570 -0.0070 -0.0070 -0.0070 -0.0070 0.0070 0.2120
6.5384 0.0000 0.0000 0.0000 0.0000 0.0000 -0.0560 -0.0210 -0.0070 -0.0070 0.0070 -0.0070 0.2560
6.5394 0.0000 0.0000 0.0000 0.0000 0.0000 -0.0560 -0.0210 -0.0070 -0.0070 0.0070 -0.0070 0.2560
6.5404 0.0000 0.0000 0.0000 0.0000 0.0000 -0.0560 -0.0210 -0.0070 -0.0070 0.0070 -0.0070 0.2560
6.5415 0.0000 0.0000 0.0000 0.0000 0.0000 -0.0560 -0.0210 -0.0070 -0.0070 0.0070 -0.0070 0.2560
6.5484 0.0000 0.0000 0.0000 0.0000 0.0000 -0.0560 -0.0210 -0.0070 -0.0070 0.0070 -0.0070 0.2560
6.5516 0.0000 0.0000 0.0000 0.0000 0.0000 -0.0550 -0.0070 -0.0070 -0.0070 -0.0070 -0.0070 0.1970
6.5527 0.0000 0.0000 0.0000 0.0000 0.0000 -0.0540 -0.0070 -0.0070 -0.0210 -0.0070 0.0070 0.1970
6.5537 0.0000 0.0000 0.0000 0.0000 0.0000 -0.0540 -0.0070 -0.0070 -0.0210 -0.0070 0.0070 0.1970
6.5555 0.0000 0.0000 0.0000 0.0000 0.0000 -0.0540 -0.0070 -0.0070 -0.0210 -0.0070 0.0070 0.1970
6.5575 0.0000 0.0000 0.0000 0.0000 0.0000 -0.0540 -0.0070 -0.0070 -0.0210 -0.0070 0.0070 0.1970
6.5603 0.0000 0.0000 0.0000 0.0000 0.0000 -0.0540 -0.0070 -0.0070 -0.0210 -0.0070 0.0070 0.1970
6.5609 0.0000 0.0000 0.0000 0.0000 0.0000 -0.0540 -0.0070 -0.0070 -0.0210 -0.0070 0.0070 0.1970
6.5619 0.0000 0.0000 0.0000 0.0000 0.0000 -0.0540 -0.0070 -0.0070 -0.0210 -0.0070 0.0070 0.1970
6.5630 0.0000 0.0000 0.0000 0.0000 0.0000 -0.0540 -0.0070 -0.0070 -0.0210 -0.0070 0.0070 0.1970
6.5637 0.0000 0.0000 0.0000 0.0000 0.0000 -0.0540 -0.0070 -0.0070 -0.0210 -0.0070 0.0070 0.1970
6.5647 0.0000 0.0000 0.0000 0.0000 0.0000 -0.0540 -0.0070 -0.0070 -0.0210 -0.0070 0.0070 0.1970
6.5658 0.0000 0.0000 0.0000 0.0000 0.0000 -0.0540 -0.0070 -0.0070 -0.0210 -0.0070 0.0070 0.1970
6.5667 0.0000 0.0000 0.0000 0.0000 0.0000 -0.0540 -0.0070 -0.0070 -0.0210 -0.0070 -0.0070 0.2120
6.5677 0.0000 0.0000 0.0000 0.0000 0.0000 -0.0530 -0.0070 -0.0070 -0.0070 -0.0070 -0.0070 0.1680
6.5687 0.0000 0.0000 0.0000 0.0000 0.0000 -0.0530 -0.0070 -0.0070 -0.0070 -0.0210 -0.0070 0.1390
6.5698 0.0000 0.0000 0.0000 0.0000 0.0000 -0.0530 -0.0070 -0.0070 -0.0070 0.0070 -0.0070 0.1680
6.5707 0.0000 0.0000 0.0000 0.0000 0.0000 -0.0530 -0.0070 -0.0070 -0.0070 0.0070 -0.0070 0.1680
6.5717 0.0000 0.0000 0.0000 0.0000 0.0000 -0.0530 -0.0070 -0.0070 -0.0070 0.0070 -0.0070 0.1680
6.5727 0.0000 0.0000 0.0000 0.0000 0.0000 -0.0530 -0.0070 -0.0070 -0.0070 0.0070 -0.0070 0.1680
6.5737 0.0000 0.0000 0.0000 0.0000 0.0000 -0.0530 -0.0070 -0.0070 -0.0070 0.0070 -0.0070 0.1680
6.5747 0.0000 0.0000 0.0000 0.0000 0.0000 -0.0530 -0.0070 -0.0070 -0.0070 0.0070 -0.0070 0.1680
6.5757 0.0000 0.0000 0.0000 0.0000 0.0000 -0.0530 -0.0070 -0.0070 -0.0070 0.0070 -0.0070 0.1680
6.5767 0.0000 0.0000 0.0000 0.0000 0.0000 -0.0530 -0.0070 -0.0070 -0.0070 0.0070 -0.0070 0.1680
6.5777 0.0000 0.0000 0.0000 0.0000 0.0000 -0.0530 -0.0070 -0.0070 -0.0070 0.0070 -0.0070 0.1680
6.5787 0.0000 0.0000 0.0000 0.0000 0.0000 -0.0530 -0.0070 -0.0070 -0.0070 0.0070 -0.0070 0.1680
6.5797 0.0000 0.0000 0.0000 0.0000 0.0000 -0.0530 -0.0070 -0.0070 -0.0070 0.0070 -0.0070 0.1680
6.5807 0.0000 0.0000 0.0000 0.0000 0.0000 -0.0530 -0.0070 -0.0070 -0.0070 0.0070 -0.0070 0.1680
6.5817 0.0000 0.0000 0.0000 0.0000 0.0000 -0.0530 -0.0070 -0.0070 -0.0070 0.0070 -0.0070 0.1680
6.5828 0.0000 0.0000 0.0000 0.0000 0.0000 -0.0520 0.0070 -0.0070 -0.0070 -0.0070 -0.0070 0.2270
6.5837 0.0000 0.0000 0.0000 0.0000 0.0000 -0.0520 -0.0070 0.0070 -0.0070 -0.0210 0.0070 0.2270
6.5847 0.0000 0.0000 0.0000 0.0000 0.0000 -0.0520 -0.0210 -0.0070 0.0070 -0.0070 -0.0070 0.2410
6.5858 0.0000 0.0000 0.0000 0.0000 0.0000 -0.0520 -0.0210 -0.0070 0.0070 -0.0070 -0.0070 0.2410
6.5868 0.0000 0.0000 0.0000 0.0000 0.0000 -0.0520 -0.0210 -0.0070 0.0070 -0.0070 -0.0070 0.2410
6.5877 0.0000 0.0000 0.0000 0.0000 0.0000 -0.0520 -0.0210 -0.0070 0.0070 -0.0070 -0.0070 0.2410
6.5888 0.0000 0.0000 0.0000 0.0000 0.0000 -0.0520 -0.0210 -0.0070 0.0070 -0.0070 -0.0070 0.2410
6.5898 0.0000 0.0000 0.0000 0.0000 0.0000 -0.0520 -0.0210 -0.0070 0.0070 -0.0070 -0.0070 0.2410
6.5907 0.0000 0.0000 0.0000 0.0000 0.0000 -0.0520 -0.0210 -0.0070 0.0070 -0.0070 -0.0070 0.2410
6.5918 0.0000 0.0000 0.0000 0.0000 0.0000 -0.0520 -0.0210 -0.0070 0.0070 -0.0070 -0.0070 0.2410
6.5928 0.0000 0.0000 0.0000 0.0000 0.0000 -0.0520 -0.0210 -0.0070 0.0070 -0.0070 -0.0070 0.2410
6.5938 0.0000 0.0000 0.0000 0.0000 0.0000 -0.0520 -0.0210 -0.0070 0.0070 -0.0070 -0.0070 0.2410
6.5948 0.0000 0.0000 0.0000 0.0000 0.0000 -0.0520 -0.0210 -0.0070 0.0070 -0.0070 -0.0070 0.2410
6.5958 0.0000 0.0000 0.0000 0.0000 0.0000 -0.0520 -0.0210 -0.0070 0.0070 -0.0070 -0.0070 0.2410
6.5968 0.0000 0.0000 0.0000 0.0000 0.0000 -0.0510 0.0070 -0.0070 -0.0210 -0.0070 -0.0070 0.1830
6.5977 0.0000 0.0000 0.0000 0.0000 0.0000 -0.0510 0.0070 0.0070 -0.0070 -0.0070 0.0070 0.2270
6.5987 0.0000 0.0000 0.0000 0.0000 0.0000 -0.0510 0.0070 0.0070 -0.0070 -0.0070 0.0070 0.2270
6.5997 0.0000 0.0000 0.0000 0.0000 0.0000 -0.0510 0.0070 0.0070 -0.0070 -0.0070 0.0070 0.2270
6.6007 0.0000 0.0000 0.0000 0.0000 0.0000 -0.0510 0.0070 0.0070 -0.0070 -0.0070 0.0070 0.2270
6.6017 0.0000 0.0000 0.0000 0.0000 0.0000 -0.0510 0.0070 0.0070 -0.0070 -0.0070 0.0070 0.2270
6.6028 0.0000 0.0000 0.0000 0.0000 0.0000 -0.0510 0.0070 0.0070 -0.0070 -0.0070 0.0070 0.2270
6.6037 0.0000 0.0000 0.0000 0.0000 0.0000 -0.0510 0.0070 0.0070 -0.0070 -0.0070 0.0070 0.2270
6.6048 0.0000 0.0000 0.0000 0.0000 0.0000 -0.0510 0.0070 0.0070 -0.0070 -0.0070 0.0070 0.2270
6.6057 0.0000 0.0000 0.0000 0.0000 0.0000 -0.0510 0.0070 0.0070 -0.0070 -0.0070 0.0070 0.2270
6.6067 0.0000 0.0000 0.0000 0.0000 0.0000 -0.0510 0.0070 0.0070 -0.0070 -0.0070 0.0070 0.2270
6.6080 0.0000 0.0000 0.0000 0.0000 0.0000 -0.0510 0.0070 0.0070 -0.0070 -0.0070 0.0070 0.2270
6.6088 0.0000 0.0000 0.0000 0.0000 0.0000 -0.0510 0.0070 0.0070 -0.0070 -0.0070 0.0070 0.2270
6.6099 0.0000 0.0000 0.0000 0.0000 0.0000 -0.0500 -0.0070 -0.0070 -0.0070 -0.0070 -0.0070 0.2120
6.6111 0.0000 0.0000 0.0000 0.0000 0.0000 -0.0500 -0.0070 -0.0070 -0.0070 0.0070 0.0070 0.2270
6.6117 0.0000 0.0000 0.0000 0.0000 0.0000 -0.0500 -0.0070 -0.0070 -0.0070 0.0070 0.0070 0.2270
6.6127 0.0000 0.0000 0.0000 0.0000 0.0000 -0.0500 -0.0070 -0.0070 -0.0070 0.0070 0.0070 0.2270
6.6137 0.0000 0.0000 0.0000 0.0000 0.0000 -0.0500 -0.0070 -0.0070 -0.0070 0.0070 0.0070 0.2270
6.6148 0.0000 0.0000 0.0000 0.0000 0.0000 -0.0500 -0.0070 -0.0070 -0.0070 0.0070 0.0070 0.2270
6.6158 0.0000 0.0000 0.0000 0.0000 0.0000 -0.0500 -0.0070 -0.0070 -0.0070 0.0070 0.0070 0.2270
6.6168 0.0000 0.0000 0.0000 0.0000 0.0000 -0.0500 -0.0070 -0.0070 -0.0070 0.0070 0.0070 0.2270
6.6178 0.0000 0.0000 0.0000 0.0000 0.0000 -0.0500 -0.0070 -0.0070 -0.0070 0.0070 0.0070 0.2270
6.6188 0.0000 0.0000 0.0000 0.0000 0.0000 -0.0500 -0.0070 -0.0070 -0.0070 0.0070 0.0070 0.2270
6.6198 0.0000 0.0000 0.0000 0.0000 0.0000 -0.0500 -0.0070 -0.0070 -0.0070 0.0070 0.0070 0.2270
6.6208 0.0000 0.0000 0.0000 0.0000 0.0000 -0.0500 -0.0070 -0.0070 -0.0070 0.0070 0.0070 0.2270
6.6217 0.0000 0.0000 0.0000 0.0000 0.0000 -0.0500 -0.0070 -0.0070 -0.0070 0.0070 0.0070 0.2270
6.6228 0.0000 0.0000 0.0000 0.0000 0.0000 -0.0500 -0.0070 -0.0070 -0.0070 0.0070 0.0070 0.2270
6.6240 0.0000 0.0000 0.0000 0.0000 0.0000 -0.0490 -0.0070 -0.0070 -0.0070 -0.0210 -0.0070 0.1970
6.6247 0.0000 0.0000 0.0000 0.0000 0.0000 -0.0490 -0.0070 -0.0070 -0.0070 -0.0070 -0.0070 0.2270
6.6257 0.0000 0.0000 0.0000 0.0000 0.0000 -0.0490 -0.0070 -0.0070 -0.0070 -0.0070 -0.0070 0.2270
6.6267 0.0000 0.0000 0.0000 0.0000 0.0000 -0.0490 -0.0070 -0.0070 -0.0070 -0.0070 -0.0070 0.2270
6.6277 0.0000 0.0000 0.0000 0.0000 0.0000 -0.0490 -0.0070 -0.0070 -0.0070 -0.0070 -0.0070 0.2270
6.6288 0.0000 0.0000 0.0000 0.0000 0.0000 -0.0490 -0.0070 -0.0070 -0.0070 -0.0070 -0.0070 0.2270
6.6298 0.0000 0.0000 0.0000 0.0000 0.0000 -0.0490 -0.0070 -0.0070 -0.0070 -0.0070 -0.0070 0.2270
6.6308 0.0000 0.0000 0.0000 0.0000 0.0000 -0.0490 -0.0070 -0.0070 -0.0070 -0.0070 -0.0070 0.2270
6.6318 0.0000 0.0000 0.0000 0.0000 0.0000 -0.0490 -0.0070 -0.0070 -0.0070 -0.0070 -0.0070 0.2270
6.6328 0.0000 0.0000 0.0000 0.0000 0.0000 -0.0490 -0.0070 -0.0070 -0.0070 -0.0070 -0.0070 0.2270
6.6337 0.0000 0.0000 0.0000 0.0000 0.0000 -0.0490 -0.0070 -0.0070 -0.0070 -0.0070 -0.0070 0.2270
6.6353 0.0000 0.0000 0.0000 0.0000 0.0000 -0.0480 -0.0070 -0.0070 -0.0070 -0.0070 -0.0070 0.1970
6.6357 0.0000 0.0000 0.0000 0.0000 0.0000 -0.0480 -0.0070 -0.0070 -0.0070 -0.0210 -0.0070 0.1830
6.6367 0.0000 0.0000 0.0000 0.0000 0.0000 -0.0480 -0.0070 -0.0070 -0.0070 -0.0210 -0.0070 0.1830
6.6380 0.0000 0.0000 0.0000 0.0000 0.0000 -0.0480 -0.0070 -0.0070 -0.0070 -0.0210 -0.0070 0.1830
6.6387 0.0000 0.0000 0.0000 0.0000 0.0000 -0.0480 -0.0070 -0.0070 -0.0070 -0.0210 -0.0070 0.1830
6.6398 0.0000 0.0000 0.0000 0.0000 0.0000 -0.0480 -0.0070 -0.0070 -0.0070 -0.0210 -0.0070 0.1830
6.6407 0.0000 0.0000 0.0000 0.0000 0.0000 -0.0480 -0.0070 -0.0070 -0.0070 -0.0210 -0.0070 0.1830
6.6417 0.0000 0.0000 0.0000 0.0000 0.0000 -0.0480 -0.0070 -0.0070 -0.0070 -0.0210 -0.0070 0.1830
6.6428 0.0000 0.0000 0.0000 0.0000 0.0000 -0.0480 -0.0070 -0.0070 -0.0070 -0.0210 -0.0070 0.1830
6.6437 0.0000 0.0000 0.0000 0.0000 0.0000 -0.0480 -0.0070 -0.0070 -0.0070 -0.0210 -0.0070 0.1830
6.6447 0.0000 0.0000 0.0000 0.0000 0.0000 -0.0480 -0.0070 -0.0070 -0.0070 -0.0210 -0.0070 0.1830
6.6457 0.0000 0.0000 0.0000 0.0000 0.0000 -0.0480 -0.0070 -0.0070 -0.0070 -0.0210 -0.0070 0.1830
6.6467 0.0000 0.0000 0.0000 0.0000 0.0000 -0.0480 -0.0070 -0.0070 -0.0070 -0.0210 -0.0070 0.1830
6.6478 0.0000 0.0000 0.0000 0.0000 0.0000 -0.0470 -0.0070 -0.0070 -0.0070 -0.0070 0.0070 0.1680
6.6487 0.0000 0.0000 0.0000 0.0000 0.0000 -0.0470 -0.0210 -0.0070 -0.0070 -0.0070 0.0070 0.1680
6.6497 0.0000 0.0000 0.0000 0.0000 0.0000 -0.0470 -0.0070 0.0070 -0.0070 -0.0070 -0.0070 0.1680
6.6507 0.0000 0.0000 0.0000 0.0000 0.0000 -0.0470 -0.0070 0.0070 -0.0070 -0.0070 -0.0070 0.1680
6.6517 0.0000 0.0000 0.0000 0.0000 0.0000 -0.0470 -0.0070 0.0070 -0.0070 -0.0070 -0.0070 0.1680
6.6527 0.0000 0.0000 0.0000 0.0000 0.0000 -0.0470 -0.0070 0.0070 -0.0070 -0.0070 -0.0070 0.1680
6.6538 0.0000 0.0000 0.0000 0.0000 0.0000 -0.0470 -0.0070 0.0070 -0.0070 -0.0070 -0.0070 0.1680
6.6548 0.0000 0.0000 0.0000 0.0000 0.0000 -0.0470 -0.0070 0.0070 -0.0070 -0.0070 -0.0070 0.1680
6.6558 0.0000 0.0000 0.0000 0.0000 0.0000 -0.0470 -0.0070 0.0070 -0.0070 -0.0070 -0.0070 0.1680
6.6568 0.0000 0.0000 0.0000 0.0000 0.0000 -0.0470 -0.0070 0.0070 -0.0070 -0.0070 -0.0070 0.1680
6.6578 0.0000 0.0000 0.0000 0.0000 0.0000 -0.0470 -0.0070 0.0070 -0.0070 -0.0070 -0.0070 0.1680
6.6588 0.0000 0.0000 0.0000 0.0000 0.0000 -0.0470 -0.0070 0.0070 -0.0070 -0.0070 -0.0070 0.1680
6.6598 0.0000 0.0000 0.0000 0.0000 0.0000 -0.0470 -0.0070 0.0070 -0.0070 -0.0070 -0.0070 0.1680
6.6625 0.0000 0.0000 0.0000 0.0000 0.0000 -0.0470 -0.0070 0.0070 -0.0070 -0.0070 -0.0070 0.1680
6.6652 0.0000 0.0000 0.0000 0.0000 0.0000 -0.0470 -0.0070 -0.0070 -0.0070 -0.0210 -0.0070 0.1830
6.6658 0.0000 0.0000 0.0000 0.0000 0.0000 -0.0470 -0.0070 0.0070 -0.0070 -0.0070 -0.0070 0.1390
6.6667 0.0000 0.0000 0.0000 0.0000 0.0000 -0.0470 -0.0070 -0.0210 -0.0210 -0.0070 -0.0210 0.1530
6.6707 0.0000 0.0000 0.0000 0.0000 0.0000 -0.0470 -0.0070 -0.0210 -0.0210 -0.0070 -0.0210 0.1530
6.6711 0.0000 0.0000 0.0000 0.0000 0.0000 -0.0470 -0.0070 -0.0210 -0.0210 -0.0070 -0.0210 0.1530
6.6721 0.0000 0.0000 0.0000 0.0000 0.0000 -0.0470 -0.0070 -0.0210 -0.0210 -0.0070 -0.0210 0.1530
6.6731 0.0000 0.0000 0.0000 0.0000 0.0000 -0.0470 -0.0070 -0.0210 -0.0210 -0.0070 -0.0210 0.1530
6.6841 0.0000 0.0000 0.0000 0.0000 0.0000 -0.0470 -0.0070 -0.0210 -0.0210 -0.0070 -0.0210 0.1530
6.6884 0.0000 0.0000 0.0000 0.0000 0.0000 -0.0460 0.0070 -0.0070 0.0070 -0.0210 -0.0070 0.1830
6.6894 0.0000 0.0000 0.0000 0.0000 0.0000 -0.0450 0.0070 0.0070 -0.0210 -0.0070 -0.0070 0.1830
6.6904 0.0000 0.0000 0.0000 0.0000 0.0000 -0.0450 0.0070 0.0070 -0.0210 -0.0070 -0.0070 0.1830
6.6913 0.0000 0.0000 0.0000 0.0000 0.0000 -0.0450 0.0070 0.0070 -0.0210 -0.0070 -0.0070 0.1830
6.6923 0.0000 0.0000 0.0000 0.0000 0.0000 -0.0450 0.0070 0.0070 -0.0210 -0.0070 -0.0070 0.1830
6.6934 0.0000 0.0000 0.0000 0.0000 0.0000 -0.0450 0.0070 0.0070 -0.0210 -0.0070 -0.0070 0.1830
6.6943 0.0000 0.0000 0.0000 0.0000 0.0000 -0.0450 0.0070 0.0070 -0.0210 -0.0070 -0.0070 0.1830
6.6953 0.0000 0.0000 0.0000 0.0000 0.0000 -0.0450 0.0070 0.0070 -0.0210 -0.0070 -0.0070 0.1830
6.6963 0.0000 0.0000 0.0000 0.0000 0.0000 -0.0450 0.0070 0.0070 -0.0210 -0.0070 -0.0070 0.1830
6.6977 0.0000 0.0000 0.0000 0.0000 0.0000 -0.0450 0.0070 0.0070 -0.0210 -0.0070 -0.0070 0.1830
6.7015 0.0000 0.0000 0.0000 0.0000 0.0000 -0.0450 0.0070 0.0070 -0.0210 -0.0070 -0.0070 0.1830
6.7042 0.0000 0.0000 0.0000 0.0000 0.0000 -0.0450 0.0070 -0.0070 -0.0070 0.0070 -0.0070 0.2120
6.7058 0.0000 0.0000 0.0000 0.0000 0.0000 -0.0440 -0.0070 -0.0070 0.0070 -0.0070 -0.0070 0.1830
6.7063 0.0000 0.0000 0.0000 0.0000 0.0000 -0.0440 -0.0070 -0.0070 0.0070 -0.0070 -0.0070 0.1830
6.7079 0.0000 0.0000 0.0000 0.0000 0.0000 -0.0440 -0.0070 -0.0070 0.0070 -0.0070 -0.0070 0.1830
6.7083 0.0000 0.0000 0.0000 0.0000 0.0000 -0.0440 0.0070 -0.0070 -0.0070 0.0070 0.0070 0.1830
6.7098 0.0000 0.0000 0.0000 0.0000 0.0000 -0.0440 0.0070 -0.0070 -0.0070 0.0070 0.0070 0.1830
6.7103 0.0000 0.0000 0.0000 0.0000 0.0000 -0.0440 0.0070 -0.0070 -0.0070 0.0070 0.0070 0.1830
6.7114 0.0000 0.0000 0.0000 0.0000 0.0000 -0.0440 0.0070 -0.0070 -0.0070 0.0070 0.0070 0.1830
6.7118 0.0000 0.0000 0.0000 0.0000 0.0000 -0.0440 0.0070 -0.0070 -0.0070 0.0070 0.0070 0.1830
6.7127 0.0000 0.0000 0.0000 0.0000 0.0000 -0.0440 0.0070 -0.0070 -0.0070 0.0070 0.0070 0.1830
6.7151 0.0000 0.0000 0.0000 0.0000 0.0000 -0.0440 0.0070 -0.0070 -0.0070 0.0070 0.0070 0.1830
6.7167 0.0000 0.0000 0.0000 0.0000 0.0000 -0.0440 0.0070 -0.0070 -0.0070 0.0070 0.0070 0.1830
6.7173 0.0000 0.0000 0.0000 0.0000 0.0000 -0.0440 0.0070 -0.0070 -0.0070 0.0070 0.0070 0.1830
6.7181 0.0000 0.0000 0.0000 0.0000 0.0000 -0.0440 0.0070 -0.0070 -0.0070 0.0070 0.0070 0.1830
6.7192 0.0000 0.0000 0.0000 0.0000 0.0000 -0.0440 0.0070 -0.0070 -0.0070 0.0070 0.0070 0.1830
6.7202 0.0000 0.0000 0.0000 0.0000 0.0000 -0.0440 0.0070 -0.0070 -0.0070 0.0070 0.0070 0.1830
6.7212 0.0000 0.0000 0.0000 0.0000 0.0000 -0.0440 0.0070 -0.0070 -0.0070 0.0070 0.0070 0.1830
6.7222 0.0000 0.0000 0.0000 0.0000 0.0000 -0.0440 0.0070 -0.0070 -0.0070 0.0070 0.0070 0.1830
6.7234 0.0000 0.0000 0.0000 0.0000 0.0000 -0.0440 0.0070 -0.0070 -0.0070 0.0070 0.0070 0.1830
6.7242 0.0000 0.0000 0.0000 0.0000 0.0000 -0.0440 0.0070 -0.0070 -0.0070 0.0070 0.0070 0.1830
6.7253 0.0000 0.0000 0.0000 0.0000 0.0000 -0.0440 0.0070 -0.0070 -0.0070 0.0070 0.0070 0.1830
6.7262 0.0000 0.0000 0.0000 0.0000 0.0000 -0.0440 0.0070 -0.0070 -0.0070 0.0070 0.0070 0.1830
6.7271 0.0000 0.0000 0.0000 0.0000 0.0000 -0.0440 0.0070 -0.0070 -0.0070 0.0070 0.0070 0.1830
6.7281 0.0000 0.0000 0.0000 0.0000 0.0000 -0.0440 0.0070 -0.0070 -0.0070 0.0070 0.0070 0.1830
6.7292 0.0000 0.0000 0.0000 0.0000 0.0000 -0.0440 0.0070 -0.0070 -0.0070 0.0070 0.0070 0.1830
6.7302 0.0000 0.0000 0.0000 0.0000 0.0000 -0.0440 0.0070 -0.0070 -0.0070 0.0070 0.0070 0.1830
6.7312 0.0000 0.0000 0.0000 0.0000 0.0000 -0.0440 0.0070 -0.0070 -0.0070 0.0070 0.0070 0.1830
6.7325 0.0000 0.0000 0.0000 0.0000 0.0000 -0.0440 0.0070 -0.0070 -0.0070 0.0070 0.0070 0.1830
6.7331 0.0000 0.0000 0.0000 0.0000 0.0000 -0.0430 -0.0070 -0.0070 -0.0070 0.0070 -0.0070 0.1970
6.7342 0.0000 0.0000 0.0000 0.0000 0.0000 -0.0430 -0.0070 -0.0070 -0.0070 0.0070 -0.0070 0.1970
6.7351 0.0000 0.0000 0.0000 0.0000 0.0000 -0.0420 -0.0070 -0.0070 -0.0070 -0.0070 0.0070 0.2120
6.7361 0.0000 0.0000 0.0000 0.0000 0.0000 -0.0420 -0.0070 -0.0070 -0.0070 -0.0070 0.0070 0.2120
6.7371 0.0000 0.0000 0.0000 0.0000 0.0000 -0.0420 -0.0070 -0.0070 -0.0070 -0.0210 -0.0070 0.1530
6.7381 0.0000 0.0000 0.0000 0.0000 0.0000 -0.0420 -0.0070 -0.0070 -0.0070 -0.0210 -0.0070 0.1530
6.7391 0.0000 0.0000 0.0000 0.0000 0.0000 -0.0420 -0.0070 -0.0070 -0.0070 -0.0210 -0.0070 0.1530
6.7401 0.0000 0.0000 0.0000 0.0000 0.0000 -0.0420 -0.0070 -0.0070 -0.0070 -0.0210 -0.0070 0.1530
6.7411 0.0000 0.0000 0.0000 0.0000 0.0000 -0.0420 -0.0070 -0.0070 -0.0070 -0.0210 -0.0070 0.1530
6.7421 0.0000 0.0000 0.0000 0.0000 0.0000 -0.0420 -0.0070 -0.0070 -0.0070 -0.0210 -0.0070 0.1530
6.7432 0.0000 0.0000 0.0000 0.0000 0.0000 -0.0420 -0.0070 -0.0070 -0.0070 -0.0210 -0.0070 0.1530
6.7442 0.0000 0.0000 0.0000 0.0000 0.0000 -0.0420 -0.0070 -0.0070 -0.0070 -0.0210 -0.0070 0.1530
6.7452 0.0000 0.0000 0.0000 0.0000 0.0000 -0.0420 -0.0070 -0.0070 -0.0070 -0.0210 -0.0070 0.1530
6.7461 0.0000 0.0000 0.0000 0.0000 0.0000 -0.0420 -0.0070 -0.0070 -0.0070 -0.0210 -0.0070 0.1530
6.7471 0.0000 0.0000 0.0000 0.0000 0.0000 -0.0420 -0.0070 -0.0070 -0.0070 -0.0210 -0.0070 0.1530
6.7486 0.0000 0.0000 0.0000 0.0000 0.0000 -0.0420 -0.0070 -0.0070 -0.0070 -0.0210 -0.0070 0.1530
6.7491 0.0000 0.0000 0.0000 0.0000 0.0000 -0.0420 -0.0070 -0.0070 -0.0070 0.0070 0.0070 0.1240
6.7506 0.0000 0.0000 0.0000 0.0000 0.0000 -0.0420 -0.0070 -0.0070 -0.0070 -0.0070 -0.0210 0.1390
6.7519 0.0000 0.0000 0.0000 0.0000 0.0000 -0.0420 -0.0210 -0.0070 -0.0070 -0.0070 -0.0210 0.1390
6.7534 0.0000 0.0000 0.0000 0.0000 0.0000 -0.0420 -0.0210 -0.0070 -0.0070 -0.0070 -0.0210 0.1390
6.7536 0.0000 0.0000 0.0000 0.0000 0.0000 -0.0420 -0.0210 -0.0070 -0.0070 -0.0070 -0.0210 0.1390
6.7541 0.0000 0.0000 0.0000 0.0000 0.0000 -0.0410 -0.0070 -0.0070 -0.0070 -0.0070 -0.0070 0.1530
6.7551 0.0000 0.0000 0.0000 0.0000 0.0000 -0.0410 -0.0070 -0.0070 -0.0070 -0.0070 -0.0070 0.1530
6.7561 0.0000 0.0000 0.0000 0.0000 0.0000 -0.0410 -0.0070 -0.0070 -0.0070 -0.0070 -0.0070 0.1530
6.7571 0.0000 0.0000 0.0000 0.0000 0.0000 -0.0410 -0.0070 -0.0070 -0.0070 -0.0070 -0.0070 0.1530
6.7581 0.0000 0.0000 0.0000 0.0000 0.0000 -0.0410 -0.0070 -0.0070 -0.0070 -0.0070 -0.0070 0.1530
6.7601 0.0000 0.0000 0.0000 0.0000 0.0000 -0.0410 -0.0070 -0.0070 -0.0070 -0.0070 -0.0070 0.1530
6.7604 0.0000 0.0000 0.0000 0.0000 0.0000 -0.0410 -0.0070 -0.0070 -0.0070 -0.0070 -0.0070 0.1530
6.7611 0.0000 0.0000 0.0000 0.0000 0.0000 -0.0410 -0.0070 -0.0070 -0.0070 -0.0070 -0.0070 0.1530
6.7621 0.0000 0.0000 0.0000 0.0000 0.0000 -0.0410 -0.0070 -0.0070 -0.0070 -0.0070 -0.0070 0.1530
6.7631 0.0000 0.0000 0.0000 0.0000 0.0000 -0.0410 -0.0070 -0.0070 -0.0070 -0.0070 -0.0070 0.1530
6.7641 0.0000 0.0000 0.0000 0.0000 0.0000 -0.0410 -0.0070 -0.0070 -0.0070 -0.0070 -0.0070 0.1530
6.7651 0.0000 0.0000 0.0000 0.0000 0.0000 -0.0410 -0.0070 -0.0070 -0.0070 -0.0070 -0.0070 0.1530
6.7667 0.0000 0.0000 0.0000 0.0000 0.0000 -0.0410 -0.0070 -0.0210 -0.0070 -0.0070 -0.0070 0.0950
6.7671 0.0000 0.0000 0.0000 0.0000 0.0000 -0.0410 -0.0070 -0.0210 -0.0070 -0.0070 -0.0070 0.0950
6.7681 0.0000 0.0000 0.0000 0.0000 0.0000 -0.0400 -0.0070 -0.0070 -0.0210 -0.0210 -0.0070 0.0800
6.7691 0.0000 0.0000 0.0000 0.0000 0.0000 -0.0400 -0.0070 -0.0070 -0.0210 -0.0210 -0.0070 0.0800
6.7702 0.0000 0.0000 0.0000 0.0000 0.0000 -0.0400 -0.0070 -0.0070 -0.0210 -0.0210 -0.0070 0.0800
6.7711 0.0000 0.0000 0.0000 0.0000 0.0000 -0.0400 -0.0070 -0.0070 -0.0210 -0.0210 -0.0070 0.0800
6.7721 0.0000 0.0000 0.0000 0.0000 0.0000 -0.0400 -0.0070 -0.0070 -0.0210 -0.0210 -0.0070 0.0800
6.7731 0.0000 0.0000 0.0000 0.0000 0.0000 -0.0400 -0.0070 -0.0070 -0.0210 -0.0210 -0.0070 0.0800
6.7741 0.0000 0.0000 0.0000 0.0000 0.0000 -0.0400 -0.0070 -0.0070 -0.0210 -0.0210 -0.0070 0.0800
6.7751 0.0000 0.0000 0.0000 0.0000 0.0000 -0.0400 -0.0070 -0.0070 -0.0210 -0.0210 -0.0070 0.0800
6.7761 0.0000 0.0000 0.0000 0.0000 0.0000 -0.0400 -0.0070 -0.0070 -0.0210 -0.0210 -0.0070 0.0800
6.7771 0.0000 0.0000 0.0000 0.0000 0.0000 -0.0400 -0.0070 -0.0070 -0.0210 -0.0210 -0.0070 0.0800
6.7781 0.0000 0.0000 0.0000 0.0000 0.0000 -0.0400 -0.0070 -0.0070 -0.0210 -0.0210 -0.0070 0.0800
6.7791 0.0000 0.0000 0.0000 0.0000 0.0000 -0.0400 -0.0070 -0.0070 -0.0210 -0.0210 -0.0070 0.0800
6.7801 0.0000 0.0000 0.0000 0.0000 0.0000 -0.0400 -0.0070 -0.0070 -0.0210 -0.0210 -0.0070 0.0800
6.7811 0.0000 0.0000 0.0000 0.0000 0.0000 -0.0400 -0.0070 -0.0070 -0.0210 -0.0210 -0.0070 0.0800
6.7821 0.0000 0.0000 0.0000 0.0000 0.0000 -0.0390 -0.0070 -0.0070 0.0070 -0.0070 0.0070 0.2120
6.7831 0.0000 0.0000 0.0000 0.0000 0.0000 -0.0390 -0.0070 -0.0070 0.0070 -0.0070 0.0070 0.2120
6.7841 0.0000 0.0000 0.0000 0.0000 0.0000 -0.0390 -0.0070 -0.0070 0.0070 -0.0070 0.0070 0.2120
6.7851 0.0000 0.0000 0.0000 0.0000 0.0000 -0.0390 -0.0070 -0.0070 0.0070 -0.0070 0.0070 0.2120
6.7861 0.0000 0.0000 0.0000 0.0000 0.0000 -0.0390 -0.0070 -0.0070 0.0070 -0.0070 0.0070 0.2120
6.7871 0.0000 0.0000 0.0000 0.0000 0.0000 -0.0390 -0.0070 -0.0070 0.0070 -0.0070 0.0070 0.2120
6.7881 0.0000 0.0000 0.0000 0.0000 0.0000 -0.0390 -0.0070 -0.0070 0.0070 -0.0070 0.0070 0.2120
6.7891 0.0000 0.0000 0.0000 0.0000 0.0000 -0.0390 -0.0070 -0.0070 0.0070 -0.0070 0.0070 0.2120
6.7901 0.0000 0.0000 0.0000 0.0000 0.0000 -0.0390 -0.0070 -0.0070 0.0070 -0.0070 0.0070 0.2120
6.7948 0.0000 0.0000 0.0000 0.0000 0.0000 -0.0390 -0.0070 -0.0070 0.0070 -0.0070 0.0070 0.2120
6.7951 0.0000 0.0000 0.0000 0.0000 0.0000 -0.0390 -0.0070 -0.0070 0.0070 -0.0070 0.0070 0.2120
6.7960 0.0000 0.0000 0.0000 0.0000 0.0000 -0.0390 -0.0070 -0.0070 -0.0070 -0.0070 -0.0070 0.2120
6.7971 0.0000 0.0000 0.0000 0.0000 0.0000 -0.0390 -0.0070 -0.0070 -0.0070 -0.0070 -0.0070 0.2120
6.7981 0.0000 0.0000 0.0000 0.0000 0.0000 -0.0390 -0.0070 -0.0070 -0.0070 -0.0070 -0.0070 0.2120
6.7991 0.0000 0.0000 0.0000 0.0000 0.0000 -0.0390 -0.0070 -0.0070 -0.0070 -0.0070 -0.0070 0.2120
6.8000 0.0000 0.0000 0.0000 0.0000 0.0000 -0.0390 -0.0070 -0.0070 -0.0070 -0.0070 -0.0070 0.2120
6.8011 0.0000 0.0000 0.0000 0.0000 0.0000 -0.0390 -0.0070 -0.0070 -0.0070 -0.0070 -0.0070 0.2120
6.8020 0.0000 0.0000 0.0000 0.0000 0.0000 -0.0390 -0.0070 -0.0070 -0.0070 -0.0070 -0.0070 0.2120
6.8031 0.0000 0.0000 0.0000 0.0000 0.0000 -0.0390 -0.0070 -0.0070 -0.0070 -0.0070 -0.0070 0.2120
6.8040 0.0000 0.0000 0.0000 0.0000 0.0000 -0.0390 -0.0070 -0.0070 -0.0070 -0.0070 -0.0070 0.2120
6.8051 0.0000 0.0000 0.0000 0.0000 0.0000 -0.0390 -0.0070 -0.0070 -0.0070 -0.0070 -0.0070 0.2120
6.8062 0.0000 0.0000 0.0000 0.0000 0.0000 -0.0390 -0.0070 -0.0070 -0.0070 -0.0070 -0.0070 0.2120
6.8072 0.0000 0.0000 0.0000 0.0000 0.0000 -0.0390 -0.0070 -0.0070 -0.0210 -0.0070 -0.0070 0.1390
6.8086 0.0000 0.0000 0.0000 0.0000 0.0000 -0.0390 -0.0070 -0.0070 -0.0210 -0.0070 -0.0070 0.1390
6.8090 0.0000 0.0000 0.0000 0.0000 0.0000 -0.0380 -0.0070 0.0070 -0.0070 -0.0210 -0.0210 0.1090
6.8101 0.0000 0.0000 0.0000 0.0000 0.0000 -0.0380 -0.0070 0.0070 -0.0070 -0.0070 -0.0070 0.1090
6.8110 0.0000 0.0000 0.0000 0.0000 0.0000 -0.0380 -0.0070 0.0070 -0.0070 -0.0070 -0.0070 0.1090
6.8120 0.0000 0.0000 0.0000 0.0000 0.0000 -0.0380 -0.0070 0.0070 -0.0070 -0.0070 -0.0070 0.1090
6.8131 0.0000 0.0000 0.0000 0.0000 0.0000 -0.0380 -0.0070 0.0070 -0.0070 -0.0070 -0.0070 0.1090
6.8140 0.0000 0.0000 0.0000 0.0000 0.0000 -0.0380 -0.0070 0.0070 -0.0070 -0.0070 -0.0070 0.1090
6.8151 0.0000 0.0000 0.0000 0.0000 0.0000 -0.0380 -0.0070 0.0070 -0.0070 -0.0070 -0.0070 0.1090
6.8161 0.0000 0.0000 0.0000 0.0000 0.0000 -0.0380 -0.0070 0.0070 -0.0070 -0.0070 -0.0070 0.1090
6.8171 0.0000 0.0000 0.0000 0.0000 0.0000 -0.0380 -0.0070 0.0070 -0.0070 -0.0070 -0.0070 0.1090
6.8181 0.0000 0.0000 0.0000 0.0000 0.0000 -0.0380 -0.0070 0.0070 -0.0070 -0.0070 -0.0070 0.1090
6.8191 0.0000 0.0000 0.0000 0.0000 0.0000 -0.0380 -0.0070 0.0070 -0.0070 -0.0070 -0.0070 0.1090
6.8201 0.0000 0.0000 0.0000 0.0000 0.0000 -0.0380 -0.0070 0.0070 -0.0070 -0.0070 -0.0070 0.1090
6.8243 0.0000 0.0000 0.0000 0.0000 0.0000 -0.0380 -0.0070 0.0070 -0.0070 -0.0070 -0.0070 0.1090
6.8245 0.0000 0.0000 0.0000 0.0000 0.0000 -0.0380 -0.0070 -0.0070 -0.0070 -0.0210 0.0070 0.1240
6.8255 0.0000 0.0000 0.0000 0.0000 0.0000 -0.0370 0.0070 -0.0070 -0.0070 -0.0070 0.0070 0.1830
6.8266 0.0000 0.0000 0.0000 0.0000 0.0000 -0.0370 0.0070 -0.0070 -0.0070 -0.0070 0.0070 0.1830
6.8275 0.0000 0.0000 0.0000 0.0000 0.0000 -0.0370 0.0070 -0.0070 -0.0070 -0.0070 0.0070 0.1830
6.8285 0.0000 0.0000 0.0000 0.0000 0.0000 -0.0370 0.0070 -0.0070 -0.0070 -0.0070 0.0070 0.1830
6.8295 0.0000 0.0000 0.0000 0.0000 0.0000 -0.0370 0.0070 -0.0070 -0.0070 -0.0070 0.0070 0.1830
6.8305 0.0000 0.0000 0.0000 0.0000 0.0000 -0.0370 0.0070 -0.0070 -0.0070 -0.0070 0.0070 0.1830
6.8316 0.0000 0.0000 0.0000 0.0000 0.0000 -0.0370 0.0070 -0.0070 -0.0070 -0.0070 0.0070 0.1830
6.8325 0.0000 0.0000 0.0000 0.0000 0.0000 -0.0370 0.0070 -0.0070 -0.0070 -0.0070 0.0070 0.1830
6.8335 0.0000 0.0000 0.0000 0.0000 0.0000 -0.0370 0.0070 -0.0070 -0.0070 -0.0070 0.0070 0.1830
6.8346 0.0000 0.0000 0.0000 0.0000 0.0000 -0.0370 -0.0070 -0.0070 -0.0210 -0.0070 -0.0070 0.1830
6.8355 0.0000 0.0000 0.0000 0.0000 0.0000 -0.0370 -0.0070 -0.0070 -0.0210 -0.0070 -0.0070 0.1830
6.8366 0.0000 0.0000 0.0000 0.0000 0.0000 -0.0370 -0.0070 -0.0070 -0.0210 -0.0210 -0.0070 0.1390
6.8375 0.0000 0.0000 0.0000 0.0000 0.0000 -0.0370 -0.0070 -0.0070 -0.0210 -0.0210 -0.0070 0.1390
6.8385 0.0000 0.0000 0.0000 0.0000 0.0000 -0.0370 -0.0070 -0.0070 -0.0210 -0.0210 -0.0070 0.1390
6.8395 0.0000 0.0000 0.0000 0.0000 0.0000 -0.0370 -0.0070 -0.0070 -0.0210 -0.0210 -0.0070 0.1390
6.8405 0.0000 0.0000 0.0000 0.0000 0.0000 -0.0370 -0.0070 -0.0070 -0.0210 -0.0210 -0.0070 0.1390
6.8415 0.0000 0.0000 0.0000 0.0000 0.0000 -0.0370 -0.0070 -0.0070 -0.0210 -0.0210 -0.0070 0.1390
6.8425 0.0000 0.0000 0.0000 0.0000 0.0000 -0.0370 -0.0070 -0.0070 -0.0210 -0.0210 -0.0070 0.1390
6.8435 0.0000 0.0000 0.0000 0.0000 0.0000 -0.0370 -0.0070 -0.0070 -0.0210 -0.0210 -0.0070 0.1390
6.8445 0.0000 0.0000 0.0000 0.0000 0.0000 -0.0370 -0.0070 -0.0070 -0.0210 -0.0210 -0.0070 0.1390
6.8455 0.0000 0.0000 0.0000 0.0000 0.0000 -0.0370 -0.0070 -0.0070 -0.0210 -0.0210 -0.0070 0.1390
6.8465 0.0000 0.0000 0.0000 0.0000 0.0000 -0.0370 -0.0070 -0.0070 -0.0210 -0.0210 -0.0070 0.1390
6.8476 0.0000 0.0000 0.0000 0.0000 0.0000 -0.0370 -0.0070 -0.0070 -0.0210 -0.0210 -0.0070 0.1390
6.8485 0.0000 0.0000 0.0000 0.0000 0.0000 -0.0360 -0.0210 -0.0070 0.0070 -0.0210 -0.0210 0.1530
6.8500 0.0000 0.0000 0.0000 0.0000 0.0000 -0.0360 -0.0070 -0.0070 -0.0070 -0.0070 -0.0070 0.1680
6.8505 0.0000 0.0000 0.0000 0.0000 0.0000 -0.0360 -0.0070 -0.0210 -0.0070 0.0070 -0.0070 0.1680
6.8515 0.0000 0.0000 0.0000 0.0000 0.0000 -0.0360 -0.0070 -0.0210 -0.0070 0.0070 -0.0070 0.1680
6.8526 0.0000 0.0000 0.0000 0.0000 0.0000 -0.0360 -0.0070 -0.0210 -0.0070 0.0070 -0.0070 0.1680
6.8535 0.0000 0.0000 0.0000 0.0000 0.0000 -0.0360 -0.0070 -0.0210 -0.0070 0.0070 -0.0070 0.1680
6.8545 0.0000 0.0000 0.0000 0.0000 0.0000 -0.0360 -0.0070 -0.0210 -0.0070 0.0070 -0.0070 0.1680
6.8555 0.0000 0.0000 0.0000 0.0000 0.0000 -0.0360 -0.0070 -0.0210 -0.0070 0.0070 -0.0070 0.1680
6.8565 0.0000 0.0000 0.0000 0.0000 0.0000 -0.0360 -0.0070 -0.0210 -0.0070 0.0070 -0.0070 0.1680
6.8575 0.0000 0.0000 0.0000 0.0000 0.0000 -0.0360 -0.0070 -0.0210 -0.0070 0.0070 -0.0070 0.1680
6.8585 0.0000 0.0000 0.0000 0.0000 0.0000 -0.0360 -0.0070 -0.0210 -0.0070 0.0070 -0.0070 0.1680
6.8595 0.0000 0.0000 0.0000 0.0000 0.0000 -0.0360 -0.0070 -0.0210 -0.0070 0.0070 -0.0070 0.1680
6.8609 0.0000 0.0000 0.0000 0.0000 0.0000 -0.0360 -0.0070 -0.0210 -0.0070 0.0070 -0.0070 0.1240
6.8620 0.0000 0.0000 0.0000 0.0000 0.0000 -0.0360 -0.0070 -0.0210 -0.0070 0.0070 -0.0070 0.1240
6.8626 0.0000 0.0000 0.0000 0.0000 0.0000 -0.0350 -0.0070 -0.0210 -0.0070 -0.0070 -0.0070 0.1240
6.8635 0.0000 0.0000 0.0000 0.0000 0.0000 -0.0350 -0.0070 -0.0210 -0.0070 -0.0070 -0.0070 0.1240
6.8645 0.0000 0.0000 0.0000 0.0000 0.0000 -0.0350 -0.0070 -0.0210 -0.0070 -0.0070 -0.0070 0.1240
6.8655 0.0000 0.0000 0.0000 0.0000 0.0000 -0.0350 -0.0070 -0.0210 -0.0070 -0.0070 -0.0070 0.1240
6.8665 0.0000 0.0000 0.0000 0.0000 0.0000 -0.0350 -0.0070 -0.0210 -0.0070 -0.0070 -0.0070 0.1240
6.8675 0.0000 0.0000 0.0000 0.0000 0.0000 -0.0350 -0.0070 -0.0210 -0.0070 -0.0070 -0.0070 0.1240
6.8685 0.0000 0.0000 0.0000 0.0000 0.0000 -0.0350 -0.0070 -0.0210 -0.0070 -0.0070 -0.0070 0.1240
6.8695 0.0000 0.0000 0.0000 0.0000 0.0000 -0.0350 -0.0070 -0.0210 -0.0070 -0.0070 -0.0070 0.1240
6.8706 0.0000 0.0000 0.0000 0.0000 0.0000 -0.0350 -0.0070 -0.0210 -0.0070 -0.0070 -0.0070 0.1240
6.8715 0.0000 0.0000 0.0000 0.0000 0.0000 -0.0350 -0.0070 -0.0210 -0.0070 -0.0070 -0.0070 0.1240
6.8725 0.0000 0.0000 0.0000 0.0000 0.0000 -0.0350 -0.0070 -0.0210 -0.0070 -0.0070 -0.0070 0.1240
6.8736 0.0000 0.0000 0.0000 0.0000 0.0000 -0.0350 -0.0210 -0.0210 -0.0070 -0.0210 -0.0070 0.1390
6.8746 0.0000 0.0000 0.0000 0.0000 0.0000 -0.0350 -0.0070 -0.0210 0.0070 -0.0070 -0.0070 0.1390
6.8756 0.0000 0.0000 0.0000 0.0000 0.0000 -0.0340 0.0070 -0.0070 -0.0070 -0.0070 -0.0070 0.0950
6.8765 0.0000 0.0000 0.0000 0.0000 0.0000 -0.0340 0.0070 -0.0070 -0.0070 -0.0070 -0.0070 0.0950
6.8784 0.0000 0.0000 0.0000 0.0000 0.0000 -0.0340 0.0070 -0.0070 -0.0070 -0.0070 -0.0070 0.0950
6.8786 0.0000 0.0000 0.0000 0.0000 0.0000 -0.0340 0.0070 -0.0070 -0.0070 -0.0070 -0.0070 0.0950
6.8795 0.0000 0.0000 0.0000 0.0000 0.0000 -0.0340 0.0070 -0.0070 -0.0070 -0.0070 -0.0070 0.0950
6.8805 0.0000 0.0000 0.0000 0.0000 0.0000 -0.0340 0.0070 -0.0070 -0.0070 -0.0070 -0.0070 0.0950
6.8815 0.0000 0.0000 0.0000 0.0000 0.0000 -0.0340 0.0070 -0.0070 -0.0070 -0.0070 -0.0070 0.0950
6.8825 0.0000 0.0000 0.0000 0.0000 0.0000 -0.0340 0.0070 -0.0070 -0.0070 -0.0070 -0.0070 0.0950
6.8835 0.0000 0.0000 0.0000 0.0000 0.0000 -0.0340 0.0070 -0.0070 -0.0070 -0.0070 -0.0070 0.0950
6.8845 0.0000 0.0000 0.0000 0.0000 0.0000 -0.0340 0.0070 -0.0070 -0.0070 -0.0070 -0.0070 0.0950
6.8855 0.0000 0.0000 0.0000 0.0000 0.0000 -0.0340 0.0070 -0.0070 -0.0070 -0.0070 -0.0070 0.0950
6.8874 0.0000 0.0000 0.0000 0.0000 0.0000 -0.0340 -0.0070 -0.0210 -0.0210 -0.0070 -0.0070 0.1390
6.8887 0.0000 0.0000 0.0000 0.0000 0.0000 -0.0340 -0.0070 -0.0070 0.0070 -0.0070 -0.0210 0.1530
6.8898 0.0000 0.0000 0.0000 0.0000 0.0000 -0.0340 -0.0070 -0.0070 0.0070 -0.0070 -0.0210 0.1530
6.8908 0.0000 0.0000 0.0000 0.0000 0.0000 -0.0340 -0.0070 -0.0070 0.0070 -0.0070 -0.0210 0.1530
6.8919 0.0000 0.0000 0.0000 0.0000 0.0000 -0.0340 -0.0070 -0.0070 0.0070 -0.0070 -0.0210 0.1530
6.8928 0.0000 0.0000 0.0000 0.0000 0.0000 -0.0340 -0.0070 -0.0070 0.0070 -0.0070 -0.0210 0.1530
6.8938 0.0000 0.0000 0.0000 0.0000 0.0000 -0.0340 -0.0070 -0.0070 0.0070 -0.0070 -0.0210 0.1530
6.8948 0.0000 0.0000 0.0000 0.0000 0.0000 -0.0340 -0.0070 -0.0070 0.0070 -0.0070 -0.0210 0.1530
6.8958 0.0000 0.0000 0.0000 0.0000 0.0000 -0.0340 -0.0070 -0.0070 0.0070 -0.0070 -0.0210 0.1530
6.8988 0.0000 0.0000 0.0000 0.0000 0.0000 -0.0340 -0.0070 -0.0070 0.0070 -0.0070 -0.0210 0.1530
6.8992 0.0000 0.0000 0.0000 0.0000 0.0000 -0.0340 -0.0070 -0.0070 0.0070 -0.0070 -0.0210 0.1530
6.9002 0.0000 0.0000 0.0000 0.0000 0.0000 -0.0340 -0.0070 -0.0070 0.0070 -0.0070 -0.0210 0.1530
6.9012 0.0000 0.0000 0.0000 0.0000 0.0000 -0.0340 -0.0070 -0.0070 0.0070 -0.0070 -0.0210 0.1530
6.9022 0.0000 0.0000 0.0000 0.0000 0.0000 -0.0340 -0.0070 -0.0070 0.0070 -0.0070 -0.0210 0.1530
6.9032 0.0000 0.0000 0.0000 0.0000 0.0000 -0.0340 -0.0070 -0.0070 -0.0070 -0.0210 0.0070 0.0950
6.9042 0.0000 0.0000 0.0000 0.0000 0.0000 -0.0340 -0.0070 -0.0070 -0.0070 -0.0210 0.0070 0.0950
6.9052 0.0000 0.0000 0.0000 0.0000 0.0000 -0.0340 -0.0070 -0.0070 -0.0070 -0.0210 0.0070 0.0950
6.9062 0.0000 0.0000 0.0000 0.0000 0.0000 -0.0340 -0.0070 -0.0070 -0.0070 -0.0210 0.0070 0.0950
6.9072 0.0000 0.0000 0.0000 0.0000 0.0000 -0.0340 -0.0070 -0.0070 -0.0070 -0.0210 0.0070 0.0950
6.9082 0.0000 0.0000 0.0000 0.0000 0.0000 -0.0340 -0.0070 -0.0070 -0.0070 -0.0210 0.0070 0.0950
6.9092 0.0000 0.0000 0.0000 0.0000 0.0000 -0.0340 -0.0070 -0.0070 -0.0070 -0.0210 0.0070 0.0950
6.9102 0.0000 0.0000 0.0000 0.0000 0.0000 -0.0340 -0.0070 -0.0070 -0.0070 -0.0210 0.0070 0.0950
6.9112 0.0000 0.0000 0.0000 0.0000 0.0000 -0.0340 -0.0070 -0.0070 -0.0070 -0.0210 0.0070 0.0950
6.9124 0.0000 0.0000 0.0000 0.0000 0.0000 -0.0340 -0.0070 -0.0070 -0.0070 -0.0210 0.0070 0.0950
6.9132 0.0000 0.0000 0.0000 0.0000 0.0000 -0.0330 -0.0070 -0.0070 -0.0070 -0.0070 -0.0070 0.1530
6.9142 0.0000 0.0000 0.0000 0.0000 0.0000 -0.0330 -0.0070 -0.0070 0.0070 -0.0070 -0.0070 0.1390
6.9152 0.0000 0.0000 0.0000 0.0000 0.0000 -0.0330 -0.0210 -0.0070 0.0070 -0.0070 -0.0070 0.1390
6.9162 0.0000 0.0000 0.0000 0.0000 0.0000 -0.0330 -0.0210 -0.0070 0.0070 -0.0070 -0.0070 0.1390
6.9172 0.0000 0.0000 0.0000 0.0000 0.0000 -0.0330 -0.0210 -0.0070 0.0070 -0.0070 -0.0070 0.1390
6.9182 0.0000 0.0000 0.0000 0.0000 0.0000 -0.0330 -0.0210 -0.0070 0.0070 -0.0070 -0.0070 0.1390
6.9192 0.0000 0.0000 0.0000 0.0000 0.0000 -0.0330 -0.0210 -0.0070 0.0070 -0.0070 -0.0070 0.1390
6.9202 0.0000 0.0000 0.0000 0.0000 0.0000 -0.0330 -0.0210 -0.0070 0.0070 -0.0070 -0.0070 0.1390
6.9212 0.0000 0.0000 0.0000 0.0000 0.0000 -0.0330 -0.0210 -0.0070 0.0070 -0.0070 -0.0070 0.1390
6.9222 0.0000 0.0000 0.0000 0.0000 0.0000 -0.0330 -0.0210 -0.0070 0.0070 -0.0070 -0.0070 0.1390
6.9233 0.0000 0.0000 0.0000 0.0000 0.0000 -0.0330 -0.0210 -0.0070 0.0070 -0.0070 -0.0070 0.1390
6.9243 0.0000 0.0000 0.0000 0.0000 0.0000 -0.0330 -0.0210 -0.0070 0.0070 -0.0070 -0.0070 0.1390
6.9252 0.0000 0.0000 0.0000 0.0000 0.0000 -0.0330 -0.0210 -0.0070 0.0070 -0.0070 -0.0070 0.1390
6.9267 0.0000 0.0000 0.0000 0.0000 0.0000 -0.0330 -0.0210 -0.0070 0.0070 -0.0070 -0.0070 0.1390
6.9275 0.0000 0.0000 0.0000 0.0000 0.0000 -0.0330 -0.0210 -0.0070 0.0070 -0.0070 -0.0070 0.1390
6.9285 0.0000 0.0000 0.0000 0.0000 0.0000 -0.0320 -0.0070 -0.0210 -0.0210 -0.0210 -0.0070 0.1240
6.9292 0.0000 0.0000 0.0000 0.0000 0.0000 -0.0320 -0.0070 -0.0210 -0.0070 -0.0070 -0.0070 0.1680
6.9302 0.0000 0.0000 0.0000 0.0000 0.0000 -0.0320 -0.0070 -0.0210 -0.0070 -0.0070 -0.0070 0.1680
6.9312 0.0000 0.0000 0.0000 0.0000 0.0000 -0.0320 -0.0070 -0.0210 -0.0070 -0.0070 -0.0070 0.1680
6.9322 0.0000 0.0000 0.0000 0.0000 0.0000 -0.0320 -0.0070 -0.0210 -0.0070 -0.0070 -0.0070 0.1680
6.9332 0.0000 0.0000 0.0000 0.0000 0.0000 -0.0320 -0.0070 -0.0210 -0.0070 -0.0070 -0.0070 0.1680
6.9342 0.0000 0.0000 0.0000 0.0000 0.0000 -0.0320 -0.0070 -0.0210 -0.0070 -0.0070 -0.0070 0.1680
6.9352 0.0000 0.0000 0.0000 0.0000 0.0000 -0.0320 -0.0070 -0.0210 -0.0070 -0.0070 -0.0070 0.1680
6.9362 0.0000 0.0000 0.0000 0.0000 0.0000 -0.0320 -0.0070 -0.0210 -0.0070 -0.0070 -0.0070 0.1680
6.9376 0.0000 0.0000 0.0000 0.0000 0.0000 -0.0320 -0.0070 -0.0210 -0.0070 -0.0070 -0.0070 0.1680
6.9382 0.0000 0.0000 0.0000 0.0000 0.0000 -0.0320 -0.0070 -0.0210 -0.0070 -0.0070 -0.0070 0.1680
6.9399 0.0000 0.0000 0.0000 0.0000 0.0000 -0.0320 -0.0070 -0.0070 -0.0070 0.0070 -0.0210 0.1530
6.9407 0.0000 0.0000 0.0000 0.0000 0.0000 -0.0320 -0.0070 -0.0210 0.0070 -0.0070 -0.0070 0.1240
6.9412 0.0000 0.0000 0.0000 0.0000 0.0000 -0.0320 -0.0070 -0.0210 0.0070 -0.0070 -0.0070 0.1240
6.9436 0.0000 0.0000 0.0000 0.0000 0.0000 -0.0320 -0.0070 -0.0210 0.0070 -0.0070 -0.0070 0.1240
6.9438 0.0000 0.0000 0.0000 0.0000 0.0000 -0.0320 -0.0070 -0.0210 -0.0070 -0.0070 -0.0070 0.1240
6.9443 0.0000 0.0000 0.0000 0.0000 0.0000 -0.0320 -0.0070 -0.0210 -0.0070 -0.0070 -0.0070 0.1240
6.9452 0.0000 0.0000 0.0000 0.0000 0.0000 -0.0320 -0.0070 -0.0210 -0.0070 -0.0070 -0.0070 0.1240
6.9462 0.0000 0.0000 0.0000 0.0000 0.0000 -0.0320 -0.0070 -0.0210 -0.0070 -0.0070 -0.0070 0.1240
6.9472 0.0000 0.0000 0.0000 0.0000 0.0000 -0.0320 -0.0070 -0.0210 -0.0070 -0.0070 -0.0070 0.1240
6.9482 0.0000 0.0000 0.0000 0.0000 0.0000 -0.0320 -0.0070 -0.0210 -0.0070 -0.0070 -0.0070 0.1240
6.9492 0.0000 0.0000 0.0000 0.0000 0.0000 -0.0320 -0.0070 -0.0210 -0.0070 -0.0070 -0.0070 0.1240
6.9503 0.0000 0.0000 0.0000 0.0000 0.0000 -0.0320 -0.0070 -0.0210 -0.0070 -0.0070 -0.0070 0.1240
6.9512 0.0000 0.0000 0.0000 0.0000 0.0000 -0.0320 -0.0070 -0.0210 -0.0070 -0.0070 -0.0070 0.1240
6.9522 0.0000 0.0000 0.0000 0.0000 0.0000 -0.0320 -0.0070 -0.0210 -0.0070 -0.0070 -0.0070 0.1240
6.9566 0.0000 0.0000 0.0000 0.0000 0.0000 -0.0310 0.0070 -0.0210 -0.0070 -0.0070 -0.0070 0.1390
6.9568 0.0000 0.0000 0.0000 0.0000 0.0000 -0.0310 -0.0070 -0.0070 -0.0070 -0.0210 -0.0210 0.1390
6.9578 0.0000 0.0000 0.0000 0.0000 0.0000 -0.0310 -0.0070 -0.0070 -0.0070 -0.0210 -0.0210 0.1390
6.9588 0.0000 0.0000 0.0000 0.0000 0.0000 -0.0310 -0.0070 -0.0070 -0.0070 -0.0210 -0.0210 0.1390
6.9598 0.0000 0.0000 0.0000 0.0000 0.0000 -0.0310 -0.0070 -0.0070 -0.0070 -0.0210 -0.0210 0.1390
6.9609 0.0000 0.0000 0.0000 0.0000 0.0000 -0.0310 -0.0070 -0.0070 -0.0070 -0.0210 -0.0210 0.1390
6.9619 0.0000 0.0000 0.0000 0.0000 0.0000 -0.0310 -0.0070 -0.0070 -0.0070 -0.0210 -0.0210 0.1390
6.9628 0.0000 0.0000 0.0000 0.0000 0.0000 -0.0310 -0.0070 -0.0070 -0.0070 -0.0210 -0.0210 0.1390
6.9639 0.0000 0.0000 0.0000 0.0000 0.0000 -0.0310 -0.0070 -0.0070 -0.0070 -0.0210 -0.0210 0.1390
6.9648 0.0000 0.0000 0.0000 0.0000 0.0000 -0.0310 -0.0070 -0.0070 -0.0070 -0.0210 -0.0210 0.1390
6.9659 0.0000 0.0000 0.0000 0.0000 0.0000 -0.0310 -0.0070 -0.0070 -0.0070 -0.0210 -0.0210 0.1390
6.9668 0.0000 0.0000 0.0000 0.0000 0.0000 -0.0310 0.0070 -0.0070 -0.0070 -0.0210 -0.0210 0.0950
6.9679 0.0000 0.0000 0.0000 0.0000 0.0000 -0.0310 -0.0070 -0.0070 -0.0070 0.0070 -0.0070 0.1090
6.9688 0.0000 0.0000 0.0000 0.0000 0.0000 -0.0300 -0.0070 -0.0210 -0.0070 -0.0070 -0.0070 0.1680
6.9698 0.0000 0.0000 0.0000 0.0000 0.0000 -0.0300 -0.0070 -0.0210 -0.0070 -0.0070 -0.0070 0.1680
6.9708 0.0000 0.0000 0.0000 0.0000 0.0000 -0.0300 -0.0070 -0.0210 -0.0070 -0.0070 -0.0070 0.1680
6.9718 0.0000 0.0000 0.0000 0.0000 0.0000 -0.0300 -0.0070 -0.0210 -0.0070 -0.0070 -0.0070 0.1680
6.9728 0.0000 0.0000 0.0000 0.0000 0.0000 -0.0300 -0.0070 -0.0210 -0.0070 -0.0070 -0.0070 0.1680
6.9739 0.0000 0.0000 0.0000 0.0000 0.0000 -0.0300 -0.0070 -0.0210 -0.0070 -0.0070 -0.0070 0.1680
6.9749 0.0000 0.0000 0.0000 0.0000 0.0000 -0.0300 -0.0070 -0.0210 -0.0070 -0.0070 -0.0070 0.1680
6.9759 0.0000 0.0000 0.0000 0.0000 0.0000 -0.0300 -0.0070 -0.0210 -0.0070 -0.0070 -0.0070 0.1680
6.9768 0.0000 0.0000 0.0000 0.0000 0.0000 -0.0300 -0.0070 -0.0210 -0.0070 -0.0070 -0.0070 0.1680
6.9778 0.0000 0.0000 0.0000 0.0000 0.0000 -0.0300 -0.0070 -0.0210 -0.0070 -0.0070 -0.0070 0.1680
6.9795 0.0000 0.0000 0.0000 0.0000 0.0000 -0.0300 -0.0070 -0.0210 -0.0070 -0.0070 -0.0070 0.1680
6.9800 0.0000 0.0000 0.0000 0.0000 0.0000 -0.0300 -0.0070 -0.0210 -0.0070 -0.0070 -0.0070 0.1680
6.9808 0.0000 0.0000 0.0000 0.0000 0.0000 -0.0300 -0.0070 -0.0070 -0.0070 -0.0070 -0.0070 0.1530
6.9820 0.0000 0.0000 0.0000 0.0000 0.0000 -0.0300 -0.0070 -0.0070 0.0070 -0.0070 -0.0070 0.1390
6.9828 0.0000 0.0000 0.0000 0.0000 0.0000 -0.0290 -0.0070 -0.0070 0.0070 -0.0210 -0.0070 0.1390
6.9838 0.0000 0.0000 0.0000 0.0000 0.0000 -0.0290 -0.0070 -0.0070 0.0070 -0.0210 -0.0070 0.1390
6.9848 0.0000 0.0000 0.0000 0.0000 0.0000 -0.0290 -0.0070 -0.0070 0.0070 -0.0210 -0.0070 0.1390
6.9859 0.0000 0.0000 0.0000 0.0000 0.0000 -0.0290 -0.0070 -0.0070 0.0070 -0.0210 -0.0070 0.1390
6.9869 0.0000 0.0000 0.0000 0.0000 0.0000 -0.0290 -0.0070 -0.0070 0.0070 -0.0210 -0.0070 0.1390
6.9879 0.0000 0.0000 0.0000 0.0000 0.0000 -0.0290 -0.0070 -0.0070 0.0070 -0.0210 -0.0070 0.1390
6.9888 0.0000 0.0000 0.0000 0.0000 0.0000 -0.0290 -0.0070 -0.0070 0.0070 -0.0210 -0.0070 0.1390
6.9899 0.0000 0.0000 0.0000 0.0000 0.0000 -0.0290 -0.0070 -0.0070 0.0070 -0.0210 -0.0070 0.1390
6.9909 0.0000 0.0000 0.0000 0.0000 0.0000 -0.0290 -0.0070 -0.0070 0.0070 -0.0210 -0.0070 0.1390
6.9919 0.0000 0.0000 0.0000 0.0000 0.0000 -0.0290 -0.0070 -0.0070 0.0070 -0.0210 -0.0070 0.1390
6.9929 0.0000 0.0000 0.0000 0.0000 0.0000 -0.0290 -0.0070 -0.0070 0.0070 -0.0210 -0.0070 0.1390
6.9939 0.0000 0.0000 0.0000 0.0000 0.0000 -0.0290 -0.0070 -0.0070 0.0070 -0.0210 -0.0070 0.1390
6.9960 0.0000 0.0000 0.0000 0.0000 0.0000 -0.0290 -0.0070 -0.0070 0.0070 -0.0210 -0.0070 0.1390
7.0000 0.0000 0.0000 0.0000 0.0000 0.0000 -0.0290 -0.0070 -0.0070 0.0070 -0.0210 -0.0070 0.1390
7.0008 0.0000 0.0000 0.0000 0.0000 0.0000 -0.0290 -0.0070 -0.0070 -0.0070 -0.0070 -0.0070 0.1090
7.0018 0.0000 0.0000 0.0000 0.0000 0.0000 -0.0290 -0.0070 -0.0070 -0.0070 -0.0070 -0.0070 0.1090
7.0028 0.0000 0.0000 0.0000 0.0000 0.0000 -0.0290 -0.0070 -0.0210 0.0070 -0.0210 0.0070 0.0650
7.0038 0.0000 0.0000 0.0000 0.0000 0.0000 -0.0290 -0.0070 -0.0210 0.0070 -0.0210 0.0070 0.0650
7.0048 0.0000 0.0000 0.0000 0.0000 0.0000 -0.0290 -0.0070 -0.0210 0.0070 -0.0210 0.0070 0.0650
7.0058 0.0000 0.0000 0.0000 0.0000 0.0000 -0.0290 -0.0070 -0.0210 0.0070 -0.0210 0.0070 0.0650
7.0068 0.0000 0.0000 0.0000 0.0000 0.0000 -0.0290 -0.0070 -0.0210 0.0070 -0.0210 0.0070 0.0650
7.0090 0.0000 0.0000 0.0000 0.0000 0.0000 -0.0290 -0.0070 -0.0210 0.0070 -0.0210 0.0070 0.0650
7.0098 0.0000 0.0000 0.0000 0.0000 0.0000 -0.0290 -0.0070 -0.0210 0.0070 -0.0210 0.0070 0.0650
7.0105 0.0000 0.0000 0.0000 0.0000 0.0000 -0.0290 -0.0070 -0.0210 0.0070 -0.0210 0.0070 0.0650
7.0112 0.0000 0.0000 0.0000 0.0000 0.0000 -0.0290 -0.0070 -0.0210 0.0070 -0.0210 0.0070 0.0650
7.0119 0.0000 0.0000 0.0000 0.0000 0.0000 -0.0290 -0.0070 -0.0210 0.0070 -0.0210 0.0070 0.0650
7.0172 0.0000 0.0000 0.0000 0.0000 0.0000 -0.0290 -0.0070 -0.0210 0.0070 -0.0210 0.0070 0.0650
7.0231 0.0000 0.0000 0.0000 0.0000 0.0000 -0.0280 -0.0070 -0.0210 0.0070 -0.0360 -0.0070 0.1530
7.0244 0.0000 0.0000 0.0000 0.0000 0.0000 -0.0280 -0.0070 -0.0210 0.0070 -0.0360 -0.0070 0.1530
7.0256 0.0000 0.0000 0.0000 0.0000 0.0000 -0.0280 -0.0070 -0.0210 0.0070 -0.0360 -0.0070 0.1530
7.0279 0.0000 0.0000 0.0000 0.0000 0.0000 -0.0280 -0.0070 -0.0210 0.0070 -0.0360 -0.0070 0.1530
7.0295 0.0000 0.0000 0.0000 0.0000 0.0000 -0.0280 -0.0070 -0.0210 0.0070 -0.0210 -0.0070 0.1240
7.0311 0.0000 0.0000 0.0000 0.0000 0.0000 -0.0280 -0.0070 -0.0210 0.0070 -0.0210 -0.0070 0.1240
7.0323 0.0000 0.0000 0.0000 0.0000 0.0000 -0.0280 -0.0070 -0.0210 0.0070 -0.0210 -0.0070 0.1240
7.0326 0.0000 0.0000 0.0000 0.0000 0.0000 -0.0280 -0.0070 -0.0210 0.0070 -0.0210 -0.0070 0.1240
7.0336 0.0000 0.0000 0.0000 0.0000 0.0000 -0.0280 -0.0070 -0.0210 0.0070 -0.0210 -0.0070 0.1240
7.0346 0.0000 0.0000 0.0000 0.0000 0.0000 -0.0280 -0.0070 -0.0210 0.0070 -0.0210 -0.0070 0.1240
7.0356 0.0000 0.0000 0.0000 0.0000 0.0000 -0.0280 -0.0070 -0.0210 0.0070 -0.0210 -0.0070 0.1240
7.0366 0.0000 0.0000 0.0000 0.0000 0.0000 -0.0280 -0.0070 -0.0210 0.0070 -0.0210 -0.0070 0.1240
7.0376 0.0000 0.0000 0.0000 0.0000 0.0000 -0.0280 -0.0070 -0.0210 0.0070 -0.0210 -0.0070 0.1240
7.0386 0.0000 0.0000 0.0000 0.0000 0.0000 -0.0280 -0.0070 -0.0210 0.0070 -0.0210 -0.0070 0.1240
7.0396 0.0000 0.0000 0.0000 0.0000 0.0000 -0.0280 -0.0070 -0.0210 0.0070 -0.0210 -0.0070 0.1240
7.0406 0.0000 0.0000 0.0000 0.0000 0.0000 -0.0280 -0.0070 -0.0210 0.0070 -0.0210 -0.0070 0.1240
7.0419 0.0000 0.0000 0.0000 0.0000 0.0000 -0.0280 -0.0070 -0.0210 0.0070 -0.0210 -0.0070 0.1240
7.0426 0.0000 0.0000 0.0000 0.0000 0.0000 -0.0280 -0.0070 -0.0210 0.0070 -0.0210 -0.0070 0.1240
7.0436 0.0000 0.0000 0.0000 0.0000 0.0000 -0.0280 -0.0070 -0.0210 0.0070 -0.0210 -0.0070 0.1240
7.0446 0.0000 0.0000 0.0000 0.0000 0.0000 -0.0280 -0.0070 -0.0210 0.0070 -0.0210 -0.0070 0.1240
7.0456 0.0000 0.0000 0.0000 0.0000 0.0000 -0.0280 -0.0070 -0.0210 0.0070 -0.0210 -0.0070 0.1240
7.0466 0.0000 0.0000 0.0000 0.0000 0.0000 -0.0280 -0.0070 -0.0210 0.0070 -0.0210 -0.0070 0.1240
7.0476 0.0000 0.0000 0.0000 0.0000 0.0000 -0.0280 -0.0070 -0.0210 0.0070 -0.0210 -0.0070 0.1240
7.0489 0.0000 0.0000 0.0000 0.0000 0.0000 -0.0270 -0.0070 -0.0210 0.0070 -0.0070 -0.0070 0.0650
7.0496 0.0000 0.0000 0.0000 0.0000 0.0000 -0.0270 -0.0070 -0.0210 0.0070 -0.0070 -0.0070 0.0650
7.0506 0.0000 0.0000 0.0000 0.0000 0.0000 -0.0270 -0.0070 -0.0210 0.0070 -0.0070 -0.0070 0.0650
7.0516 0.0000 0.0000 0.0000 0.0000 0.0000 -0.0270 -0.0070 -0.0210 0.0070 -0.0070 -0.0070 0.0650
7.0526 0.0000 0.0000 0.0000 0.0000 0.0000 -0.0270 -0.0070 -0.0210 0.0070 -0.0070 -0.0070 0.0650
7.0538 0.0000 0.0000 0.0000 0.0000 0.0000 -0.0270 -0.0070 -0.0210 0.0070 -0.0070 -0.0070 0.0650
7.0546 0.0000 0.0000 0.0000 0.0000 0.0000 -0.0270 -0.0070 -0.0210 0.0070 -0.0070 -0.0070 0.0650
7.0557 0.0000 0.0000 0.0000 0.0000 0.0000 -0.0270 -0.0070 -0.0210 0.0070 -0.0070 -0.0070 0.0650
7.0567 0.0000 0.0000 0.0000 0.0000 0.0000 -0.0270 -0.0070 -0.0210 0.0070 -0.0070 -0.0070 0.0650
7.0576 0.0000 0.0000 0.0000 0.0000 0.0000 -0.0270 -0.0070 -0.0210 0.0070 -0.0070 -0.0070 0.0650
7.0586 0.0000 0.0000 0.0000 0.0000 0.0000 -0.0270 -0.0070 -0.0210 0.0070 -0.0070 -0.0070 0.0650
7.0596 0.0000 0.0000 0.0000 0.0000 0.0000 -0.0270 -0.0070 -0.0210 0.0070 -0.0070 -0.0070 0.0650
7.0609 0.0000 0.0000 0.0000 0.0000 0.0000 -0.0270 -0.0070 -0.0210 0.0070 -0.0070 -0.0070 0.0650
7.0616 0.0000 0.0000 0.0000 0.0000 0.0000 -0.0270 -0.0070 -0.0210 0.0070 -0.0070 -0.0070 0.0650
7.0644 0.0000 0.0000 0.0000 0.0000 0.0000 -0.0270 -0.0210 -0.0210 -0.0070 -0.0070 -0.0070 0.0650
7.0647 0.0000 0.0000 0.0000 0.0000 0.0000 -0.0260 -0.0210 -0.0360 0.0070 -0.0210 0.0070 0.1530
7.0657 0.0000 0.0000 0.0000 0.0000 0.0000 -0.0260 -0.0210 -0.0360 0.0070 -0.0210 0.0070 0.1530
7.0667 0.0000 0.0000 0.0000 0.0000 0.0000 -0.0260 -0.0210 -0.0360 0.0070 -0.0210 0.0070 0.1530
7.0677 0.0000 0.0000 0.0000 0.0000 0.0000 -0.0260 -0.0210 -0.0360 0.0070 -0.0210 0.0070 0.1530
7.0687 0.0000 0.0000 0.0000 0.0000 0.0000 -0.0260 -0.0210 -0.0360 0.0070 -0.0210 0.0070 0.1530
7.0697 0.0000 0.0000 0.0000 0.0000 0.0000 -0.0260 -0.0210 -0.0360 0.0070 -0.0210 0.0070 0.1530
7.0707 0.0000 0.0000 0.0000 0.0000 0.0000 -0.0260 -0.0210 -0.0360 0.0070 -0.0210 0.0070 0.1530
7.0717 0.0000 0.0000 0.0000 0.0000 0.0000 -0.0260 -0.0210 -0.0360 0.0070 -0.0210 0.0070 0.1530
7.0727 0.0000 0.0000 0.0000 0.0000 0.0000 -0.0260 -0.0210 -0.0360 0.0070 -0.0210 0.0070 0.1530
7.0738 0.0000 0.0000 0.0000 0.0000 0.0000 -0.0260 -0.0210 -0.0360 0.0070 -0.0210 0.0070 0.1530
7.0748 0.0000 0.0000 0.0000 0.0000 0.0000 -0.0260 -0.0210 -0.0360 0.0070 -0.0210 0.0070 0.1530
7.0757 0.0000 0.0000 0.0000 0.0000 0.0000 -0.0260 -0.0210 -0.0360 0.0070 -0.0210 0.0070 0.1530
7.0767 0.0000 0.0000 0.0000 0.0000 0.0000 -0.0260 -0.0210 -0.0360 0.0070 -0.0210 0.0070 0.1530
7.0785 0.0000 0.0000 0.0000 0.0000 0.0000 -0.0260 -0.0210 -0.0360 0.0070 -0.0210 0.0070 0.1530
7.0797 0.0000 0.0000 0.0000 0.0000 0.0000 -0.0260 -0.0070 -0.0360 0.0210 -0.0210 -0.0070 0.1680
7.0799 0.0000 0.0000 0.0000 0.0000 0.0000 -0.0260 -0.0070 -0.0360 0.0210 -0.0070 0.0070 0.1090
7.0808 0.0000 0.0000 0.0000 0.0000 0.0000 -0.0260 -0.0070 -0.0360 0.0210 -0.0070 0.0070 0.1090
7.0817 0.0000 0.0000 0.0000 0.0000 0.0000 -0.0260 -0.0070 -0.0360 0.0210 -0.0210 -0.0210 0.1240
7.0827 0.0000 0.0000 0.0000 0.0000 0.0000 -0.0260 -0.0070 -0.0360 0.0210 -0.0210 -0.0210 0.1240
7.0837 0.0000 0.0000 0.0000 0.0000 0.0000 -0.0260 -0.0070 -0.0360 0.0210 -0.0210 -0.0210 0.1240
7.0847 0.0000 0.0000 0.0000 0.0000 0.0000 -0.0260 -0.0070 -0.0360 0.0210 -0.0210 -0.0210 0.1240
7.0857 0.0000 0.0000 0.0000 0.0000 0.0000 -0.0260 -0.0070 -0.0360 0.0210 -0.0210 -0.0210 0.1240
7.0867 0.0000 0.0000 0.0000 0.0000 0.0000 -0.0260 -0.0070 -0.0360 0.0210 -0.0210 -0.0210 0.1240
7.0877 0.0000 0.0000 0.0000 0.0000 0.0000 -0.0260 -0.0070 -0.0360 0.0210 -0.0210 -0.0210 0.1240
7.0887 0.0000 0.0000 0.0000 0.0000 0.0000 -0.0260 -0.0070 -0.0360 0.0210 -0.0210 -0.0210 0.1240
7.0897 0.0000 0.0000 0.0000 0.0000 0.0000 -0.0260 -0.0070 -0.0360 0.0210 -0.0210 -0.0210 0.1240
7.0934 0.0000 0.0000 0.0000 0.0000 0.0000 -0.0260 -0.0070 -0.0360 0.0210 -0.0210 -0.0210 0.1240
7.0936 0.0000 0.0000 0.0000 0.0000 0.0000 -0.0250 -0.0070 -0.0360 0.0360 -0.0360 -0.0070 0.0950
7.0947 0.0000 0.0000 0.0000 0.0000 0.0000 -0.0250 -0.0070 -0.0360 0.0360 -0.0360 -0.0070 0.0950
7.0957 0.0000 0.0000 0.0000 0.0000 0.0000 -0.0250 -0.0070 -0.0360 0.0360 -0.0360 -0.0070 0.0950
7.0967 0.0000 0.0000 0.0000 0.0000 0.0000 -0.0250 -0.0070 -0.0360 0.0360 -0.0360 -0.0070 0.0950
7.0976 0.0000 0.0000 0.0000 0.0000 0.0000 -0.0250 -0.0070 -0.0360 0.0360 -0.0360 -0.0070 0.0950
7.0986 0.0000 0.0000 0.0000 0.0000 0.0000 -0.0250 -0.0070 -0.0360 0.0360 -0.0360 -0.0070 0.0950
7.0997 0.0000 0.0000 0.0000 0.0000 0.0000 -0.0250 -0.0070 -0.0360 0.0360 -0.0360 -0.0070 0.0950
7.1006 0.0000 0.0000 0.0000 0.0000 0.0000 -0.0250 -0.0070 -0.0360 0.0360 -0.0360 -0.0070 0.0950
7.1017 0.0000 0.0000 0.0000 0.0000 0.0000 -0.0250 -0.0070 -0.0360 0.0360 -0.0360 -0.0070 0.0950
7.1027 0.0000 0.0000 0.0000 0.0000 0.0000 -0.0250 -0.0070 -0.0360 0.0360 -0.0360 -0.0070 0.0950
7.1037 0.0000 0.0000 0.0000 0.0000 0.0000 -0.0250 -0.0070 -0.0360 0.0360 -0.0360 -0.0070 0.0950
7.1047 0.0000 0.0000 0.0000 0.0000 0.0000 -0.0250 -0.0070 -0.0360 0.0360 -0.0360 -0.0070 0.0950
7.1087 0.0000 -0.0010 0.0000 0.0000 0.0000 -0.0250 -0.0070 -0.0360 0.0360 -0.0360 -0.0070 0.1390
7.1093 0.0000 -0.0010 0.0000 0.0000 0.0000 -0.0250 -0.0070 -0.0360 0.0360 -0.0360 -0.0070 0.1390
7.1100 0.0000 -0.0010 0.0000 0.0000 0.0000 -0.0250 -0.0070 -0.0360 0.0360 -0.0360 -0.0070 0.1390
7.1111 0.0000 -0.0010 0.0000 0.0000 0.0000 -0.0250 -0.0070 -0.0360 0.0360 -0.0360 -0.0070 0.1390
7.1121 0.0000 -0.0010 0.0000 0.0000 0.0000 -0.0250 -0.0070 -0.0360 0.0360 -0.0360 -0.0070 0.1390
7.1131 0.0000 -0.0010 0.0000 0.0000 0.0000 -0.0250 -0.0070 -0.0360 0.0360 -0.0360 -0.0070 0.1390
7.1141 0.0000 -0.0010 0.0000 0.0000 0.0000 -0.0250 -0.0070 -0.0360 0.0360 -0.0360 -0.0070 0.1390
7.1151 0.0000 -0.0010 0.0000 0.0000 0.0000 -0.0250 -0.0070 -0.0360 0.0360 -0.0360 -0.0070 0.1390
7.1160 0.0000 -0.0010 0.0000 0.0000 0.0000 -0.0250 -0.0070 -0.0360 0.0360 -0.0360 -0.0070 0.1390
7.1173 0.0000 -0.0010 0.0000 0.0000 0.0000 -0.0250 -0.0070 -0.0360 0.0360 -0.0360 -0.0070 0.1390
7.1180 0.0000 -0.0010 0.0000 0.0000 0.0000 -0.0250 -0.0070 -0.0360 0.0360 -0.0360 -0.0070 0.1390
7.1209 0.0000 -0.0010 0.0000 0.0000 0.0000 -0.0250 -0.0070 -0.0360 0.0360 -0.0360 -0.0070 0.1390
7.1212 0.0000 -0.0010 0.0000 0.0000 0.0000 -0.0250 -0.0070 -0.0360 0.0360 -0.0360 -0.0070 0.1390
7.1231 0.0000 -0.0010 0.0000 0.0000 0.0000 -0.0240 -0.0070 -0.0510 0.0360 -0.0210 -0.0070 0.1240
7.1233 0.0000 -0.0010 0.0000 0.0000 0.0000 -0.0240 -0.0070 -0.0360 0.0360 -0.0070 -0.0070 0.0800
7.1241 0.0000 -0.0010 0.0000 0.0000 0.0000 -0.0240 -0.0070 -0.0360 0.0360 -0.0070 -0.0070 0.0800
7.1254 0.0000 -0.0010 0.0000 0.0000 0.0000 -0.0240 -0.0070 -0.0360 0.0360 -0.0070 -0.0070 0.0800
7.1261 0.0000 -0.0010 0.0000 0.0000 0.0000 -0.0240 -0.0070 -0.0360 0.0360 -0.0070 -0.0070 0.0800
7.1279 0.0000 -0.0010 0.0000 0.0000 0.0000 -0.0240 -0.0070 -0.0360 0.0360 -0.0070 -0.0070 0.0800
7.1282 0.0000 -0.0010 0.0000 0.0000 0.0000 -0.0240 -0.0070 -0.0360 0.0360 -0.0070 -0.0070 0.0800
7.1291 0.0000 -0.0010 0.0000 0.0000 0.0000 -0.0240 -0.0070 -0.0360 0.0360 -0.0070 -0.0070 0.0800
7.1310 0.0000 -0.0010 0.0000 0.0000 0.0000 -0.0240 -0.0070 -0.0360 0.0360 -0.0070 -0.0070 0.0800
7.1315 0.0000 -0.0010 0.0000 0.0000 0.0000 -0.0240 -0.0070 -0.0360 0.0360 -0.0070 -0.0070 0.0800
7.1322 0.0000 -0.0010 0.0000 0.0000 0.0000 -0.0240 -0.0070 -0.0360 0.0360 -0.0070 -0.0070 0.0800
7.1333 0.0000 -0.0010 0.0000 0.0000 0.0000 -0.0240 -0.0070 -0.0360 0.0360 -0.0070 -0.0070 0.0800
7.1341 0.0000 -0.0010 0.0000 0.0000 0.0000 -0.0240 -0.0070 -0.0360 0.0360 -0.0070 -0.0070 0.0800
7.1353 0.0000 -0.0010 0.0000 0.0000 0.0000 -0.0240 -0.0070 -0.0360 0.0360 -0.0070 -0.0070 0.0800
7.1361 0.0000 -0.0010 0.0000 0.0000 0.0000 -0.0240 -0.0070 -0.0210 0.0070 -0.0210 -0.0070 0.1530
7.1371 0.0000 -0.0010 0.0000 0.0000 0.0000 -0.0240 -0.0070 -0.0210 0.0070 -0.0210 -0.0070 0.1530
7.1381 0.0000 -0.0010 0.0000 0.0000 0.0000 -0.0240 -0.0070 -0.0210 0.0070 -0.0210 -0.0070 0.1530
7.1392 0.0000 -0.0010 0.0000 0.0000 0.0000 -0.0240 -0.0070 -0.0210 0.0070 -0.0210 -0.0070 0.1530
7.1401 0.0000 -0.0010 0.0000 0.0000 0.0000 -0.0240 -0.0070 -0.0210 0.0070 -0.0210 -0.0070 0.1530
7.1411 0.0000 -0.0010 0.0000 0.0000 0.0000 -0.0240 -0.0070 -0.0210 0.0070 -0.0210 -0.0070 0.1530
7.1421 0.0000 -0.0010 0.0000 0.0000 0.0000 -0.0240 -0.0070 -0.0210 0.0070 -0.0210 -0.0070 0.1530
7.1431 0.0000 -0.0010 0.0000 0.0000 0.0000 -0.0240 -0.0070 -0.0210 0.0070 -0.0210 -0.0070 0.1530
7.1442 0.0000 -0.0010 0.0000 0.0000 0.0000 -0.0240 -0.0070 -0.0210 0.0070 -0.0210 -0.0070 0.1530
7.1452 0.0000 -0.0010 0.0000 0.0000 0.0000 -0.0240 -0.0070 -0.0210 0.0070 -0.0210 -0.0070 0.1530
7.1461 0.0000 -0.0010 0.0000 0.0000 0.0000 -0.0240 -0.0070 -0.0210 0.0070 -0.0210 -0.0070 0.1530
7.1487 0.0000 -0.0010 0.0000 0.0000 0.0000 -0.0240 -0.0070 -0.0210 0.0070 -0.0210 -0.0070 0.1530
7.1492 0.0000 -0.0010 0.0000 0.0000 0.0000 -0.0230 -0.0070 -0.0210 -0.0070 -0.0070 -0.0070 0.1090
7.1494 0.0000 -0.0010 0.0000 0.0000 0.0000 -0.0230 -0.0070 -0.0210 -0.0070 -0.0070 -0.0070 0.1090
7.1501 0.0000 -0.0010 0.0000 0.0000 0.0000 -0.0230 -0.0070 -0.0210 0.0070 -0.0070 -0.0070 0.0800
7.1511 0.0000 -0.0010 0.0000 0.0000 0.0000 -0.0230 -0.0070 -0.0210 0.0070 -0.0070 -0.0070 0.0800
7.1521 0.0000 -0.0010 0.0000 0.0000 0.0000 -0.0230 -0.0070 -0.0210 0.0070 -0.0070 -0.0070 0.0800
7.1531 0.0000 -0.0010 0.0000 0.0000 0.0000 -0.0230 -0.0070 -0.0210 0.0070 -0.0070 -0.0070 0.0800
7.1542 0.0000 -0.0010 0.0000 0.0000 0.0000 -0.0230 -0.0070 -0.0210 0.0070 -0.0070 -0.0070 0.0800
7.1552 0.0000 -0.0010 0.0000 0.0000 0.0000 -0.0230 -0.0070 -0.0210 0.0070 -0.0070 -0.0070 0.0800
7.1562 0.0000 -0.0010 0.0000 0.0000 0.0000 -0.0230 -0.0070 -0.0210 0.0070 -0.0070 -0.0070 0.0800
7.1572 0.0000 -0.0010 0.0000 0.0000 0.0000 -0.0230 -0.0070 -0.0210 0.0070 -0.0070 -0.0070 0.0800
7.1582 0.0000 -0.0010 0.0000 0.0000 0.0000 -0.0230 -0.0070 -0.0210 0.0070 -0.0070 -0.0070 0.0800
7.1591 0.0000 -0.0010 0.0000 0.0000 0.0000 -0.0230 -0.0070 -0.0210 0.0070 -0.0070 -0.0070 0.0800
7.1607 0.0000 -0.0010 0.0000 0.0000 0.0000 -0.0230 -0.0070 -0.0210 0.0070 -0.0070 -0.0070 0.0800
7.1614 0.0000 -0.0010 0.0000 0.0000 0.0000 -0.0230 -0.0070 -0.0210 0.0070 -0.0070 -0.0070 0.1090
7.1632 0.0000 -0.0010 0.0000 0.0000 0.0000 -0.0230 0.0070 -0.0070 -0.0070 -0.0210 -0.0070 0.1240
7.1635 0.0000 -0.0010 0.0000 0.0000 0.0000 -0.0230 0.0070 -0.0070 -0.0070 -0.0210 -0.0070 0.1240
7.1641 0.0000 -0.0010 0.0000 0.0000 0.0000 -0.0230 0.0070 -0.0070 -0.0070 -0.0210 -0.0070 0.1240
7.1651 0.0000 -0.0010 0.0000 0.0000 0.0000 -0.0230 0.0070 -0.0070 -0.0070 -0.0210 -0.0070 0.1240
7.1662 0.0000 -0.0010 0.0000 0.0000 0.0000 -0.0230 0.0070 -0.0070 -0.0070 -0.0210 -0.0070 0.1240
7.1672 0.0000 -0.0010 0.0000 0.0000 0.0000 -0.0230 0.0070 -0.0070 -0.0070 -0.0210 -0.0070 0.1240
7.1681 0.0000 -0.0010 0.0000 0.0000 0.0000 -0.0230 0.0070 -0.0070 -0.0070 -0.0210 -0.0070 0.1240
7.1692 0.0000 -0.0010 0.0000 0.0000 0.0000 -0.0230 0.0070 -0.0070 -0.0070 -0.0210 -0.0070 0.1240
7.1702 0.0000 -0.0010 0.0000 0.0000 0.0000 -0.0230 0.0070 -0.0070 -0.0070 -0.0210 -0.0070 0.1240
7.1711 0.0000 -0.0010 0.0000 0.0000 0.0000 -0.0230 0.0070 -0.0070 -0.0070 -0.0210 -0.0070 0.1240
7.1722 0.0000 -0.0010 0.0000 0.0000 0.0000 -0.0230 0.0070 -0.0070 -0.0070 -0.0210 -0.0070 0.1240
7.1733 0.0000 -0.0010 0.0000 0.0000 0.0000 -0.0230 0.0070 -0.0070 -0.0070 -0.0210 -0.0070 0.1240
7.1744 0.0000 -0.0010 0.0000 0.0000 0.0000 -0.0230 0.0070 -0.0070 -0.0070 -0.0210 -0.0070 0.1240
7.1752 0.0000 -0.0010 0.0000 0.0000 0.0000 -0.0230 0.0070 -0.0070 -0.0070 -0.0210 -0.0070 0.1240
7.1763 0.0000 -0.0010 0.0000 0.0000 0.0000 -0.0230 0.0070 -0.0070 -0.0070 -0.0210 -0.0070 0.1240
7.1772 0.0000 -0.0010 0.0000 0.0000 0.0000 -0.0230 -0.0070 -0.0070 -0.0070 -0.0210 -0.0070 0.1240
7.1784 0.0000 -0.0010 0.0000 0.0000 0.0000 -0.0230 -0.0070 -0.0070 -0.0070 -0.0070 -0.0070 0.0800
7.1800 0.0000 -0.0010 0.0000 0.0000 0.0000 -0.0220 -0.0210 -0.0070 -0.0210 -0.0070 -0.0070 0.0360
7.1804 0.0000 -0.0010 0.0000 0.0000 0.0000 -0.0220 -0.0210 -0.0070 -0.0210 -0.0070 -0.0070 0.0360
7.1811 0.0000 -0.0010 0.0000 0.0000 0.0000 -0.0220 -0.0210 -0.0070 -0.0210 -0.0070 -0.0070 0.0360
7.1821 0.0000 -0.0010 0.0000 0.0000 0.0000 -0.0220 -0.0210 -0.0070 -0.0210 -0.0070 -0.0070 0.0360
7.1831 0.0000 -0.0010 0.0000 0.0000 0.0000 -0.0220 -0.0210 -0.0070 -0.0210 -0.0070 -0.0070 0.0360
7.1842 0.0000 -0.0010 0.0000 0.0000 0.0000 -0.0220 -0.0210 -0.0070 -0.0210 -0.0070 -0.0070 0.0360
7.1852 0.0000 -0.0010 0.0000 0.0000 0.0000 -0.0220 -0.0210 -0.0070 -0.0210 -0.0070 -0.0070 0.0360
7.1861 0.0000 -0.0010 0.0000 0.0000 0.0000 -0.0220 -0.0210 -0.0070 -0.0210 -0.0070 -0.0070 0.0360
7.1871 0.0000 -0.0010 0.0000 0.0000 0.0000 -0.0220 -0.0210 -0.0070 -0.0210 -0.0070 -0.0070 0.0360
7.1882 0.0000 -0.0010 0.0000 0.0000 0.0000 -0.0220 -0.0210 -0.0070 -0.0210 -0.0070 -0.0070 0.0360
7.1893 0.0000 -0.0010 0.0000 0.0000 0.0000 -0.0220 -0.0210 -0.0070 -0.0210 -0.0070 -0.0070 0.0360
7.1914 0.0000 -0.0010 0.0000 0.0000 0.0000 -0.0220 -0.0210 -0.0070 -0.0210 -0.0070 -0.0070 0.0360
7.1916 0.0000 -0.0010 0.0000 0.0000 0.0000 -0.0220 0.0070 -0.0070 -0.0070 0.0070 -0.0070 0.0650
7.1922 0.0000 -0.0010 0.0000 0.0000 0.0000 -0.0220 0.0070 -0.0070 -0.0070 -0.0070 -0.0070 0.0650
7.1931 0.0000 -0.0010 0.0000 0.0000 0.0000 -0.0220 -0.0070 -0.0210 -0.0070 -0.0070 -0.0070 0.1530
7.1941 0.0000 -0.0010 0.0000 0.0000 0.0000 -0.0220 -0.0070 -0.0210 -0.0070 -0.0070 -0.0070 0.1530
7.1951 0.0000 -0.0010 0.0000 0.0000 0.0000 -0.0220 -0.0070 -0.0210 -0.0070 -0.0070 -0.0070 0.1530
7.1961 0.0000 -0.0010 0.0000 0.0000 0.0000 -0.0220 -0.0070 -0.0210 -0.0070 -0.0070 -0.0070 0.1530
7.1971 0.0000 -0.0010 0.0000 0.0000 0.0000 -0.0220 -0.0070 -0.0210 -0.0070 -0.0070 -0.0070 0.1530
7.1981 0.0000 -0.0010 0.0000 0.0000 0.0000 -0.0220 -0.0070 -0.0210 -0.0070 -0.0070 -0.0070 0.1530
7.1991 0.0000 -0.0010 0.0000 0.0000 0.0000 -0.0220 -0.0070 -0.0210 -0.0070 -0.0070 -0.0070 0.1530
7.2002 0.0000 -0.0010 0.0000 0.0000 0.0000 -0.0220 -0.0070 -0.0210 -0.0070 -0.0070 -0.0070 0.1530
7.2014 0.0000 -0.0010 0.0000 0.0000 0.0000 -0.0220 -0.0070 -0.0210 -0.0070 -0.0070 -0.0070 0.1530
7.2021 0.0000 -0.0010 0.0000 0.0000 0.0000 -0.0220 -0.0070 -0.0210 -0.0070 -0.0070 -0.0070 0.1530
7.2031 0.0000 -0.0010 0.0000 0.0000 0.0000 -0.0220 -0.0070 -0.0210 -0.0070 -0.0070 -0.0070 0.1530
7.2044 0.0000 -0.0010 0.0000 0.0000 0.0000 -0.0220 -0.0210 -0.0210 -0.0070 -0.0070 -0.0070 0.1530
7.2052 0.0000 -0.0010 0.0000 0.0000 0.0000 -0.0220 -0.0210 -0.0070 -0.0210 0.0070 -0.0210 0.0800
7.2061 0.0000 -0.0010 0.0000 0.0000 0.0000 -0.0220 -0.0070 -0.0070 -0.0210 0.0070 -0.0210 0.0800
7.2071 0.0000 -0.0010 0.0000 0.0000 0.0000 -0.0210 -0.0070 -0.0070 -0.0070 -0.0210 -0.0070 0.0360
7.2081 0.0000 -0.0010 0.0000 0.0000 0.0000 -0.0210 -0.0070 -0.0070 -0.0070 -0.0210 -0.0070 0.0360
7.2092 0.0000 -0.0010 0.0000 0.0000 0.0000 -0.0210 -0.0070 -0.0070 -0.0070 -0.0210 -0.0070 0.0360
7.2101 0.0000 -0.0010 0.0000 0.0000 0.0000 -0.0210 -0.0070 -0.0070 -0.0070 -0.0210 -0.0070 0.0360
7.2112 0.0000 -0.0010 0.0000 0.0000 0.0000 -0.0210 -0.0070 -0.0070 -0.0070 -0.0210 -0.0070 0.0360
7.2121 0.0000 -0.0010 0.0000 0.0000 0.0000 -0.0210 -0.0070 -0.0070 -0.0070 -0.0210 -0.0070 0.0360
7.2131 0.0000 -0.0010 0.0000 0.0000 0.0000 -0.0210 -0.0070 -0.0070 -0.0070 -0.0210 -0.0070 0.0360
7.2142 0.0000 -0.0010 0.0000 0.0000 0.0000 -0.0210 -0.0070 -0.0070 -0.0070 -0.0210 -0.0070 0.0360
7.2152 0.0000 -0.0010 0.0000 0.0000 0.0000 -0.0210 -0.0070 -0.0070 -0.0070 -0.0210 -0.0070 0.0360
7.2161 0.0000 -0.0010 0.0000 0.0000 0.0000 -0.0210 -0.0070 -0.0070 -0.0070 -0.0210 -0.0070 0.0360
7.2174 0.0000 -0.0010 0.0000 0.0000 0.0000 -0.0210 -0.0070 -0.0070 -0.0070 -0.0210 -0.0070 0.0360
7.2188 0.0000 -0.0010 0.0000 0.0000 0.0000 -0.0210 0.0070 -0.0070 -0.0210 0.0070 -0.0070 0.0510
7.2192 0.0000 -0.0010 0.0000 0.0000 0.0000 -0.0210 -0.0070 0.0070 -0.0070 -0.0070 -0.0070 0.1090
7.2201 0.0000 -0.0010 0.0000 0.0000 0.0000 -0.0210 -0.0070 0.0070 -0.0070 -0.0070 -0.0070 0.1090
7.2212 0.0000 -0.0010 0.0000 0.0000 0.0000 -0.0210 -0.0070 0.0070 -0.0070 -0.0070 -0.0070 0.1090
7.2221 0.0000 -0.0010 0.0000 0.0000 0.0000 -0.0210 -0.0070 0.0070 -0.0070 -0.0070 -0.0070 0.1090
7.2231 0.0000 -0.0010 0.0000 0.0000 0.0000 -0.0210 -0.0070 0.0070 -0.0070 -0.0070 -0.0070 0.1090
7.2242 0.0000 -0.0010 0.0000 0.0000 0.0000 -0.0210 -0.0070 0.0070 -0.0070 -0.0070 -0.0070 0.1090
7.2252 0.0000 -0.0010 0.0000 0.0000 0.0000 -0.0210 -0.0070 0.0070 -0.0070 -0.0070 -0.0070 0.1090
7.2262 0.0000 -0.0010 0.0000 0.0000 0.0000 -0.0210 -0.0070 0.0070 -0.0070 -0.0070 -0.0070 0.1090
7.2271 0.0000 -0.0010 0.0000 0.0000 0.0000 -0.0210 -0.0070 0.0070 -0.0070 -0.0070 -0.0070 0.1090
7.2294 0.0000 -0.0010 0.0000 0.0000 0.0000 -0.0210 -0.0070 0.0070 -0.0070 -0.0070 -0.0070 0.1090
7.2300 0.0000 -0.0010 0.0000 0.0000 0.0000 -0.0210 -0.0070 0.0070 -0.0070 -0.0070 -0.0070 0.1090
7.2302 0.0000 -0.0010 0.0000 0.0000 0.0000 -0.0210 -0.0070 0.0070 -0.0070 -0.0070 -0.0070 0.1090
7.2312 0.0000 -0.0010 0.0000 0.0000 0.0000 -0.0210 -0.0070 -0.0070 -0.0070 -0.0070 -0.0210 0.1090
7.2322 0.0000 -0.0010 0.0000 0.0000 0.0000 -0.0210 -0.0070 -0.0070 -0.0070 -0.0210 -0.0070 0.0360
7.2331 0.0000 -0.0010 0.0000 0.0000 0.0000 -0.0210 -0.0070 -0.0070 -0.0070 -0.0210 -0.0070 0.0360
7.2341 0.0000 -0.0010 0.0000 0.0000 0.0000 -0.0210 -0.0070 -0.0070 -0.0070 -0.0210 -0.0070 0.0360
7.2351 0.0000 -0.0010 0.0000 0.0000 0.0000 -0.0210 -0.0070 -0.0070 -0.0070 -0.0210 -0.0070 0.0360
7.2362 0.0000 -0.0010 0.0000 0.0000 0.0000 -0.0210 -0.0070 -0.0070 -0.0070 -0.0210 -0.0070 0.0360
7.2371 0.0000 -0.0010 0.0000 0.0000 0.0000 -0.0210 -0.0070 -0.0070 -0.0070 -0.0210 -0.0070 0.0360
7.2381 0.0000 -0.0010 0.0000 0.0000 0.0000 -0.0210 -0.0070 -0.0070 -0.0070 -0.0210 -0.0070 0.0360
7.2391 0.0000 -0.0010 0.0000 0.0000 0.0000 -0.0210 -0.0070 -0.0070 -0.0070 -0.0210 -0.0070 0.0360
7.2401 0.0000 -0.0010 0.0000 0.0000 0.0000 -0.0210 -0.0070 -0.0070 -0.0070 -0.0210 -0.0070 0.0360
7.2411 0.0000 -0.0010 0.0000 0.0000 0.0000 -0.0210 -0.0070 -0.0070 -0.0070 -0.0210 -0.0070 0.0360
7.2421 0.0000 -0.0010 0.0000 0.0000 0.0000 -0.0210 -0.0070 -0.0070 -0.0070 -0.0210 -0.0070 0.0360
7.2431 0.0000 -0.0010 0.0000 0.0000 0.0000 -0.0210 -0.0070 -0.0070 -0.0070 -0.0210 -0.0070 0.0360
7.2441 0.0000 -0.0010 0.0000 0.0000 0.0000 -0.0210 -0.0070 -0.0070 -0.0070 -0.0210 -0.0070 0.0360
7.2452 0.0000 -0.0010 0.0000 0.0000 0.0000 -0.0210 -0.0070 -0.0070 -0.0070 -0.0210 -0.0070 0.0360
7.2466 0.0000 -0.0010 0.0000 0.0000 0.0000 -0.0210 -0.0070 -0.0210 -0.0070 -0.0070 -0.0070 0.0510
7.2471 0.0000 -0.0010 0.0000 0.0000 0.0000 -0.0210 -0.0070 -0.0210 -0.0070 -0.0070 -0.0070 0.0510
7.2481 0.0000 -0.0010 0.0000 0.0000 0.0000 -0.0210 -0.0070 -0.0070 -0.0070 -0.0070 -0.0070 0.0510
7.2492 0.0000 -0.0010 0.0000 0.0000 0.0000 -0.0210 -0.0070 -0.0070 -0.0070 -0.0070 -0.0070 0.0510
7.2501 0.0000 -0.0010 0.0000 0.0000 0.0000 -0.0210 -0.0070 -0.0070 -0.0070 -0.0070 -0.0070 0.0510
7.2512 0.0000 -0.0010 0.0000 0.0000 0.0000 -0.0210 -0.0070 -0.0070 -0.0070 -0.0070 -0.0070 0.0510
7.2521 0.0000 -0.0010 0.0000 0.0000 0.0000 -0.0210 -0.0070 -0.0070 -0.0070 -0.0070 -0.0070 0.0510
7.2532 0.0000 -0.0010 0.0000 0.0000 0.0000 -0.0210 -0.0070 -0.0070 -0.0070 -0.0070 -0.0070 0.0510
7.2542 0.0000 -0.0010 0.0000 0.0000 0.0000 -0.0210 -0.0070 -0.0070 -0.0070 -0.0070 -0.0070 0.0510
7.2552 0.0000 -0.0010 0.0000 0.0000 0.0000 -0.0210 -0.0070 -0.0070 -0.0070 -0.0070 -0.0070 0.0510
7.2562 0.0000 -0.0010 0.0000 0.0000 0.0000 -0.0210 -0.0070 -0.0070 -0.0070 -0.0070 -0.0070 0.0510
7.2572 0.0000 -0.0010 0.0000 0.0000 0.0000 -0.0210 -0.0070 -0.0070 -0.0070 -0.0070 -0.0070 0.0510
7.2582 0.0000 -0.0010 0.0000 0.0000 0.0000 -0.0210 -0.0070 -0.0070 -0.0070 -0.0070 -0.0070 0.0510
7.2596 0.0000 -0.0010 0.0000 0.0000 0.0000 -0.0210 -0.0070 -0.0070 -0.0070 -0.0070 -0.0070 0.0510
7.2608 0.0000 -0.0010 0.0000 0.0000 0.0000 -0.0210 -0.0070 -0.0070 -0.0070 -0.0070 -0.0070 0.0510
7.2613 0.0000 -0.0010 0.0000 0.0000 0.0000 -0.0210 -0.0070 -0.0070 -0.0070 -0.0070 -0.0070 0.0510
7.2622 0.0000 -0.0010 0.0000 0.0000 0.0000 -0.0210 -0.0070 -0.0070 -0.0070 -0.0070 -0.0070 0.0510
7.2632 0.0000 -0.0010 0.0000 0.0000 0.0000 -0.0210 -0.0070 -0.0070 -0.0070 -0.0070 -0.0070 0.0510
7.2642 0.0000 -0.0010 0.0000 0.0000 0.0000 -0.0210 -0.0070 -0.0070 -0.0070 -0.0070 -0.0070 0.0510
7.2652 0.0000 -0.0010 0.0000 0.0000 0.0000 -0.0210 -0.0070 -0.0070 -0.0070 -0.0070 -0.0070 0.0510
7.2662 0.0000 -0.0010 0.0000 0.0000 0.0000 -0.0210 -0.0070 -0.0070 -0.0070 -0.0070 -0.0070 0.0510
7.2672 0.0000 -0.0010 0.0000 0.0000 0.0000 -0.0210 -0.0070 -0.0070 -0.0070 -0.0070 -0.0070 0.0510
7.2682 0.0000 -0.0010 0.0000 0.0000 0.0000 -0.0210 -0.0070 -0.0070 -0.0070 -0.0070 -0.0070 0.0510
7.2692 0.0000 -0.0010 0.0000 0.0000 0.0000 -0.0210 -0.0070 -0.0070 -0.0070 -0.0070 -0.0070 0.0510
7.2706 0.0000 -0.0010 0.0000 0.0000 0.0000 -0.0210 -0.0070 -0.0070 -0.0070 -0.0070 -0.0070 0.0510
7.2716 0.0000 -0.0010 0.0000 0.0000 0.0000 -0.0200 -0.0070 -0.0070 -0.0210 -0.0210 -0.0210 0.1390
7.2722 0.0000 -0.0010 0.0000 0.0000 0.0000 -0.0200 -0.0070 -0.0070 -0.0210 -0.0210 -0.0210 0.1390
7.2732 0.0000 -0.0010 0.0000 0.0000 0.0000 -0.0200 -0.0070 -0.0070 -0.0210 -0.0210 -0.0210 0.1390
7.2742 0.0000 -0.0010 0.0000 0.0000 0.0000 -0.0200 -0.0070 -0.0070 -0.0210 -0.0210 -0.0210 0.1390
7.2778 0.0000 -0.0010 0.0000 0.0000 0.0000 -0.0200 -0.0070 -0.0070 -0.0070 0.0070 -0.0070 0.1090
7.2793 0.0000 -0.0010 0.0000 0.0000 0.0000 -0.0200 -0.0070 -0.0070 -0.0070 0.0070 -0.0070 0.1090
7.2821 0.0000 -0.0010 0.0000 0.0000 0.0000 -0.0200 -0.0070 0.0070 -0.0210 -0.0070 -0.0070 0.0360
7.2825 0.0000 -0.0010 0.0000 0.0000 0.0000 -0.0200 -0.0070 -0.0070 -0.0070 -0.0210 0.0070 0.0210
7.2836 0.0000 -0.0010 0.0000 0.0000 0.0000 -0.0200 -0.0070 -0.0070 -0.0070 -0.0210 0.0070 0.0210
7.2848 0.0000 -0.0010 0.0000 0.0000 0.0000 -0.0200 -0.0070 -0.0070 -0.0070 -0.0210 0.0070 0.0210
7.2864 0.0000 -0.0010 0.0000 0.0000 0.0000 -0.0200 -0.0070 -0.0070 -0.0070 -0.0210 0.0070 0.0210
7.2869 0.0000 -0.0010 0.0000 0.0000 0.0000 -0.0200 -0.0070 -0.0070 -0.0070 -0.0210 0.0070 0.0210
7.2876 0.0000 -0.0010 0.0000 0.0000 0.0000 -0.0200 -0.0070 -0.0070 -0.0070 -0.0210 0.0070 0.0210
7.2886 0.0000 -0.0010 0.0000 0.0000 0.0000 -0.0200 -0.0070 -0.0070 -0.0070 -0.0210 0.0070 0.0210
7.2897 0.0000 -0.0010 0.0000 0.0000 0.0000 -0.0200 -0.0070 -0.0070 -0.0070 -0.0210 0.0070 0.0210
7.2906 0.0000 -0.0010 0.0000 0.0000 0.0000 -0.0200 -0.0070 -0.0070 -0.0070 -0.0210 0.0070 0.0210
7.2916 0.0000 -0.0010 0.0000 0.0000 0.0000 -0.0200 -0.0070 -0.0070 -0.0070 -0.0210 0.0070 0.0210
7.2926 0.0000 -0.0010 0.0000 0.0000 0.0000 -0.0200 -0.0070 -0.0070 -0.0070 -0.0210 0.0070 0.0210
7.2936 0.0000 -0.0010 0.0000 0.0000 0.0000 -0.0200 -0.0070 -0.0070 -0.0070 -0.0210 0.0070 0.0210
7.2946 0.0000 -0.0010 0.0000 0.0000 0.0000 -0.0200 -0.0070 -0.0070 -0.0070 -0.0210 0.0070 0.0210
7.2956 0.0000 -0.0010 0.0000 0.0000 0.0000 -0.0200 -0.0070 -0.0070 -0.0070 -0.0210 0.0070 0.0210
7.2966 0.0000 -0.0010 0.0000 0.0000 0.0000 -0.0200 -0.0070 -0.0070 -0.0070 -0.0210 0.0070 0.0210
7.3003 0.0000 -0.0010 0.0000 0.0000 0.0000 -0.0200 -0.0070 -0.0070 -0.0070 -0.0210 0.0070 0.0210
7.3026 0.0000 -0.0010 0.0000 0.0000 0.0000 -0.0200 0.0070 -0.0070 -0.0070 -0.0210 0.0070 0.0210
7.3034 0.0000 -0.0010 0.0000 0.0000 0.0000 -0.0200 -0.0070 -0.0070 -0.0070 -0.0210 0.0070 0.0510
7.3040 0.0000 -0.0010 0.0000 0.0000 0.0000 -0.0200 -0.0070 -0.0070 -0.0070 -0.0210 0.0070 0.0510
7.3050 0.0000 -0.0010 0.0000 0.0000 0.0000 -0.0200 -0.0070 -0.0070 -0.0070 -0.0210 0.0070 0.0510
7.3095 0.0000 -0.0010 0.0000 0.0000 0.0000 -0.0200 -0.0070 -0.0070 -0.0070 -0.0210 0.0070 0.0510
7.3100 0.0000 -0.0010 0.0000 0.0000 0.0000 -0.0200 -0.0070 -0.0070 -0.0070 -0.0210 0.0070 0.0510
7.3112 0.0000 -0.0010 0.0000 0.0000 0.0000 -0.0200 -0.0070 -0.0210 -0.0070 -0.0070 -0.0070 0.0800
7.3122 0.0000 -0.0010 0.0000 0.0000 0.0000 -0.0190 -0.0070 -0.0210 -0.0070 -0.0210 -0.0210 0.0950
7.3139 0.0000 -0.0010 0.0000 0.0000 0.0000 -0.0190 -0.0070 -0.0210 0.0070 -0.0210 -0.0210 0.1090
7.3146 0.0000 -0.0010 0.0000 0.0000 0.0000 -0.0190 -0.0070 -0.0210 0.0070 -0.0210 -0.0210 0.1090
7.3151 0.0000 -0.0010 0.0000 0.0000 0.0000 -0.0190 -0.0070 -0.0210 0.0070 -0.0210 -0.0210 0.1090
7.3160 0.0000 -0.0010 0.0000 0.0000 0.0000 -0.0190 -0.0070 -0.0070 0.0070 -0.0070 -0.0070 0.0950
7.3170 0.0000 -0.0010 0.0000 0.0000 0.0000 -0.0190 -0.0070 -0.0070 0.0070 -0.0070 -0.0070 0.0950
7.3180 0.0000 -0.0010 0.0000 0.0000 0.0000 -0.0190 -0.0070 -0.0070 0.0070 -0.0070 -0.0070 0.0950
7.3190 0.0000 -0.0010 0.0000 0.0000 0.0000 -0.0190 -0.0070 -0.0070 0.0070 -0.0070 -0.0070 0.0950
7.3200 0.0000 -0.0010 0.0000 0.0000 0.0000 -0.0190 -0.0070 -0.0070 0.0070 -0.0070 -0.0070 0.0950
7.3209 0.0000 -0.0010 0.0000 0.0000 0.0000 -0.0190 -0.0070 -0.0070 0.0070 -0.0070 -0.0070 0.0950
7.3220 0.0000 -0.0010 0.0000 0.0000 0.0000 -0.0190 -0.0070 -0.0070 0.0070 -0.0070 -0.0070 0.0950
7.3230 0.0000 -0.0010 0.0000 0.0000 0.0000 -0.0190 -0.0070 -0.0070 0.0070 -0.0070 -0.0070 0.0950
7.3240 0.0000 -0.0010 0.0000 0.0000 0.0000 -0.0190 -0.0070 -0.0070 0.0070 -0.0070 -0.0070 0.0950
7.3250 0.0000 -0.0010 0.0000 0.0000 0.0000 -0.0190 -0.0070 -0.0070 0.0070 -0.0070 -0.0070 0.0950
7.3259 0.0000 -0.0010 0.0000 0.0000 0.0000 -0.0190 -0.0070 -0.0070 0.0070 -0.0070 -0.0070 0.0950
7.3270 0.0000 -0.0010 0.0000 0.0000 0.0000 -0.0190 -0.0070 -0.0070 0.0070 -0.0070 -0.0070 0.0950
7.3279 0.0000 -0.0010 0.0000 0.0000 0.0000 -0.0190 -0.0070 -0.0210 -0.0070 -0.0070 -0.0070 0.0360
7.3290 0.0000 -0.0010 0.0000 0.0000 0.0000 -0.0190 -0.0070 -0.0210 -0.0070 -0.0210 -0.0070 0.0360
7.3300 0.0000 -0.0010 0.0000 0.0000 0.0000 -0.0190 -0.0210 -0.0210 -0.0070 -0.0210 -0.0210 0.0360
7.3311 0.0000 -0.0010 0.0000 0.0000 0.0000 -0.0180 -0.0210 -0.0210 -0.0070 -0.0210 -0.0210 0.0650
7.3322 0.0000 -0.0010 0.0000 0.0000 0.0000 -0.0180 -0.0070 -0.0210 -0.0070 -0.0210 -0.0210 0.0650
7.3330 0.0000 -0.0010 0.0000 0.0000 0.0000 -0.0180 -0.0070 -0.0210 -0.0070 -0.0210 -0.0210 0.1090
7.3339 0.0000 -0.0010 0.0000 0.0000 0.0000 -0.0180 -0.0070 -0.0210 -0.0070 -0.0210 -0.0210 0.1090
7.3349 0.0000 -0.0010 0.0000 0.0000 0.0000 -0.0180 -0.0070 -0.0210 -0.0070 -0.0210 -0.0210 0.1090
7.3359 0.0000 -0.0010 0.0000 0.0000 0.0000 -0.0180 -0.0070 -0.0210 -0.0070 -0.0210 -0.0210 0.1090
7.3370 0.0000 -0.0010 0.0000 0.0000 0.0000 -0.0180 -0.0070 -0.0210 -0.0070 -0.0210 -0.0210 0.1090
7.3380 0.0000 -0.0010 0.0000 0.0000 0.0000 -0.0180 -0.0070 -0.0210 -0.0070 -0.0210 -0.0210 0.1090
7.3396 0.0000 -0.0010 0.0000 0.0000 0.0000 -0.0180 -0.0070 -0.0210 -0.0070 -0.0210 -0.0210 0.1090
7.3401 0.0000 -0.0010 0.0000 0.0000 0.0000 -0.0180 -0.0070 -0.0210 -0.0070 -0.0210 -0.0210 0.1090
7.3409 0.0000 -0.0010 0.0000 0.0000 0.0000 -0.0180 -0.0070 -0.0210 -0.0070 -0.0210 -0.0210 0.1090
7.3420 0.0000 -0.0010 0.0000 0.0000 0.0000 -0.0180 -0.0070 -0.0210 -0.0070 -0.0210 -0.0210 0.1090
7.3429 0.0000 -0.0010 0.0000 0.0000 0.0000 -0.0180 -0.0070 -0.0210 -0.0070 -0.0210 -0.0210 0.1090
7.3440 0.0000 -0.0010 0.0000 0.0000 0.0000 -0.0180 -0.0210 -0.0070 -0.0070 -0.0070 -0.0210 0.0800
7.3449 0.0000 -0.0010 0.0000 0.0000 0.0000 -0.0180 -0.0070 -0.0070 -0.0070 -0.0210 0.0070 0.0210
7.3477 0.0000 -0.0010 0.0000 0.0000 0.0000 -0.0180 -0.0070 -0.0070 -0.0070 -0.0210 0.0070 0.0210
7.3479 0.0000 -0.0010 0.0000 0.0000 0.0000 -0.0180 -0.0070 -0.0070 -0.0070 -0.0210 0.0070 0.0210
7.3490 0.0000 -0.0010 0.0000 0.0000 0.0000 -0.0180 -0.0070 -0.0070 -0.0070 -0.0210 0.0070 0.0210
7.3499 0.0000 -0.0010 0.0000 0.0000 0.0000 -0.0180 -0.0070 -0.0070 -0.0070 -0.0210 0.0070 0.0210
7.3510 0.0000 -0.0010 0.0000 0.0000 0.0000 -0.0180 -0.0070 -0.0070 -0.0070 -0.0210 0.0070 0.0210
7.3520 0.0000 -0.0010 0.0000 0.0000 0.0000 -0.0180 -0.0070 -0.0070 -0.0070 -0.0210 0.0070 0.0210
7.3530 0.0000 -0.0010 0.0000 0.0000 0.0000 -0.0180 -0.0070 -0.0070 -0.0070 -0.0210 0.0070 0.0210
7.3540 0.0000 -0.0010 0.0000 0.0000 0.0000 -0.0180 -0.0070 -0.0070 -0.0070 -0.0210 0.0070 0.0210
7.3550 0.0000 -0.0010 0.0000 0.0000 0.0000 -0.0180 -0.0070 -0.0070 -0.0070 -0.0210 0.0070 0.0210
7.3560 0.0000 -0.0010 0.0000 0.0000 0.0000 -0.0180 -0.0070 -0.0070 -0.0070 -0.0210 0.0070 0.0210
7.3570 0.0000 -0.0010 0.0000 0.0000 0.0000 -0.0180 -0.0070 -0.0210 -0.0210 -0.0070 -0.0210 0.0210
7.3580 0.0000 -0.0010 0.0000 0.0000 0.0000 -0.0180 -0.0070 -0.0210 -0.0210 -0.0070 -0.0210 0.0210
7.3590 0.0000 -0.0010 0.0000 0.0000 0.0000 -0.0180 -0.0210 -0.0070 -0.0070 -0.0070 0.0070 0.0950
7.3600 0.0000 -0.0010 0.0000 0.0000 0.0000 -0.0180 -0.0210 -0.0070 -0.0070 -0.0070 0.0070 0.0950
7.3610 0.0000 -0.0010 0.0000 0.0000 0.0000 -0.0180 -0.0210 -0.0070 -0.0070 -0.0070 0.0070 0.0950
7.3620 0.0000 -0.0010 0.0000 0.0000 0.0000 -0.0180 -0.0210 -0.0070 -0.0070 -0.0070 0.0070 0.0950
7.3630 0.0000 -0.0010 0.0000 0.0000 0.0000 -0.0180 -0.0210 -0.0070 -0.0070 -0.0070 0.0070 0.0950
7.3640 0.0000 -0.0010 0.0000 0.0000 0.0000 -0.0180 -0.0210 -0.0070 -0.0070 -0.0070 0.0070 0.0950
7.3650 0.0000 -0.0010 0.0000 0.0000 0.0000 -0.0180 -0.0210 -0.0070 -0.0070 -0.0070 0.0070 0.0950
7.3660 0.0000 -0.0010 0.0000 0.0000 0.0000 -0.0180 -0.0210 -0.0070 -0.0070 -0.0070 0.0070 0.0950
7.3670 0.0000 -0.0010 0.0000 0.0000 0.0000 -0.0180 -0.0210 -0.0070 -0.0070 -0.0070 0.0070 0.0950
7.3679 0.0000 -0.0010 0.0000 0.0000 0.0000 -0.0180 -0.0210 -0.0070 -0.0070 -0.0070 0.0070 0.0950
7.3700 0.0000 -0.0010 0.0000 0.0000 0.0000 -0.0180 -0.0070 -0.0070 -0.0070 -0.0070 0.0070 0.0950
7.3706 0.0000 -0.0010 0.0010 0.0000 0.0000 -0.0180 -0.0070 -0.0070 -0.0070 -0.0070 -0.0070 0.1090
7.3713 0.0000 -0.0010 0.0000 0.0000 0.0000 -0.0170 -0.0070 -0.0070 -0.0210 -0.0070 -0.0070 0.1240
7.3720 0.0000 -0.0010 0.0000 0.0000 0.0000 -0.0170 -0.0070 -0.0070 -0.0210 -0.0070 -0.0070 0.1240
7.3775 0.0000 -0.0010 0.0000 0.0000 0.0000 -0.0170 -0.0070 -0.0070 -0.0210 -0.0070 -0.0070 0.1240
7.3779 0.0000 -0.0010 0.0000 0.0000 0.0000 -0.0170 -0.0070 -0.0070 -0.0210 -0.0070 -0.0070 0.1240
7.3788 0.0000 -0.0010 0.0000 0.0000 0.0000 -0.0170 -0.0070 -0.0070 -0.0210 -0.0070 -0.0070 0.1240
7.3798 0.0000 -0.0010 0.0000 0.0000 0.0000 -0.0170 -0.0070 -0.0070 -0.0210 -0.0070 -0.0070 0.1240
7.3808 0.0000 -0.0010 0.0000 0.0000 0.0000 -0.0170 -0.0070 -0.0070 -0.0210 -0.0070 -0.0070 0.1240
7.3818 0.0000 -0.0010 0.0000 0.0000 0.0000 -0.0170 -0.0070 -0.0070 -0.0210 -0.0070 -0.0070 0.1240
7.3828 0.0000 -0.0010 0.0000 0.0000 0.0000 -0.0170 -0.0070 -0.0070 -0.0210 -0.0070 -0.0070 0.1240
7.3838 0.0000 -0.0010 0.0000 0.0000 0.0000 -0.0170 -0.0070 -0.0070 -0.0210 -0.0070 -0.0070 0.1240
7.3864 0.0000 -0.0010 0.0000 0.0000 0.0000 -0.0170 -0.0070 0.0070 -0.0070 -0.0070 -0.0210 0.0650
7.3866 0.0000 -0.0010 0.0000 0.0000 0.0000 -0.0170 -0.0070 0.0070 -0.0070 -0.0070 -0.0210 0.0650
7.3869 0.0000 -0.0010 0.0000 0.0000 0.0000 -0.0170 -0.0070 0.0070 -0.0070 -0.0070 -0.0210 0.0650
7.3878 0.0000 -0.0010 0.0000 0.0000 0.0000 -0.0170 -0.0070 0.0070 -0.0070 -0.0070 -0.0210 0.0650
7.3888 0.0000 -0.0010 0.0000 0.0000 0.0000 -0.0170 -0.0070 0.0070 -0.0070 -0.0070 -0.0210 0.0650
7.3898 0.0000 -0.0010 0.0000 0.0000 0.0000 -0.0170 -0.0070 0.0070 -0.0070 -0.0070 -0.0210 0.0650
7.3908 0.0000 -0.0010 0.0000 0.0000 0.0000 -0.0170 -0.0070 0.0070 -0.0070 -0.0070 -0.0210 0.0650
7.3918 0.0000 -0.0010 0.0000 0.0000 0.0000 -0.0170 -0.0070 0.0070 -0.0070 -0.0070 -0.0210 0.0650
7.3928 0.0000 -0.0010 0.0000 0.0000 0.0000 -0.0170 -0.0070 0.0070 -0.0070 -0.0070 -0.0210 0.0650
7.3938 0.0000 -0.0010 0.0000 0.0000 0.0000 -0.0170 -0.0070 0.0070 -0.0070 -0.0070 -0.0210 0.0650
7.3948 0.0000 -0.0010 0.0000 0.0000 0.0000 -0.0170 -0.0070 0.0070 -0.0070 -0.0070 -0.0210 0.0650
7.3962 0.0000 -0.0010 0.0000 0.0000 0.0000 -0.0160 -0.0070 0.0070 -0.0070 -0.0070 -0.0210 0.0800
7.3968 0.0000 -0.0010 0.0000 0.0000 0.0000 -0.0160 -0.0070 -0.0070 -0.0070 -0.0210 -0.0070 0.1240
7.3978 0.0000 -0.0010 0.0000 0.0000 0.0000 -0.0160 -0.0070 -0.0070 -0.0070 -0.0070 -0.0070 0.0950
7.3988 0.0000 -0.0010 0.0000 0.0000 0.0000 -0.0160 -0.0070 -0.0070 -0.0070 -0.0070 -0.0070 0.0950
7.3998 0.0000 -0.0010 0.0000 0.0000 0.0000 -0.0160 -0.0070 -0.0070 -0.0070 -0.0070 -0.0070 0.0950
7.4008 0.0000 -0.0010 0.0000 0.0000 0.0000 -0.0160 -0.0070 -0.0070 -0.0070 -0.0070 -0.0070 0.0950
7.4018 0.0000 -0.0010 0.0000 0.0000 0.0000 -0.0160 -0.0070 -0.0070 -0.0070 -0.0070 -0.0070 0.0950
7.4028 0.0000 -0.0010 0.0000 0.0000 0.0000 -0.0160 -0.0070 -0.0070 -0.0070 -0.0070 -0.0070 0.0950
7.4039 0.0000 -0.0010 0.0000 0.0000 0.0000 -0.0160 -0.0070 -0.0070 -0.0070 -0.0070 -0.0070 0.0950
7.4049 0.0000 -0.0010 0.0000 0.0000 0.0000 -0.0160 -0.0070 -0.0070 -0.0070 -0.0070 -0.0070 0.0950
7.4058 0.0000 -0.0010 0.0000 0.0000 0.0000 -0.0160 -0.0070 -0.0070 -0.0070 -0.0070 -0.0070 0.0950
7.4068 0.0000 -0.0010 0.0000 0.0000 0.0000 -0.0160 -0.0070 -0.0070 -0.0070 -0.0070 -0.0070 0.0950
7.4079 0.0000 -0.0010 0.0000 0.0000 0.0000 -0.0160 -0.0070 -0.0070 -0.0070 -0.0070 -0.0070 0.0950
7.4088 0.0000 -0.0010 0.0000 0.0000 0.0000 -0.0160 -0.0070 -0.0070 -0.0070 -0.0070 -0.0070 0.0950
7.4098 0.0000 -0.0010 0.0000 0.0000 0.0000 -0.0160 -0.0070 -0.0070 -0.0070 -0.0070 -0.0070 0.0950
7.4128 0.0000 -0.0010 0.0000 0.0000 0.0000 -0.0160 -0.0070 -0.0070 -0.0070 -0.0070 -0.0070 0.0950
7.4132 0.0000 -0.0020 0.0000 0.0000 0.0000 -0.0160 -0.0070 -0.0210 -0.0070 -0.0070 -0.0070 0.0070
7.4140 0.0000 -0.0010 0.0000 0.0000 0.0000 -0.0160 -0.0070 0.0070 -0.0070 0.0070 0.0070 0.0070
7.4150 0.0000 -0.0010 0.0000 0.0000 0.0000 -0.0160 -0.0070 0.0070 -0.0070 0.0070 0.0070 0.0070
7.4160 0.0000 -0.0010 0.0000 0.0000 0.0000 -0.0160 -0.0070 0.0070 -0.0070 0.0070 0.0070 0.0070
7.4170 0.0000 -0.0010 0.0000 0.0000 0.0000 -0.0160 -0.0070 0.0070 -0.0070 0.0070 0.0070 0.0070
7.4180 0.0000 -0.0010 0.0000 0.0000 0.0000 -0.0160 -0.0070 0.0070 -0.0070 0.0070 0.0070 0.0070
7.4190 0.0000 -0.0010 0.0000 0.0000 0.0000 -0.0160 -0.0070 0.0070 -0.0070 0.0070 0.0070 0.0070
7.4200 0.0000 -0.0010 0.0000 0.0000 0.0000 -0.0160 -0.0070 0.0070 -0.0070 0.0070 0.0070 0.0070
7.4210 0.0000 -0.0010 0.0000 0.0000 0.0000 -0.0160 -0.0070 0.0070 -0.0070 0.0070 0.0070 0.0070
7.4233 0.0000 -0.0010 0.0000 0.0000 0.0000 -0.0160 -0.0070 0.0070 -0.0070 0.0070 0.0070 0.0070
7.4237 0.0000 -0.0010 0.0000 0.0000 0.0000 -0.0160 -0.0070 -0.0070 -0.0070 -0.0070 -0.0210 0.0360
7.4240 0.0000 -0.0010 0.0000 0.0000 0.0000 -0.0160 -0.0070 -0.0070 -0.0070 -0.0070 -0.0210 0.0360
7.4250 0.0000 -0.0010 0.0000 0.0000 0.0000 -0.0160 -0.0070 -0.0070 -0.0070 -0.0070 -0.0210 0.0360
7.4260 0.0000 -0.0010 0.0000 0.0000 0.0000 -0.0160 -0.0070 -0.0070 -0.0070 -0.0070 -0.0210 0.0360
7.4270 0.0000 -0.0010 0.0000 0.0000 0.0000 -0.0160 -0.0070 -0.0070 -0.0070 -0.0070 -0.0210 0.0360
7.4281 0.0000 -0.0010 0.0000 0.0000 0.0000 -0.0160 -0.0070 -0.0070 -0.0070 -0.0070 -0.0210 0.0360
7.4291 0.0000 -0.0010 0.0000 0.0000 0.0000 -0.0160 -0.0070 -0.0070 -0.0070 -0.0070 -0.0210 0.0360
7.4300 0.0000 -0.0010 0.0000 0.0000 0.0000 -0.0160 -0.0070 -0.0070 -0.0070 -0.0070 -0.0210 0.0360
7.4311 0.0000 -0.0010 0.0000 0.0000 0.0000 -0.0160 -0.0070 -0.0070 -0.0070 -0.0070 -0.0210 0.0360
7.4320 0.0000 -0.0010 0.0000 0.0000 0.0000 -0.0160 -0.0070 -0.0070 -0.0070 -0.0070 -0.0210 0.0360
7.4331 0.0000 -0.0010 0.0000 0.0000 0.0000 -0.0160 -0.0070 -0.0070 -0.0070 -0.0070 -0.0210 0.0360
7.4340 0.0000 -0.0010 0.0000 0.0000 0.0000 -0.0160 -0.0070 -0.0070 -0.0070 -0.0070 -0.0210 0.0360
7.4350 0.0000 -0.0010 0.0000 0.0000 0.0000 -0.0160 -0.0070 -0.0070 -0.0070 -0.0070 -0.0210 0.0360
7.4360 0.0000 -0.0010 0.0000 0.0000 0.0000 -0.0160 -0.0070 -0.0070 -0.0070 -0.0070 -0.0210 0.0360
7.4370 0.0000 -0.0010 0.0000 0.0000 0.0000 -0.0160 -0.0070 -0.0070 -0.0070 -0.0070 -0.0210 0.0360
7.4381 0.0000 -0.0010 0.0000 0.0000 0.0000 -0.0160 -0.0070 -0.0070 -0.0070 -0.0070 -0.0210 0.0360
7.4390 0.0000 -0.0010 0.0000 0.0000 0.0000 -0.0160 -0.0070 -0.0070 -0.0070 -0.0070 -0.0210 0.0360
7.4400 0.0000 -0.0010 0.0000 0.0000 0.0000 -0.0160 -0.0070 0.0070 -0.0070 -0.0070 -0.0210 0.0950
7.4411 0.0000 -0.0010 0.0000 0.0000 0.0000 -0.0160 -0.0070 0.0070 -0.0070 -0.0070 -0.0210 0.0950
7.4420 0.0000 -0.0010 0.0000 0.0000 0.0000 -0.0160 -0.0070 0.0070 -0.0070 -0.0070 -0.0210 0.0950
7.4430 0.0000 -0.0010 0.0000 0.0000 0.0000 -0.0160 -0.0070 0.0070 -0.0070 -0.0070 -0.0210 0.0950
7.4440 0.0000 -0.0010 0.0000 0.0000 0.0000 -0.0160 -0.0070 0.0070 -0.0070 -0.0070 -0.0210 0.0950
7.4451 0.0000 -0.0010 0.0000 0.0000 0.0000 -0.0160 -0.0070 0.0070 -0.0070 -0.0070 -0.0210 0.0950
7.4461 0.0000 -0.0010 0.0000 0.0000 0.0000 -0.0160 -0.0070 0.0070 -0.0070 -0.0070 -0.0210 0.0950
7.4471 0.0000 -0.0010 0.0000 0.0000 0.0000 -0.0160 -0.0070 0.0070 -0.0070 -0.0070 -0.0210 0.0950
7.4481 0.0000 -0.0010 0.0000 0.0000 0.0000 -0.0160 -0.0070 0.0070 -0.0070 -0.0070 -0.0210 0.0950
7.4490 0.0000 -0.0010 0.0000 0.0000 0.0000 -0.0160 -0.0070 0.0070 -0.0070 -0.0070 -0.0210 0.0950
7.4517 0.0000 -0.0010 0.0000 0.0000 0.0000 -0.0160 -0.0070 0.0070 -0.0070 -0.0070 -0.0210 0.0950
7.4518 0.0000 -0.0010 0.0000 0.0000 0.0000 -0.0150 -0.0070 0.0070 -0.0210 0.0070 -0.0070 0.1090
7.4522 0.0000 -0.0010 0.0000 0.0000 0.0000 -0.0150 -0.0070 0.0070 -0.0210 0.0070 -0.0070 0.1090
7.4530 0.0000 -0.0010 0.0000 0.0000 0.0000 -0.0150 -0.0070 0.0070 -0.0210 0.0070 -0.0070 0.1090
7.4540 0.0000 -0.0010 0.0000 0.0000 0.0000 -0.0150 -0.0070 0.0070 -0.0210 -0.0070 -0.0070 0.0510
7.4563 0.0000 -0.0010 0.0000 0.0000 0.0000 -0.0150 -0.0070 0.0070 -0.0210 -0.0070 -0.0070 0.0510
7.4566 0.0000 -0.0010 0.0000 0.0000 0.0000 -0.0150 -0.0070 0.0070 -0.0210 -0.0070 -0.0070 0.0510
7.4571 0.0000 -0.0010 0.0000 0.0000 0.0000 -0.0150 -0.0070 0.0070 -0.0210 -0.0070 -0.0070 0.0510
7.4580 0.0000 -0.0010 0.0000 0.0000 0.0000 -0.0150 -0.0070 0.0070 -0.0210 -0.0070 -0.0070 0.0510
7.4590 0.0000 -0.0010 0.0000 0.0000 0.0000 -0.0150 -0.0070 0.0070 -0.0210 -0.0070 -0.0070 0.0510
7.4600 0.0000 -0.0010 0.0000 0.0000 0.0000 -0.0150 -0.0070 0.0070 -0.0210 -0.0070 -0.0070 0.0510
7.4611 0.0000 -0.0010 0.0000 0.0000 0.0000 -0.0150 -0.0070 0.0070 -0.0210 -0.0070 -0.0070 0.0510
7.4621 0.0000 -0.0010 0.0000 0.0000 0.0000 -0.0150 -0.0070 0.0070 -0.0210 -0.0070 -0.0070 0.0510
7.4631 0.0000 -0.0010 0.0000 0.0000 0.0000 -0.0150 -0.0070 0.0070 -0.0210 -0.0070 -0.0070 0.0510
7.4641 0.0000 -0.0010 0.0000 0.0000 0.0000 -0.0150 -0.0070 0.0070 -0.0210 -0.0070 -0.0070 0.0510
7.4651 0.0000 -0.0010 0.0000 0.0000 0.0000 -0.0150 -0.0070 0.0070 -0.0210 -0.0070 -0.0070 0.0510
7.4661 0.0000 -0.0010 0.0000 0.0000 0.0000 -0.0150 -0.0070 0.0070 -0.0210 -0.0070 -0.0070 0.0510
7.4675 0.0000 -0.0010 0.0000 0.0000 0.0000 -0.0150 -0.0070 0.0070 -0.0210 -0.0070 -0.0070 0.0510
7.4699 0.0000 -0.0010 0.0000 0.0000 0.0000 -0.0150 -0.0210 -0.0070 -0.0070 -0.0070 -0.0070 0.0070
7.4712 0.0000 -0.0010 0.0000 0.0000 0.0000 -0.0150 -0.0210 -0.0070 -0.0070 -0.0070 -0.0070 0.0070
7.4720 0.0000 -0.0010 0.0000 0.0000 0.0000 -0.0150 -0.0070 -0.0070 -0.0210 -0.0070 -0.0070 0.0070
7.4729 0.0000 -0.0010 0.0000 0.0000 0.0000 -0.0150 -0.0070 -0.0070 -0.0210 -0.0070 -0.0070 0.0070
7.4740 0.0000 -0.0010 0.0000 0.0000 0.0000 -0.0150 -0.0070 -0.0070 -0.0210 -0.0070 -0.0070 0.0070
7.4750 0.0000 -0.0010 0.0000 0.0000 0.0000 -0.0150 -0.0070 -0.0070 -0.0210 -0.0070 -0.0070 0.0070
7.4760 0.0000 -0.0010 0.0000 0.0000 0.0000 -0.0150 -0.0070 -0.0070 -0.0210 -0.0070 -0.0070 0.0070
7.4770 0.0000 -0.0010 0.0000 0.0000 0.0000 -0.0150 -0.0070 -0.0070 -0.0210 -0.0070 -0.0070 0.0070
7.4780 0.0000 -0.0010 0.0000 0.0000 0.0000 -0.0150 -0.0070 -0.0070 -0.0210 -0.0070 -0.0070 0.0070
7.4791 0.0000 -0.0010 0.0000 0.0000 0.0000 -0.0150 -0.0070 -0.0070 -0.0210 -0.0070 -0.0070 0.0070
7.4801 0.0000 -0.0010 0.0000 0.0000 0.0000 -0.0150 -0.0070 -0.0070 -0.0210 -0.0070 -0.0070 0.0070
7.4810 0.0000 -0.0010 0.0000 0.0000 0.0000 -0.0150 -0.0070 -0.0070 -0.0210 -0.0070 -0.0070 0.0070
7.4821 0.0000 -0.0010 0.0000 0.0000 0.0000 -0.0150 -0.0070 -0.0070 -0.0210 -0.0070 -0.0070 0.0070
7.4860 0.0000 -0.0010 0.0000 0.0000 0.0000 -0.0150 -0.0070 0.0070 -0.0070 -0.0070 -0.0070 0.0360
7.4862 0.0000 -0.0010 0.0000 0.0000 0.0000 -0.0150 -0.0070 -0.0070 -0.0070 0.0070 -0.0070 0.0950
7.4872 0.0000 -0.0010 0.0000 0.0000 0.0000 -0.0150 -0.0070 -0.0070 -0.0070 0.0070 -0.0070 0.0950
7.4883 0.0000 -0.0010 0.0000 0.0000 0.0000 -0.0150 -0.0070 -0.0070 -0.0070 0.0070 -0.0070 0.0950
7.4892 0.0000 -0.0010 0.0000 0.0000 0.0000 -0.0150 -0.0070 -0.0070 -0.0070 0.0070 -0.0070 0.0950
7.4903 0.0000 -0.0010 0.0000 0.0000 0.0000 -0.0150 -0.0070 -0.0070 -0.0070 0.0070 -0.0070 0.0950
7.4915 0.0000 -0.0010 0.0000 0.0000 0.0000 -0.0150 -0.0070 -0.0070 -0.0070 0.0070 -0.0070 0.0950
7.4922 0.0000 -0.0010 0.0000 0.0000 0.0000 -0.0150 -0.0070 -0.0070 -0.0070 0.0070 -0.0070 0.0950
7.4932 0.0000 -0.0010 0.0000 0.0000 0.0000 -0.0150 -0.0070 -0.0070 -0.0070 0.0070 -0.0070 0.0950
7.4943 0.0000 -0.0010 0.0000 0.0000 0.0000 -0.0150 -0.0070 -0.0070 -0.0070 0.0070 -0.0070 0.0950
7.4953 0.0000 -0.0010 0.0000 0.0000 0.0000 -0.0150 -0.0070 -0.0070 -0.0070 0.0070 -0.0070 0.0950
7.4968 0.0000 -0.0010 0.0000 0.0000 0.0000 -0.0150 -0.0070 -0.0070 -0.0070 0.0070 -0.0070 0.0950
7.4977 0.0000 -0.0010 0.0000 0.0000 0.0000 -0.0150 -0.0070 -0.0070 -0.0070 -0.0070 -0.0070 0.0070
7.4983 0.0000 -0.0010 0.0000 0.0000 0.0000 -0.0150 -0.0070 -0.0070 -0.0070 -0.0070 -0.0070 0.0070
7.4995 0.0000 -0.0010 0.0000 0.0000 0.0000 -0.0150 -0.0070 -0.0070 -0.0070 -0.0070 -0.0070 0.0070
7.5002 0.0000 -0.0010 0.0000 0.0000 0.0000 -0.0150 -0.0070 -0.0070 -0.0070 -0.0070 -0.0070 0.0070
7.5012 0.0000 -0.0010 0.0000 0.0000 0.0000 -0.0150 -0.0070 -0.0070 -0.0070 -0.0070 -0.0070 0.0070
7.5023 0.0000 -0.0010 0.0000 0.0000 0.0000 -0.0150 -0.0070 -0.0070 -0.0070 -0.0070 -0.0070 0.0070
7.5032 0.0000 -0.0010 0.0000 0.0000 0.0000 -0.0150 -0.0070 -0.0070 -0.0070 -0.0070 -0.0070 0.0070
7.5042 0.0000 -0.0010 0.0000 0.0000 0.0000 -0.0150 -0.0070 -0.0070 -0.0070 -0.0070 -0.0070 0.0070
7.5052 0.0000 -0.0010 0.0000 0.0000 0.0000 -0.0150 -0.0070 -0.0070 -0.0070 -0.0070 -0.0070 0.0070
7.5063 0.0000 -0.0010 0.0000 0.0000 0.0000 -0.0150 -0.0070 -0.0070 -0.0070 -0.0070 -0.0070 0.0070
7.5072 0.0000 -0.0010 0.0000 0.0000 0.0000 -0.0150 -0.0070 -0.0070 -0.0070 -0.0070 -0.0070 0.0070
7.5083 0.0000 -0.0010 0.0000 0.0000 0.0000 -0.0150 -0.0070 -0.0070 -0.0070 -0.0070 -0.0070 0.0070
7.5092 0.0000 -0.0010 0.0000 0.0000 0.0000 -0.0150 -0.0070 -0.0070 -0.0070 -0.0070 -0.0070 0.0070
7.5104 0.0000 -0.0010 0.0000 0.0000 0.0000 -0.0150 -0.0070 -0.0070 -0.0070 -0.0070 -0.0070 0.0070
7.5113 0.0000 -0.0010 0.0000 0.0000 0.0000 -0.0140 -0.0070 -0.0070 -0.0210 -0.0070 -0.0070 0.0070
7.5122 0.0000 -0.0010 0.0000 0.0000 0.0000 -0.0140 -0.0070 -0.0070 -0.0070 -0.0070 -0.0070 0.0070
7.5132 0.0000 -0.0010 0.0000 0.0000 0.0000 -0.0140 -0.0070 -0.0070 -0.0070 -0.0070 -0.0070 0.0070
7.5142 0.0000 -0.0010 0.0000 0.0000 0.0000 -0.0140 -0.0070 -0.0070 -0.0210 -0.0070 -0.0070 0.0210
7.5152 0.0000 -0.0010 0.0000 0.0000 0.0000 -0.0140 -0.0070 -0.0070 -0.0210 -0.0070 -0.0070 0.0210
7.5162 0.0000 -0.0010 0.0000 0.0000 0.0000 -0.0140 -0.0070 -0.0070 -0.0210 -0.0070 -0.0070 0.0210
7.5173 0.0000 -0.0010 0.0000 0.0000 0.0000 -0.0140 -0.0070 -0.0070 -0.0210 -0.0070 -0.0070 0.0210
7.5183 0.0000 -0.0010 0.0000 0.0000 0.0000 -0.0140 -0.0070 -0.0070 -0.0210 -0.0070 -0.0070 0.0210
7.5192 0.0000 -0.0010 0.0000 0.0000 0.0000 -0.0140 -0.0070 -0.0070 -0.0210 -0.0070 -0.0070 0.0210
7.5202 0.0000 -0.0010 0.0000 0.0000 0.0000 -0.0140 -0.0070 -0.0070 -0.0210 -0.0070 -0.0070 0.0210
7.5212 0.0000 -0.0010 0.0000 0.0000 0.0000 -0.0140 -0.0070 -0.0070 -0.0210 -0.0070 -0.0070 0.0210
7.5223 0.0000 -0.0010 0.0000 0.0000 0.0000 -0.0140 -0.0070 -0.0070 -0.0210 -0.0070 -0.0070 0.0210
7.5233 0.0000 -0.0010 0.0000 0.0000 0.0000 -0.0140 -0.0070 -0.0070 -0.0210 -0.0070 -0.0070 0.0210
7.5242 0.0000 -0.0010 0.0000 0.0000 0.0000 -0.0140 -0.0070 -0.0070 -0.0210 -0.0070 -0.0070 0.0210
7.5261 0.0000 -0.0010 0.0000 0.0000 0.0000 -0.0140 -0.0070 -0.0070 -0.0210 -0.0070 -0.0070 0.0210
7.5274 0.0000 -0.0010 0.0000 0.0000 0.0000 -0.0140 -0.0070 -0.0070 -0.0210 -0.0070 -0.0070 0.0210
7.5279 0.0000 -0.0010 0.0000 0.0000 0.0000 -0.0140 -0.0070 -0.0070 -0.0210 -0.0070 -0.0070 0.0210
7.5283 0.0000 -0.0010 0.0000 0.0000 0.0000 -0.0140 -0.0070 -0.0070 -0.0210 -0.0070 -0.0070 0.0210
7.5292 0.0000 -0.0010 0.0000 0.0000 0.0000 -0.0140 -0.0210 -0.0070 -0.0070 -0.0070 -0.0070 0.0210
7.5302 0.0000 -0.0010 0.0000 0.0000 0.0000 -0.0140 -0.0210 -0.0070 -0.0070 -0.0070 -0.0070 0.0210
7.5312 0.0000 -0.0010 0.0000 0.0000 0.0000 -0.0140 -0.0210 -0.0070 -0.0070 -0.0070 -0.0070 0.0210
7.5322 0.0000 -0.0010 0.0000 0.0000 0.0000 -0.0140 -0.0210 -0.0070 -0.0070 -0.0070 -0.0070 0.0210
7.5333 0.0000 -0.0010 0.0000 0.0000 0.0000 -0.0140 -0.0210 -0.0070 -0.0070 -0.0070 -0.0070 0.0210
7.5343 0.0000 -0.0010 0.0000 0.0000 0.0000 -0.0140 -0.0210 -0.0070 -0.0070 -0.0070 -0.0070 0.0210
7.5352 0.0000 -0.0010 0.0000 0.0000 0.0000 -0.0140 -0.0210 -0.0070 -0.0070 -0.0070 -0.0070 0.0210
7.5363 0.0000 -0.0010 0.0000 0.0000 0.0000 -0.0140 -0.0210 -0.0070 -0.0070 -0.0070 -0.0070 0.0210
7.5373 0.0000 -0.0010 0.0000 0.0000 0.0000 -0.0140 -0.0210 -0.0070 -0.0070 -0.0070 -0.0070 0.0210
7.5384 0.0000 -0.0010 0.0000 0.0000 0.0000 -0.0140 -0.0210 -0.0070 -0.0070 -0.0070 -0.0070 0.0210
7.5393 0.0000 -0.0010 0.0000 0.0000 0.0000 -0.0140 -0.0210 -0.0070 -0.0070 -0.0070 -0.0070 0.0210
7.5403 0.0000 -0.0010 0.0000 0.0000 0.0000 -0.0140 -0.0210 -0.0070 -0.0070 -0.0070 -0.0070 0.0210
7.5418 0.0000 -0.0010 0.0000 0.0000 0.0000 -0.0140 -0.0210 -0.0070 -0.0070 -0.0070 -0.0070 0.0210
7.5426 0.0000 -0.0010 0.0000 0.0000 0.0000 -0.0140 -0.0210 -0.0070 -0.0070 -0.0070 -0.0070 0.0210
7.5434 0.0000 -0.0010 0.0000 0.0000 0.0000 -0.0140 -0.0210 -0.0070 -0.0070 -0.0070 -0.0070 0.0210
7.5450 0.0000 -0.0010 0.0000 0.0000 0.0000 -0.0140 -0.0210 -0.0070 -0.0070 -0.0070 -0.0070 0.0210
7.5458 0.0000 -0.0010 0.0000 0.0000 0.0000 -0.0140 -0.0070 -0.0210 -0.0070 -0.0070 -0.0070 0.0650
7.5476 0.0000 -0.0010 0.0000 0.0000 0.0000 -0.0140 -0.0070 -0.0210 -0.0070 -0.0070 -0.0070 0.0650
7.5501 0.0000 -0.0010 0.0000 0.0000 0.0000 -0.0140 -0.0070 -0.0070 0.0070 -0.0070 -0.0070 0.0650
7.5508 0.0000 -0.0010 0.0000 0.0000 0.0000 -0.0140 -0.0070 -0.0070 0.0070 -0.0070 -0.0070 0.0650
7.5535 0.0000 -0.0010 0.0000 0.0000 0.0000 -0.0140 -0.0070 -0.0070 0.0070 -0.0070 -0.0070 0.0650
7.5539 0.0000 -0.0010 0.0000 0.0000 0.0000 -0.0140 -0.0070 -0.0070 0.0070 -0.0070 -0.0070 0.0650
7.5549 0.0000 -0.0010 0.0000 0.0000 0.0000 -0.0140 -0.0070 -0.0070 0.0070 -0.0070 -0.0070 0.0650
7.5559 0.0000 -0.0010 0.0000 0.0000 0.0000 -0.0140 -0.0070 -0.0070 0.0070 -0.0070 -0.0070 0.0650
7.5569 0.0000 -0.0010 0.0000 0.0000 0.0000 -0.0140 -0.0070 -0.0070 0.0070 -0.0070 -0.0070 0.0650
7.5587 0.0000 -0.0010 0.0000 0.0000 0.0000 -0.0140 -0.0070 -0.0070 0.0070 -0.0070 -0.0070 0.0650
7.5591 0.0000 -0.0010 0.0000 0.0000 0.0000 -0.0140 -0.0070 -0.0070 0.0070 -0.0070 -0.0070 0.0650
7.5599 0.0000 -0.0010 0.0000 0.0000 0.0000 -0.0140 -0.0070 -0.0070 0.0070 -0.0070 -0.0070 0.0650
7.5609 0.0000 -0.0010 0.0000 0.0000 0.0000 -0.0140 -0.0070 -0.0070 0.0070 -0.0070 -0.0070 0.0650
7.5619 0.0000 -0.0010 0.0000 0.0000 0.0000 -0.0140 -0.0070 -0.0070 0.0070 -0.0070 -0.0070 0.0650
7.5629 0.0000 -0.0010 0.0000 0.0000 0.0000 -0.0140 -0.0070 -0.0070 0.0070 -0.0070 -0.0070 0.0650
7.5639 0.0000 -0.0010 0.0000 0.0000 0.0000 -0.0140 -0.0070 -0.0070 0.0070 -0.0070 -0.0070 0.0650
7.5649 0.0000 -0.0010 0.0000 0.0000 0.0000 -0.0140 -0.0070 -0.0070 0.0070 -0.0070 -0.0070 0.0650
7.5679 0.0000 -0.0010 0.0000 0.0000 0.0000 -0.0140 -0.0070 -0.0070 0.0070 -0.0070 -0.0070 0.0650
7.5727 0.0000 -0.0010 0.0000 0.0000 0.0000 -0.0130 -0.0070 -0.0070 -0.0070 -0.0070 -0.0070 0.0510
7.5732 0.0000 -0.0010 0.0000 0.0000 0.0000 -0.0130 -0.0070 -0.0210 -0.0070 -0.0070 -0.0210 0.0210
7.5742 0.0000 -0.0010 0.0000 0.0000 0.0000 -0.0130 -0.0210 -0.0210 -0.0070 -0.0070 -0.0210 0.0210
7.5754 0.0000 -0.0010 0.0000 0.0000 0.0000 -0.0130 -0.0210 -0.0210 -0.0070 -0.0070 -0.0210 0.0210
7.5762 0.0000 -0.0010 0.0000 0.0000 0.0000 -0.0130 -0.0210 -0.0210 -0.0070 -0.0070 -0.0210 0.0210
7.5772 0.0000 -0.0010 0.0000 0.0000 0.0000 -0.0130 -0.0210 -0.0210 -0.0070 -0.0070 -0.0210 0.0210
7.5788 0.0000 -0.0010 0.0000 0.0000 0.0000 -0.0130 -0.0210 -0.0210 -0.0070 -0.0070 -0.0210 0.0210
7.5793 0.0000 -0.0010 0.0000 0.0000 0.0000 -0.0130 -0.0210 -0.0210 -0.0070 -0.0070 -0.0210 0.0210
7.5854 0.0000 -0.0010 0.0000 0.0000 0.0000 -0.0130 -0.0210 -0.0210 -0.0070 -0.0070 -0.0210 0.0210
7.5859 0.0000 -0.0010 0.0000 0.0000 0.0000 -0.0130 -0.0210 -0.0210 -0.0070 -0.0070 -0.0210 0.0210
7.5870 0.0000 -0.0010 0.0000 0.0000 0.0000 -0.0130 -0.0210 -0.0210 -0.0070 -0.0070 -0.0210 0.0210
7.5879 0.0000 -0.0010 0.0000 0.0000 0.0000 -0.0130 -0.0210 -0.0210 -0.0070 -0.0070 -0.0210 0.0210
7.5889 0.0000 -0.0010 0.0000 0.0000 0.0000 -0.0130 -0.0210 -0.0210 -0.0070 -0.0070 -0.0210 0.0210
7.5899 0.0000 -0.0010 0.0000 0.0000 0.0000 -0.0130 -0.0210 -0.0210 -0.0070 -0.0070 -0.0210 0.0210
7.5912 0.0000 -0.0010 0.0000 0.0000 0.0000 -0.0130 -0.0210 -0.0210 -0.0070 -0.0070 -0.0210 0.0210
7.5920 0.0000 -0.0010 0.0000 0.0000 0.0000 -0.0130 -0.0210 -0.0070 0.0070 -0.0070 -0.0070 0.0070
7.5952 0.0000 -0.0010 0.0000 0.0000 0.0000 -0.0130 -0.0210 -0.0210 0.0070 -0.0210 -0.0210 0.0070
7.5956 0.0000 -0.0010 0.0000 0.0000 0.0000 -0.0130 -0.0070 -0.0210 0.0070 -0.0210 -0.0210 0.0360
7.5968 0.0000 -0.0010 0.0000 0.0000 0.0000 -0.0130 -0.0070 -0.0070 -0.0070 -0.0210 -0.0070 0.0650
7.5975 0.0000 -0.0010 0.0000 0.0000 0.0000 -0.0130 -0.0070 -0.0070 -0.0070 -0.0210 -0.0070 0.0800
7.5985 0.0000 -0.0010 0.0000 0.0000 0.0000 -0.0130 -0.0070 -0.0070 -0.0070 -0.0210 -0.0070 0.0800
7.5994 0.0000 -0.0010 0.0000 0.0000 0.0000 -0.0130 -0.0070 -0.0070 -0.0070 -0.0210 -0.0070 0.0800
7.6004 0.0000 -0.0010 0.0000 0.0000 0.0000 -0.0130 -0.0070 -0.0070 -0.0070 -0.0210 -0.0070 0.0800
7.6015 0.0000 -0.0010 0.0000 0.0000 0.0000 -0.0130 -0.0070 -0.0070 -0.0070 -0.0210 -0.0070 0.0800
7.6025 0.0000 -0.0010 0.0000 0.0000 0.0000 -0.0130 -0.0070 0.0070 0.0070 -0.0070 0.0070 0.0800
7.6035 0.0000 -0.0010 0.0000 0.0000 0.0000 -0.0130 -0.0070 0.0070 0.0070 -0.0070 0.0070 0.0800
7.6045 0.0000 -0.0010 0.0000 0.0000 0.0000 -0.0130 -0.0070 0.0070 0.0070 -0.0070 0.0070 0.0800
7.6055 0.0000 -0.0010 0.0000 0.0000 0.0000 -0.0130 -0.0070 0.0070 0.0070 -0.0070 0.0070 0.0800
7.6065 0.0000 -0.0010 0.0000 0.0000 0.0000 -0.0130 -0.0070 0.0070 0.0070 -0.0070 0.0070 0.0800
7.6075 0.0000 -0.0010 0.0000 0.0000 0.0000 -0.0130 -0.0070 0.0070 0.0070 -0.0070 0.0070 0.0800
7.6085 0.0000 -0.0010 0.0000 0.0000 0.0000 -0.0130 -0.0070 0.0070 0.0070 -0.0070 0.0070 0.0800
7.6095 0.0000 -0.0010 0.0000 0.0000 0.0000 -0.0130 -0.0070 0.0070 0.0070 -0.0070 0.0070 0.0800
7.6105 0.0000 -0.0010 0.0000 0.0000 0.0000 -0.0130 -0.0070 0.0070 0.0070 -0.0070 0.0070 0.0800
7.6115 0.0000 -0.0010 0.0000 0.0000 0.0000 -0.0130 -0.0070 0.0070 0.0070 -0.0070 0.0070 0.0800
7.6124 0.0000 -0.0010 0.0000 0.0000 0.0000 -0.0130 -0.0070 0.0070 0.0070 -0.0070 0.0070 0.0800
7.6134 0.0000 -0.0010 0.0000 0.0000 0.0000 -0.0130 -0.0070 0.0070 0.0070 -0.0070 0.0070 0.0800
7.6145 0.0000 -0.0010 0.0000 0.0000 0.0000 -0.0130 -0.0070 0.0070 0.0070 -0.0070 0.0070 0.0800
7.6155 0.0000 -0.0010 0.0000 0.0000 0.0000 -0.0130 -0.0070 0.0070 0.0070 -0.0070 0.0070 0.0800
7.6165 0.0000 -0.0010 0.0000 0.0000 0.0000 -0.0130 -0.0070 -0.0210 -0.0210 -0.0070 -0.0070 0.0510
7.6177 0.0000 -0.0010 0.0000 0.0000 0.0000 -0.0120 -0.0070 -0.0070 -0.0070 -0.0070 -0.0070 0.0360
7.6185 0.0000 -0.0010 0.0000 0.0000 0.0000 -0.0120 -0.0070 -0.0070 -0.0070 0.0070 -0.0070 0.0210
7.6194 0.0000 -0.0010 0.0000 0.0000 0.0000 -0.0120 -0.0070 -0.0070 -0.0070 0.0210 -0.0070 0.0210
7.6204 0.0000 -0.0010 0.0000 0.0000 0.0000 -0.0120 -0.0070 -0.0070 -0.0070 0.0210 -0.0070 0.0210
7.6215 0.0000 -0.0010 0.0000 0.0000 0.0000 -0.0120 -0.0070 -0.0070 -0.0070 0.0210 -0.0070 0.0210
7.6225 0.0000 -0.0010 0.0000 0.0000 0.0000 -0.0120 -0.0070 -0.0070 -0.0070 0.0210 -0.0070 0.0210
7.6234 0.0000 -0.0010 0.0000 0.0000 0.0000 -0.0120 -0.0070 -0.0070 -0.0070 0.0210 -0.0070 0.0210
7.6245 0.0000 -0.0010 0.0000 0.0000 0.0000 -0.0120 -0.0070 -0.0070 -0.0070 0.0210 -0.0070 0.0210
7.6254 0.0000 -0.0010 0.0000 0.0000 0.0000 -0.0120 -0.0070 -0.0070 -0.0070 0.0210 -0.0070 0.0210
7.6265 0.0000 -0.0010 0.0000 0.0000 0.0000 -0.0120 -0.0070 -0.0070 -0.0070 0.0210 -0.0070 0.0210
7.6275 0.0000 -0.0010 0.0000 0.0000 0.0000 -0.0120 -0.0070 -0.0070 -0.0070 0.0210 -0.0070 0.0210
7.6285 0.0000 -0.0010 0.0000 0.0000 0.0000 -0.0120 -0.0070 -0.0070 -0.0070 0.0210 -0.0070 0.0210
7.6295 0.0000 -0.0010 0.0000 0.0000 0.0000 -0.0120 -0.0070 -0.0070 -0.0070 0.0210 -0.0070 0.0210
7.6305 0.0000 -0.0010 0.0000 0.0000 0.0000 -0.0120 -0.0070 -0.0070 -0.0070 0.0210 -0.0070 0.0210
7.6315 0.0000 -0.0010 0.0000 0.0000 0.0000 -0.0120 -0.0070 -0.0070 -0.0070 0.0210 -0.0070 0.0210
7.6325 0.0000 -0.0010 0.0000 0.0000 0.0000 -0.0120 -0.0070 -0.0070 -0.0070 0.0210 -0.0070 0.0210
7.6335 0.0000 -0.0010 0.0000 0.0000 0.0000 -0.0120 -0.0070 -0.0070 -0.0070 0.0210 -0.0070 0.0210
7.6346 0.0000 -0.0010 0.0000 0.0000 0.0000 -0.0120 -0.0070 -0.0070 -0.0070 0.0210 -0.0070 0.0210
7.6355 0.0000 -0.0010 0.0000 0.0000 0.0000 -0.0120 -0.0070 -0.0070 -0.0070 0.0210 -0.0070 0.0210
7.6365 0.0000 -0.0010 0.0000 0.0000 0.0000 -0.0120 -0.0070 -0.0070 -0.0070 0.0210 -0.0070 0.0210
7.6375 0.0000 -0.0010 0.0000 0.0000 0.0000 -0.0120 -0.0070 -0.0070 -0.0070 0.0210 -0.0070 0.0210
7.6417 0.0000 -0.0010 0.0000 0.0000 0.0000 -0.0120 -0.0070 -0.0070 -0.0210 -0.0070 -0.0070 0.0210
7.6425 0.0000 -0.0010 0.0000 0.0000 0.0000 -0.0120 -0.0070 -0.0070 -0.0210 -0.0070 -0.0070 0.0360
7.6434 0.0000 -0.0010 0.0000 0.0000 0.0000 -0.0120 -0.0070 -0.0070 -0.0210 -0.0070 -0.0070 0.0360
7.6444 0.0000 -0.0010 0.0000 0.0000 0.0000 -0.0120 -0.0070 -0.0070 -0.0210 -0.0070 -0.0070 0.0360
7.6454 0.0000 -0.0010 0.0000 0.0000 0.0000 -0.0120 -0.0070 -0.0070 -0.0210 -0.0070 -0.0070 0.0360
7.6494 0.0000 -0.0010 0.0000 0.0000 0.0000 -0.0120 -0.0070 -0.0070 -0.0210 -0.0070 -0.0070 0.0360
7.6501 0.0000 -0.0010 0.0000 0.0000 0.0000 -0.0120 -0.0070 -0.0070 -0.0210 -0.0070 -0.0070 0.0360
7.6510 0.0000 -0.0010 0.0000 0.0000 0.0000 -0.0120 -0.0070 -0.0070 -0.0210 -0.0070 -0.0070 0.0360
7.6521 0.0000 -0.0010 0.0000 0.0000 0.0000 -0.0120 -0.0070 -0.0070 -0.0210 -0.0070 -0.0070 0.0360
7.6530 0.0000 -0.0010 0.0000 0.0000 0.0000 -0.0120 -0.0070 -0.0070 -0.0210 -0.0070 -0.0070 0.0510
7.6557 0.0000 -0.0010 0.0000 0.0000 0.0000 -0.0120 -0.0070 -0.0070 -0.0070 -0.0070 0.0070 0.0510
7.6563 0.0000 -0.0010 0.0000 0.0000 0.0000 -0.0120 -0.0070 -0.0070 -0.0070 -0.0070 0.0070 0.0510
7.6576 0.0000 -0.0010 0.0000 0.0000 0.0000 -0.0120 -0.0070 -0.0070 -0.0070 -0.0070 0.0070 0.0510
7.6583 0.0000 -0.0010 0.0000 0.0000 0.0000 -0.0120 -0.0210 -0.0210 -0.0070 -0.0070 0.0070 0.0950
7.6594 0.0000 -0.0010 0.0000 0.0000 0.0000 -0.0120 -0.0210 -0.0210 -0.0070 -0.0070 0.0070 0.0950
7.6604 0.0000 -0.0010 0.0000 0.0000 0.0000 -0.0120 -0.0210 -0.0210 -0.0070 -0.0070 0.0070 0.0950
7.6614 0.0000 -0.0010 0.0000 0.0000 0.0000 -0.0120 -0.0210 -0.0210 -0.0070 -0.0070 0.0070 0.0950
7.6623 0.0000 -0.0010 0.0000 0.0000 0.0000 -0.0120 -0.0210 -0.0210 -0.0070 -0.0070 0.0070 0.0950
7.6633 0.0000 -0.0010 0.0000 0.0000 0.0000 -0.0120 -0.0210 -0.0210 -0.0070 -0.0070 0.0070 0.0950
7.6643 0.0000 -0.0010 0.0000 0.0000 0.0000 -0.0120 -0.0210 -0.0210 -0.0070 -0.0070 0.0070 0.0950
7.6654 0.0000 -0.0010 0.0000 0.0000 0.0000 -0.0120 -0.0210 -0.0210 -0.0070 -0.0070 0.0070 0.0950
7.6663 0.0000 -0.0010 0.0000 0.0000 0.0000 -0.0120 -0.0210 -0.0210 -0.0070 -0.0070 0.0070 0.0950
7.6699 0.0000 -0.0010 0.0000 0.0000 0.0000 -0.0120 -0.0070 0.0070 0.0070 -0.0210 -0.0070 0.1090
7.6705 0.0000 -0.0010 0.0000 0.0000 0.0000 -0.0120 -0.0070 0.0070 0.0070 -0.0210 -0.0070 0.1090
7.6713 0.0000 -0.0010 0.0000 0.0000 0.0000 -0.0120 -0.0070 0.0070 0.0070 -0.0210 -0.0070 0.1090
7.6723 0.0000 -0.0010 0.0000 0.0000 0.0000 -0.0120 -0.0070 -0.0070 -0.0070 -0.0070 -0.0070 0.0510
7.6732 0.0000 -0.0010 0.0000 0.0000 0.0000 -0.0120 -0.0070 -0.0070 -0.0070 -0.0070 -0.0070 0.0510
7.6742 0.0000 -0.0010 0.0000 0.0000 0.0000 -0.0120 -0.0070 -0.0070 -0.0070 -0.0070 -0.0070 0.0510
7.6752 0.0000 -0.0010 0.0000 0.0000 0.0000 -0.0120 -0.0070 0.0070 -0.0210 -0.0070 -0.0070 0.0210
7.6762 0.0000 -0.0010 0.0000 0.0000 0.0000 -0.0120 -0.0070 0.0070 -0.0210 -0.0070 -0.0070 0.0210
7.6772 0.0000 -0.0010 0.0000 0.0000 0.0000 -0.0120 -0.0070 0.0070 -0.0210 -0.0070 -0.0070 0.0210
7.6807 0.0000 -0.0010 0.0000 0.0000 0.0000 -0.0120 -0.0070 0.0070 -0.0210 -0.0070 -0.0070 0.0210
7.6810 0.0000 -0.0010 0.0000 0.0000 0.0000 -0.0120 -0.0070 0.0070 -0.0210 -0.0070 -0.0070 0.0210
7.6819 0.0000 -0.0010 0.0000 0.0000 0.0000 -0.0120 -0.0070 0.0070 -0.0210 -0.0070 -0.0070 0.0210
7.6829 0.0000 -0.0010 0.0000 0.0000 0.0000 -0.0120 -0.0070 0.0070 -0.0210 -0.0070 -0.0070 0.0210
7.6842 0.0000 -0.0010 0.0000 0.0000 0.0000 -0.0120 -0.0070 0.0070 -0.0210 -0.0070 -0.0070 0.0210
7.6849 0.0000 -0.0010 0.0000 0.0000 0.0000 -0.0120 -0.0070 0.0070 -0.0210 -0.0070 -0.0070 0.0210
7.6887 0.0000 -0.0010 0.0000 0.0000 0.0000 -0.0110 -0.0070 0.0070 -0.0070 -0.0070 -0.0070 0.0360
7.6889 0.0000 -0.0010 0.0000 0.0000 0.0000 -0.0110 -0.0070 -0.0070 -0.0210 -0.0070 -0.0070 0.0360
7.6900 0.0000 -0.0010 0.0000 0.0000 0.0000 -0.0110 -0.0070 -0.0070 -0.0210 -0.0070 -0.0070 0.0360
7.6910 0.0000 -0.0010 0.0000 0.0000 0.0000 -0.0110 -0.0070 -0.0070 -0.0210 -0.0070 -0.0070 0.0360
7.6920 0.0000 -0.0010 0.0000 0.0000 0.0000 -0.0110 -0.0070 -0.0070 -0.0210 -0.0070 -0.0070 0.0360
7.6930 0.0000 -0.0010 0.0000 0.0000 0.0000 -0.0110 -0.0070 -0.0070 -0.0210 -0.0070 -0.0070 0.0360
7.6940 0.0000 -0.0010 0.0000 0.0000 0.0000 -0.0110 -0.0070 -0.0070 -0.0210 -0.0070 -0.0070 0.0360
7.6950 0.0000 -0.0010 0.0000 0.0000 0.0000 -0.0110 -0.0070 -0.0070 -0.0210 -0.0070 -0.0070 0.0360
7.6960 0.0000 -0.0010 0.0000 0.0000 0.0000 -0.0110 -0.0070 -0.0070 -0.0210 -0.0070 -0.0070 0.0360
7.6970 0.0000 -0.0010 0.0000 0.0000 0.0000 -0.0110 -0.0070 -0.0070 -0.0210 -0.0070 -0.0070 0.0360
7.6980 0.0000 -0.0010 0.0000 0.0000 0.0000 -0.0110 -0.0070 -0.0070 -0.0210 -0.0070 -0.0070 0.0360
7.7009 0.0000 -0.0010 0.0000 0.0000 0.0000 -0.0110 -0.0070 -0.0070 0.0070 -0.0070 -0.0070 0.0800
7.7011 0.0000 -0.0010 0.0000 0.0000 0.0000 -0.0110 -0.0070 -0.0070 0.0070 -0.0070 -0.0070 0.0800
7.7021 0.0000 -0.0010 0.0000 0.0000 0.0000 -0.0110 -0.0070 0.0070 -0.0070 -0.0070 -0.0070 0.1090
7.7031 0.0000 -0.0010 0.0000 0.0000 0.0000 -0.0110 -0.0070 0.0070 -0.0070 -0.0070 -0.0070 0.1090
7.7042 0.0000 -0.0010 0.0000 0.0000 0.0000 -0.0110 -0.0070 0.0070 -0.0070 -0.0070 -0.0070 0.1090
7.7052 0.0000 -0.0010 0.0000 0.0000 0.0000 -0.0110 -0.0070 0.0070 -0.0070 -0.0070 -0.0070 0.1090
7.7062 0.0000 -0.0010 0.0000 0.0000 0.0000 -0.0110 -0.0070 0.0070 -0.0070 -0.0070 -0.0070 0.1090
7.7072 0.0000 -0.0010 0.0000 0.0000 0.0000 -0.0110 -0.0070 0.0070 -0.0070 -0.0070 -0.0070 0.1090
7.7082 0.0000 -0.0010 0.0000 0.0000 0.0000 -0.0110 -0.0070 0.0070 -0.0070 -0.0070 -0.0070 0.1090
7.7091 0.0000 -0.0010 0.0000 0.0000 0.0000 -0.0110 -0.0070 0.0070 -0.0070 -0.0070 -0.0070 0.1090
7.7101 0.0000 -0.0010 0.0000 0.0000 0.0000 -0.0110 -0.0070 0.0070 -0.0070 -0.0070 -0.0070 0.1090
7.7112 0.0000 -0.0010 0.0000 0.0000 0.0000 -0.0110 -0.0070 0.0070 -0.0070 -0.0070 -0.0070 0.1090
7.7122 0.0000 -0.0010 0.0000 0.0000 0.0000 -0.0100 -0.0210 0.0070 -0.0070 0.0070 -0.0070 0.0210
7.7132 0.0000 -0.0010 0.0000 0.0000 0.0000 -0.0100 -0.0210 0.0070 -0.0070 0.0070 -0.0070 0.0210
7.7142 0.0000 -0.0010 0.0000 0.0000 0.0000 -0.0100 -0.0210 0.0070 -0.0070 0.0070 -0.0070 0.0210
7.7152 0.0000 -0.0010 0.0000 0.0000 0.0000 -0.0100 -0.0210 0.0070 -0.0070 0.0070 -0.0070 0.0210
7.7201 0.0000 -0.0010 0.0000 0.0000 0.0000 -0.0100 -0.0210 0.0070 -0.0070 0.0070 -0.0070 0.0210
7.7203 0.0000 -0.0010 0.0000 0.0000 0.0000 -0.0100 -0.0210 0.0070 -0.0070 0.0070 -0.0070 0.0210
7.7213 0.0000 -0.0010 0.0000 0.0000 0.0000 -0.0100 -0.0210 0.0070 -0.0070 0.0070 -0.0070 0.0210
7.7223 0.0000 -0.0010 0.0000 0.0000 0.0000 -0.0100 -0.0210 0.0070 -0.0070 0.0070 -0.0070 0.0210
7.7233 0.0000 -0.0010 0.0000 0.0000 0.0000 -0.0100 -0.0070 0.0070 -0.0070 0.0070 -0.0070 0.0210
7.7243 0.0000 -0.0010 0.0000 0.0000 0.0000 -0.0100 0.0070 -0.0070 0.0070 -0.0070 -0.0070 0.0070
7.7258 0.0000 -0.0010 0.0000 0.0000 0.0000 -0.0100 -0.0070 0.0070 -0.0070 -0.0070 -0.0070 0.0210
7.7263 0.0000 -0.0010 0.0000 0.0000 0.0000 -0.0100 -0.0070 0.0070 -0.0070 -0.0070 -0.0070 0.0210
7.7273 0.0000 -0.0010 0.0000 0.0000 0.0000 -0.0100 -0.0070 0.0070 -0.0070 -0.0070 -0.0070 0.0210
7.7284 0.0000 -0.0010 0.0000 0.0000 0.0000 -0.0100 -0.0070 0.0070 -0.0070 -0.0070 -0.0070 0.0210
7.7293 0.0000 -0.0010 0.0000 0.0000 0.0000 -0.0100 -0.0070 0.0070 -0.0070 -0.0070 -0.0070 0.0210
7.7303 0.0000 -0.0010 0.0000 0.0000 0.0000 -0.0100 -0.0070 0.0070 -0.0070 -0.0070 -0.0070 0.0210
7.7313 0.0000 -0.0010 0.0000 0.0000 0.0000 -0.0100 -0.0070 0.0070 -0.0070 -0.0070 -0.0070 0.0210
7.7323 0.0000 -0.0010 0.0000 0.0000 0.0000 -0.0100 -0.0070 0.0070 -0.0070 -0.0070 -0.0070 0.0210
7.7333 0.0000 -0.0010 0.0000 0.0000 0.0000 -0.0100 -0.0070 0.0070 -0.0070 -0.0070 -0.0070 0.0210
7.7343 0.0000 -0.0010 0.0000 0.0000 0.0000 -0.0100 -0.0070 0.0070 -0.0070 -0.0070 -0.0070 0.0210
7.7353 0.0000 -0.0010 0.0000 0.0000 0.0000 -0.0100 -0.0070 0.0070 -0.0070 -0.0070 -0.0070 0.0210
7.7364 0.0000 -0.0010 0.0000 0.0000 0.0000 -0.0100 -0.0070 0.0070 -0.0070 -0.0070 -0.0070 0.0210
7.7374 0.0000 -0.0010 0.0000 0.0000 0.0000 -0.0100 -0.0070 0.0070 -0.0070 -0.0070 -0.0070 0.0210
7.7389 0.0000 -0.0010 0.0000 0.0000 0.0000 -0.0100 0.0070 -0.0070 -0.0210 -0.0210 -0.0070 0.0510
7.7393 0.0000 -0.0010 0.0000 0.0000 0.0000 -0.0100 -0.0070 -0.0070 -0.0070 -0.0070 -0.0070 0.0650
7.7403 0.0000 -0.0010 0.0000 0.0000 0.0000 -0.0100 -0.0070 -0.0070 -0.0070 -0.0070 -0.0070 0.0650
7.7413 0.0000 -0.0010 0.0000 0.0000 0.0000 -0.0100 -0.0070 -0.0070 -0.0070 -0.0070 -0.0070 0.0650
7.7424 0.0000 -0.0010 0.0000 0.0000 0.0000 -0.0100 -0.0070 -0.0070 -0.0070 -0.0070 -0.0070 0.0650
7.7433 0.0000 -0.0010 0.0000 0.0000 0.0000 -0.0100 -0.0070 -0.0070 -0.0070 -0.0070 -0.0070 0.0650
7.7443 0.0000 -0.0010 0.0000 0.0000 0.0000 -0.0100 -0.0070 -0.0070 -0.0070 -0.0070 -0.0070 0.0650
7.7454 0.0000 -0.0010 0.0000 0.0000 0.0000 -0.0100 -0.0070 -0.0070 -0.0070 -0.0070 -0.0070 0.0650
7.7464 0.0000 -0.0010 0.0000 0.0000 0.0000 -0.0100 -0.0070 -0.0070 -0.0070 -0.0070 -0.0070 0.0650
7.7473 0.0000 -0.0010 0.0000 0.0000 0.0000 -0.0100 -0.0070 -0.0070 -0.0070 -0.0070 -0.0070 0.0650
7.7483 0.0000 -0.0010 0.0000 0.0000 0.0000 -0.0100 -0.0070 -0.0070 -0.0070 -0.0070 -0.0070 0.0650
7.7510 0.0000 -0.0010 0.0000 0.0000 0.0000 -0.0100 -0.0070 -0.0070 -0.0070 -0.0070 -0.0070 0.1090
7.7512 0.0000 -0.0010 0.0000 0.0000 0.0000 -0.0100 -0.0070 0.0070 -0.0070 -0.0070 -0.0070 0.0510
7.7514 0.0000 -0.0010 0.0000 0.0000 0.0000 -0.0100 -0.0070 0.0070 -0.0070 -0.0070 -0.0070 0.0510
7.7523 0.0000 -0.0010 0.0000 0.0000 0.0000 -0.0100 -0.0070 0.0070 -0.0070 -0.0070 -0.0070 0.0510
7.7534 0.0000 -0.0010 0.0000 0.0000 0.0000 -0.0100 -0.0070 0.0070 -0.0070 -0.0070 -0.0070 0.0510
7.7543 0.0000 -0.0010 0.0000 0.0000 0.0000 -0.0100 -0.0070 0.0070 -0.0070 -0.0070 -0.0070 0.0510
7.7554 0.0000 -0.0010 0.0000 0.0000 0.0000 -0.0100 -0.0070 0.0070 -0.0070 -0.0070 -0.0070 0.0510
7.7564 0.0000 -0.0010 0.0000 0.0000 0.0000 -0.0100 -0.0070 0.0070 -0.0070 -0.0070 -0.0070 0.0510
7.7574 0.0000 -0.0010 0.0000 0.0000 0.0000 -0.0100 -0.0070 0.0070 -0.0070 -0.0070 -0.0070 0.0510
7.7583 0.0000 -0.0010 0.0000 0.0000 0.0000 -0.0100 -0.0070 0.0070 -0.0070 -0.0070 -0.0070 0.0510
7.7594 0.0000 -0.0010 0.0000 0.0000 0.0000 -0.0100 -0.0070 0.0070 -0.0070 -0.0070 -0.0070 0.0510
7.7603 0.0000 -0.0010 0.0000 0.0000 0.0000 -0.0100 -0.0070 0.0070 -0.0070 -0.0070 -0.0070 0.0510
7.7632 0.0000 -0.0010 0.0000 0.0000 0.0000 -0.0100 -0.0070 -0.0070 -0.0070 -0.0070 -0.0070 -0.0070
7.7633 0.0000 -0.0010 0.0000 0.0000 0.0000 -0.0100 -0.0070 -0.0070 -0.0070 -0.0070 -0.0070 -0.0070
7.7644 0.0000 -0.0010 0.0000 0.0000 0.0000 -0.0100 -0.0070 -0.0070 -0.0070 -0.0070 -0.0070 -0.0070
7.7654 0.0000 -0.0010 0.0000 0.0000 0.0000 -0.0100 -0.0070 -0.0070 -0.0070 -0.0070 -0.0070 -0.0070
7.7664 0.0000 -0.0010 0.0000 0.0000 0.0000 -0.0100 -0.0070 -0.0070 -0.0070 -0.0070 -0.0070 -0.0070
7.7674 0.0000 -0.0010 0.0000 0.0000 0.0000 -0.0100 -0.0070 -0.0070 -0.0070 -0.0070 -0.0070 -0.0070
7.7684 0.0000 -0.0010 0.0000 0.0000 0.0000 -0.0100 -0.0070 -0.0070 -0.0070 -0.0070 -0.0070 -0.0070
7.7694 0.0000 -0.0010 0.0000 0.0000 0.0000 -0.0100 -0.0070 -0.0070 -0.0070 -0.0070 -0.0070 -0.0070
7.7705 0.0000 -0.0010 0.0000 0.0000 0.0000 -0.0100 -0.0070 -0.0070 -0.0070 -0.0070 -0.0070 -0.0070
7.7715 0.0000 -0.0010 0.0000 0.0000 0.0000 -0.0100 -0.0070 -0.0070 -0.0070 -0.0070 -0.0070 -0.0070
7.7724 0.0000 -0.0010 0.0000 0.0000 0.0000 -0.0100 -0.0070 -0.0070 -0.0070 -0.0070 -0.0070 -0.0070
7.7742 0.0000 -0.0010 0.0000 0.0000 0.0000 -0.0100 -0.0070 -0.0070 -0.0070 -0.0070 -0.0070 -0.0070
7.7757 0.0000 -0.0010 0.0000 0.0000 0.0000 -0.0100 -0.0070 -0.0070 -0.0070 -0.0210 0.0070 -0.0070
7.7764 0.0000 -0.0010 0.0000 0.0000 0.0000 -0.0100 -0.0070 -0.0070 -0.0070 -0.0070 -0.0070 0.0210
7.7766 0.0000 -0.0010 0.0000 0.0000 0.0000 -0.0100 -0.0070 -0.0070 -0.0070 -0.0070 -0.0070 0.0210
7.7774 0.0000 -0.0010 0.0000 0.0000 0.0000 -0.0100 -0.0070 -0.0070 -0.0070 -0.0070 -0.0070 0.0210
7.7784 0.0000 -0.0010 0.0000 0.0000 0.0000 -0.0100 -0.0070 -0.0070 -0.0070 -0.0070 -0.0070 0.0210
7.7794 0.0000 -0.0010 0.0000 0.0000 0.0000 -0.0100 -0.0070 -0.0070 -0.0070 -0.0070 -0.0070 0.0210
7.7804 0.0000 -0.0010 0.0000 0.0000 0.0000 -0.0100 -0.0070 -0.0070 -0.0070 -0.0070 -0.0070 0.0210
7.7813 0.0000 -0.0010 0.0000 0.0000 0.0000 -0.0100 -0.0070 -0.0070 -0.0070 -0.0070 -0.0070 0.0210
7.7824 0.0000 -0.0010 0.0000 0.0000 0.0000 -0.0100 -0.0070 -0.0070 -0.0070 -0.0070 -0.0070 0.0210
7.7838 0.0000 -0.0010 0.0000 0.0000 0.0000 -0.0100 -0.0070 -0.0070 -0.0070 -0.0070 -0.0070 0.0210
7.7844 0.0000 -0.0010 0.0000 0.0000 0.0000 -0.0100 -0.0070 -0.0070 -0.0070 -0.0070 -0.0070 0.0210
7.7854 0.0000 -0.0010 0.0000 0.0000 0.0000 -0.0100 -0.0070 -0.0070 -0.0070 -0.0070 -0.0070 0.0210
7.7870 0.0000 -0.0010 0.0000 0.0000 0.0000 -0.0100 -0.0070 -0.0070 -0.0070 -0.0070 -0.0070 0.0210
7.7874 0.0000 -0.0010 0.0000 0.0000 0.0000 -0.0100 -0.0070 -0.0070 -0.0070 -0.0070 -0.0070 0.0210
7.7894 0.0000 -0.0010 0.0000 0.0000 0.0000 -0.0100 -0.0070 -0.0070 -0.0070 -0.0070 0.0070 0.0210
7.7895 0.0000 -0.0010 0.0000 0.0000 0.0000 -0.0100 -0.0070 -0.0070 -0.0070 -0.0070 0.0070 0.0210
7.7904 0.0000 -0.0010 0.0000 0.0000 0.0000 -0.0100 -0.0070 -0.0070 -0.0070 -0.0070 0.0070 0.0210
7.7914 0.0000 -0.0010 0.0000 0.0000 0.0000 -0.0100 -0.0070 -0.0070 -0.0070 -0.0070 0.0070 0.0210
7.7924 0.0000 -0.0010 0.0000 0.0000 0.0000 -0.0100 -0.0070 -0.0070 -0.0070 -0.0070 0.0070 0.0210
7.7934 0.0000 -0.0010 0.0000 0.0000 0.0000 -0.0100 -0.0070 -0.0070 -0.0070 -0.0070 0.0070 0.0210
7.7944 0.0000 -0.0010 0.0000 0.0000 0.0000 -0.0100 -0.0070 -0.0070 -0.0070 -0.0070 0.0070 0.0210
7.7954 0.0000 -0.0010 0.0000 0.0000 0.0000 -0.0100 -0.0070 -0.0070 -0.0070 -0.0070 0.0070 0.0210
7.7964 0.0000 -0.0010 0.0000 0.0000 0.0000 -0.0100 -0.0070 -0.0070 -0.0070 -0.0070 0.0070 0.0210
7.7975 0.0000 -0.0010 0.0000 0.0000 0.0000 -0.0100 -0.0070 -0.0070 -0.0070 -0.0070 0.0070 0.0210
7.7984 0.0000 -0.0010 0.0000 0.0000 0.0000 -0.0100 -0.0070 -0.0070 -0.0070 -0.0070 0.0070 0.0210
7.7995 0.0000 -0.0010 0.0000 0.0000 0.0000 -0.0100 -0.0070 -0.0070 -0.0070 -0.0070 0.0070 0.0210
7.8004 0.0000 -0.0010 0.0000 0.0000 0.0000 -0.0100 -0.0210 -0.0070 -0.0070 -0.0070 0.0070 0.0210
7.8015 0.0000 -0.0010 0.0000 0.0000 0.0000 -0.0100 -0.0210 0.0070 -0.0070 -0.0070 -0.0070 0.0210
7.8024 0.0000 -0.0010 0.0000 0.0000 0.0000 -0.0100 -0.0210 0.0070 -0.0070 -0.0070 -0.0070 0.0210
7.8034 0.0000 -0.0010 0.0000 0.0000 0.0000 -0.0100 -0.0210 0.0070 -0.0070 -0.0070 -0.0070 0.0210
7.8045 0.0000 -0.0010 0.0000 0.0000 0.0000 -0.0100 -0.0210 0.0070 -0.0070 -0.0070 -0.0070 0.0210
7.8067 0.0000 -0.0010 0.0000 0.0000 0.0000 -0.0090 -0.0070 0.0070 -0.0070 -0.0070 -0.0070 0.0210
7.8080 0.0000 -0.0010 0.0000 0.0000 0.0000 -0.0090 -0.0070 -0.0070 -0.0070 0.0070 -0.0210 0.0360
7.8089 0.0000 -0.0010 0.0000 0.0000 0.0000 -0.0090 -0.0070 -0.0070 -0.0070 0.0070 -0.0210 0.0360
7.8097 0.0000 -0.0010 0.0000 0.0000 0.0000 -0.0090 -0.0070 -0.0070 -0.0070 0.0070 -0.0210 0.0360
7.8117 0.0000 -0.0010 0.0000 0.0000 0.0000 -0.0090 -0.0070 -0.0070 -0.0070 0.0070 -0.0210 0.0360
7.8124 0.0000 -0.0010 0.0000 0.0000 0.0000 -0.0090 -0.0070 -0.0070 -0.0070 0.0070 -0.0210 0.0360
7.8128 0.0000 -0.0010 0.0000 0.0000 0.0000 -0.0090 -0.0070 -0.0070 -0.0070 0.0070 -0.0210 0.0360
7.8148 0.0000 -0.0010 0.0000 0.0000 0.0000 -0.0090 -0.0070 -0.0070 -0.0070 0.0070 -0.0210 0.0360
7.8154 0.0000 -0.0010 0.0000 0.0000 0.0000 -0.0090 -0.0070 -0.0070 -0.0070 0.0070 -0.0210 0.0360
7.8158 0.0000 -0.0010 0.0000 0.0000 0.0000 -0.0090 -0.0070 -0.0070 -0.0070 0.0070 -0.0210 0.0360
7.8168 0.0000 -0.0010 0.0000 0.0000 0.0000 -0.0090 -0.0070 -0.0070 -0.0070 0.0070 -0.0210 0.0360
7.8179 0.0000 -0.0010 0.0000 0.0000 0.0000 -0.0090 -0.0070 -0.0070 -0.0070 0.0070 -0.0210 0.0360
7.8188 0.0000 -0.0010 0.0000 0.0000 0.0000 -0.0090 -0.0070 -0.0070 -0.0070 -0.0070 -0.0070 0.0510
7.8198 0.0000 -0.0010 0.0000 0.0000 0.0000 -0.0090 -0.0070 -0.0070 -0.0210 -0.0070 -0.0070 0.0650
7.8244 0.0000 -0.0010 0.0000 0.0000 0.0000 -0.0090 0.0070 -0.0070 -0.0210 -0.0070 -0.0070 0.0650
7.8260 0.0000 -0.0010 0.0000 0.0000 0.0000 -0.0090 0.0070 -0.0070 -0.0070 0.0070 0.0070 0.0650
7.8271 0.0000 -0.0010 0.0000 0.0000 0.0000 -0.0090 0.0070 -0.0070 -0.0070 0.0070 0.0070 0.0650
7.8292 0.0000 -0.0010 0.0000 0.0000 0.0000 -0.0090 0.0070 -0.0070 -0.0070 0.0070 0.0070 0.0650
7.8303 0.0000 -0.0010 0.0000 0.0000 0.0000 -0.0090 0.0070 -0.0070 -0.0070 0.0070 0.0070 0.0650
7.8327 0.0000 -0.0010 0.0000 0.0000 0.0000 -0.0090 0.0070 -0.0070 -0.0070 0.0070 0.0070 0.0650
7.8357 0.0000 -0.0010 0.0000 0.0000 0.0000 -0.0090 -0.0210 -0.0070 -0.0070 0.0070 0.0070 0.0800
7.8378 0.0000 -0.0010 0.0000 0.0000 0.0000 -0.0090 -0.0210 -0.0070 -0.0070 0.0070 0.0070 0.0800
7.8387 0.0000 -0.0010 0.0000 0.0000 0.0000 -0.0090 -0.0210 -0.0070 -0.0070 0.0070 0.0070 0.0800
7.8398 0.0000 -0.0010 0.0000 0.0000 0.0000 -0.0090 -0.0210 0.0070 -0.0070 -0.0210 -0.0070 0.0650
7.8421 0.0000 -0.0010 0.0000 0.0000 0.0000 -0.0090 -0.0210 0.0070 -0.0070 -0.0210 -0.0070 0.0650
7.8465 0.0000 -0.0010 0.0000 0.0000 0.0000 -0.0090 -0.0210 0.0070 -0.0070 -0.0210 -0.0070 0.0650
7.8477 0.0000 -0.0010 0.0000 0.0000 0.0000 -0.0090 0.0070 0.0070 -0.0070 -0.0070 -0.0070 -0.0070
7.8484 0.0000 -0.0010 0.0000 0.0000 0.0000 -0.0090 0.0070 0.0070 -0.0070 -0.0070 -0.0070 -0.0070
7.8488 0.0000 -0.0010 0.0000 0.0000 0.0000 -0.0090 0.0070 0.0070 -0.0070 -0.0070 -0.0070 -0.0070
7.8500 0.0000 -0.0010 0.0000 0.0000 0.0000 -0.0090 0.0070 0.0070 -0.0070 -0.0070 -0.0070 -0.0070
7.8508 0.0000 -0.0010 0.0000 0.0000 0.0000 -0.0090 0.0070 0.0070 -0.0070 -0.0070 -0.0070 -0.0070
7.8517 0.0000 -0.0010 0.0000 0.0000 0.0000 -0.0090 0.0070 0.0070 -0.0070 -0.0070 -0.0070 -0.0070
7.8548 0.0000 -0.0010 0.0000 0.0000 0.0000 -0.0090 0.0070 0.0070 -0.0070 -0.0070 -0.0070 -0.0070
7.8616 0.0000 -0.0010 0.0000 0.0000 0.0000 -0.0080 0.0070 -0.0070 -0.0070 -0.0210 -0.0070 0.0210
7.8622 0.0000 -0.0010 0.0000 0.0000 0.0000 -0.0080 0.0070 -0.0070 -0.0070 -0.0210 -0.0070 0.0210
7.8633 0.0000 -0.0010 0.0000 0.0000 0.0000 -0.0080 0.0070 -0.0070 -0.0070 -0.0210 -0.0070 0.0210
7.8644 0.0000 -0.0010 0.0000 0.0000 0.0000 -0.0080 -0.0210 -0.0070 -0.0070 -0.0210 -0.0070 0.0210
7.8658 0.0000 -0.0010 0.0000 0.0000 0.0000 -0.0080 -0.0070 -0.0070 0.0070 0.0070 -0.0070 0.0070
7.8664 0.0000 -0.0010 0.0000 0.0000 0.0000 -0.0080 -0.0070 -0.0070 0.0070 0.0070 -0.0070 0.0070
7.8674 0.0000 -0.0010 0.0000 0.0000 0.0000 -0.0080 -0.0070 -0.0070 0.0070 0.0070 -0.0070 0.0070
7.8681 0.0000 -0.0010 0.0000 0.0000 0.0000 -0.0080 -0.0070 -0.0070 0.0070 0.0070 -0.0070 0.0070
7.8691 0.0000 -0.0010 0.0000 0.0000 0.0000 -0.0080 -0.0070 -0.0070 0.0070 0.0070 -0.0070 0.0070
7.8701 0.0000 -0.0010 0.0000 0.0000 0.0000 -0.0080 -0.0070 -0.0070 0.0070 0.0070 -0.0070 0.0070
7.8711 0.0000 -0.0010 0.0000 0.0000 0.0000 -0.0080 -0.0070 -0.0070 0.0070 0.0070 -0.0070 0.0070
7.8721 0.0000 -0.0010 0.0000 0.0000 0.0000 -0.0080 -0.0070 -0.0070 0.0070 0.0070 -0.0070 0.0070
7.8731 0.0000 -0.0010 0.0000 0.0000 0.0000 -0.0080 -0.0070 -0.0070 0.0070 0.0070 -0.0070 0.0070
7.8741 0.0000 -0.0010 0.0000 0.0000 0.0000 -0.0080 -0.0070 -0.0070 0.0070 0.0070 -0.0070 0.0070
7.8751 0.0000 -0.0010 0.0000 0.0000 0.0000 -0.0080 -0.0070 -0.0070 0.0070 0.0070 -0.0070 0.0070
7.8761 0.0000 -0.0010 0.0000 0.0000 0.0000 -0.0080 -0.0070 -0.0070 0.0070 0.0070 -0.0070 0.0070
7.8831 0.0000 -0.0010 0.0000 0.0000 0.0000 -0.0080 -0.0070 0.0070 -0.0070 -0.0070 -0.0070 0.0070
7.8833 0.0000 -0.0010 0.0000 0.0000 0.0000 -0.0080 0.0070 0.0070 -0.0070 -0.0070 -0.0070 0.0070
7.8844 0.0000 -0.0010 0.0000 0.0000 0.0000 -0.0080 0.0070 0.0070 -0.0070 -0.0070 -0.0070 0.0070
7.8854 0.0000 -0.0010 0.0000 0.0000 0.0000 -0.0080 0.0070 0.0070 -0.0070 -0.0070 -0.0070 0.0070
7.8863 0.0000 -0.0010 0.0000 0.0000 0.0000 -0.0080 0.0070 0.0070 -0.0070 -0.0070 -0.0070 0.0070
7.8874 0.0000 -0.0010 0.0000 0.0000 0.0000 -0.0080 0.0070 0.0070 -0.0070 -0.0070 -0.0070 0.0070
7.8884 0.0000 -0.0010 0.0000 0.0000 0.0000 -0.0080 0.0070 0.0070 -0.0070 -0.0070 -0.0070 0.0070
7.8894 0.0000 -0.0010 0.0000 0.0000 0.0000 -0.0080 0.0070 0.0070 -0.0070 -0.0070 -0.0070 0.0070
7.8903 0.0000 -0.0010 0.0000 0.0000 0.0000 -0.0080 0.0070 0.0070 -0.0070 -0.0070 -0.0070 0.0070
7.8913 0.0000 -0.0010 0.0000 0.0000 0.0000 -0.0080 0.0070 0.0070 -0.0070 -0.0070 -0.0070 0.0070
7.8923 0.0000 -0.0010 0.0000 0.0000 0.0000 -0.0080 0.0070 0.0070 -0.0070 -0.0070 -0.0070 0.0070
7.8934 0.0000 -0.0010 0.0000 0.0000 0.0000 -0.0080 0.0070 0.0070 -0.0070 -0.0070 -0.0070 0.0070
7.8944 0.0000 -0.0010 0.0000 0.0000 0.0000 -0.0080 0.0070 0.0070 -0.0070 -0.0070 -0.0070 0.0070
7.8954 0.0000 -0.0010 0.0000 0.0000 0.0000 -0.0080 0.0070 0.0070 -0.0070 -0.0070 -0.0070 0.0070
7.8964 0.0000 -0.0010 0.0000 0.0000 0.0000 -0.0080 0.0070 0.0070 -0.0070 -0.0070 -0.0070 0.0070
7.8975 0.0000 -0.0010 0.0000 0.0000 0.0000 -0.0080 0.0070 0.0070 -0.0070 -0.0070 -0.0070 0.0070
7.8984 0.0000 -0.0010 0.0000 0.0000 0.0000 -0.0080 -0.0070 0.0070 -0.0210 -0.0070 -0.0070 0.0360
7.8994 0.0000 -0.0010 0.0000 0.0000 0.0000 -0.0080 -0.0070 0.0070 -0.0210 -0.0070 -0.0070 0.0360
7.9004 0.0000 -0.0010 0.0000 0.0000 0.0000 -0.0080 -0.0070 0.0070 -0.0210 -0.0070 -0.0070 0.0360
7.9014 0.0000 -0.0010 0.0000 0.0000 0.0000 -0.0080 -0.0070 0.0070 -0.0210 -0.0070 -0.0070 0.0360
7.9024 0.0000 -0.0010 0.0000 0.0000 0.0000 -0.0080 -0.0070 0.0070 -0.0210 -0.0070 -0.0070 0.0360
7.9034 0.0000 -0.0010 0.0000 0.0000 0.0000 -0.0080 -0.0070 0.0070 -0.0210 -0.0070 -0.0070 0.0360
7.9044 0.0000 -0.0010 0.0000 0.0000 0.0000 -0.0080 -0.0070 0.0070 -0.0210 -0.0070 -0.0070 0.0360
7.9055 0.0000 -0.0010 0.0000 0.0000 0.0000 -0.0080 -0.0070 0.0070 -0.0210 -0.0070 -0.0070 0.0360
7.9064 0.0000 -0.0010 0.0000 0.0000 0.0000 -0.0080 -0.0070 0.0070 -0.0210 -0.0070 -0.0070 0.0360
7.9109 0.0000 -0.0010 0.0000 0.0000 0.0000 -0.0080 -0.0070 0.0210 -0.0210 0.0070 -0.0070 0.0360
7.9150 0.0000 -0.0010 0.0000 0.0000 0.0000 -0.0080 -0.0070 0.0210 -0.0210 0.0070 -0.0070 0.0360
7.9156 0.0000 -0.0010 0.0000 0.0000 0.0000 -0.0080 -0.0070 0.0210 -0.0070 -0.0070 -0.0070 0.0360
7.9164 0.0000 -0.0010 0.0000 0.0000 0.0000 -0.0080 -0.0070 0.0210 -0.0070 -0.0070 -0.0070 0.0360
7.9175 0.0000 -0.0010 0.0000 0.0000 0.0000 -0.0080 -0.0070 0.0210 -0.0070 -0.0070 -0.0070 0.0360
7.9185 0.0000 -0.0010 0.0000 0.0000 0.0000 -0.0080 -0.0070 0.0210 -0.0070 -0.0070 -0.0070 0.0360
7.9195 0.0000 -0.0010 0.0000 0.0000 0.0000 -0.0080 -0.0070 0.0210 -0.0070 -0.0070 -0.0070 0.0360
7.9205 0.0000 -0.0010 0.0000 0.0000 0.0000 -0.0080 -0.0070 0.0210 -0.0070 -0.0070 -0.0070 0.0360
7.9215 0.0000 -0.0010 0.0000 0.0000 0.0000 -0.0080 -0.0070 0.0210 -0.0070 -0.0070 -0.0070 0.0360
7.9225 0.0000 -0.0010 0.0000 0.0000 0.0000 -0.0080 -0.0070 0.0210 -0.0070 -0.0070 -0.0070 0.0360
7.9241 0.0000 -0.0010 0.0000 0.0000 0.0000 -0.0080 -0.0070 0.0210 -0.0070 -0.0070 -0.0070 0.0360
7.9246 0.0000 -0.0010 0.0000 0.0000 0.0000 -0.0080 -0.0070 0.0210 -0.0070 -0.0070 -0.0070 0.0360
7.9272 0.0000 -0.0010 0.0000 0.0000 0.0000 -0.0080 -0.0070 0.0210 -0.0070 -0.0070 -0.0070 0.0360
7.9276 0.0000 -0.0010 0.0000 0.0000 0.0000 -0.0080 -0.0070 0.0070 -0.0210 -0.0070 0.0070 0.0360
7.9294 0.0000 -0.0010 0.0000 0.0000 0.0000 -0.0080 -0.0070 0.0070 -0.0210 -0.0070 0.0070 0.0360
7.9306 0.0000 -0.0010 0.0000 0.0000 0.0000 -0.0080 -0.0070 0.0070 0.0070 0.0210 -0.0070 0.0210
7.9325 0.0000 -0.0010 0.0000 0.0000 0.0000 -0.0080 -0.0070 0.0070 0.0070 0.0210 -0.0070 0.0210
7.9328 0.0000 -0.0010 0.0000 0.0000 0.0000 -0.0080 -0.0070 0.0070 0.0070 0.0210 -0.0070 0.0210
7.9340 0.0000 -0.0010 0.0000 0.0000 0.0000 -0.0080 -0.0070 0.0210 -0.0070 -0.0070 -0.0070 -0.0070
7.9346 0.0000 -0.0010 0.0000 0.0000 0.0000 -0.0080 -0.0070 0.0210 -0.0070 -0.0070 -0.0070 -0.0070
7.9356 0.0000 -0.0010 0.0000 0.0000 0.0000 -0.0080 -0.0070 0.0210 -0.0070 -0.0070 -0.0070 -0.0070
7.9367 0.0000 -0.0010 0.0000 0.0000 0.0000 -0.0080 -0.0070 0.0210 -0.0070 -0.0070 -0.0070 -0.0070
7.9378 0.0000 -0.0010 0.0000 0.0000 0.0000 -0.0080 -0.0070 0.0210 -0.0070 -0.0070 -0.0070 -0.0070
7.9386 0.0000 -0.0010 0.0000 0.0000 0.0000 -0.0080 -0.0070 0.0210 -0.0070 -0.0070 -0.0070 -0.0070
7.9396 0.0000 -0.0010 0.0000 0.0000 0.0000 -0.0080 -0.0070 0.0210 -0.0070 -0.0070 -0.0070 -0.0070
7.9406 0.0000 -0.0010 0.0000 0.0000 0.0000 -0.0080 -0.0070 0.0210 -0.0070 -0.0070 -0.0070 -0.0070
7.9416 0.0000 -0.0010 0.0000 0.0000 0.0000 -0.0080 -0.0070 0.0210 -0.0070 -0.0070 -0.0070 -0.0070
7.9437 0.0000 -0.0010 0.0000 0.0000 0.0000 -0.0080 -0.0070 0.0210 -0.0070 -0.0070 -0.0070 -0.0070
7.9440 0.0000 -0.0010 0.0000 0.0000 0.0000 -0.0080 -0.0070 0.0210 -0.0070 -0.0070 -0.0070 0.0070
7.9459 0.0000 -0.0010 0.0000 0.0000 0.0000 -0.0080 -0.0070 0.0210 -0.0070 -0.0070 -0.0070 0.0070
7.9462 0.0000 0.0000 0.0000 0.0000 0.0000 -0.0080 -0.0070 0.0360 -0.0070 -0.0070 -0.0070 0.0070
7.9467 0.0000 0.0000 0.0000 0.0000 0.0000 -0.0080 -0.0070 0.0360 -0.0070 -0.0070 -0.0070 0.0070
7.9476 0.0000 0.0000 0.0000 0.0000 0.0000 -0.0080 -0.0070 0.0360 -0.0070 -0.0070 -0.0070 0.0070
7.9486 0.0000 0.0000 0.0000 0.0000 0.0000 -0.0080 -0.0070 0.0360 -0.0070 -0.0070 -0.0070 0.0070
7.9497 0.0000 0.0000 0.0000 0.0000 0.0000 -0.0080 -0.0070 0.0360 -0.0070 -0.0070 -0.0070 0.0070
7.9506 0.0000 0.0000 0.0000 0.0000 0.0000 -0.0080 -0.0070 0.0360 -0.0070 -0.0070 -0.0070 0.0070
7.9517 0.0000 0.0000 0.0000 0.0000 0.0000 -0.0080 -0.0070 0.0360 -0.0070 -0.0070 -0.0070 0.0070
7.9526 0.0000 0.0000 0.0000 0.0000 0.0000 -0.0080 -0.0070 0.0360 -0.0070 -0.0070 -0.0070 0.0070
7.9536 0.0000 0.0000 0.0000 0.0000 0.0000 -0.0080 -0.0070 0.0360 -0.0070 -0.0070 -0.0070 0.0070
7.9547 0.0000 0.0000 0.0000 0.0000 0.0000 -0.0080 -0.0070 0.0360 -0.0070 -0.0070 -0.0070 0.0070
7.9557 0.0000 0.0000 0.0000 0.0000 0.0000 -0.0080 -0.0070 0.0360 -0.0070 -0.0070 -0.0070 0.0070
7.9567 0.0000 0.0000 0.0000 0.0000 0.0000 -0.0080 -0.0070 0.0360 -0.0070 -0.0070 -0.0070 0.0070
7.9576 0.0000 0.0000 0.0000 0.0000 0.0000 -0.0080 -0.0070 0.0360 -0.0070 -0.0070 -0.0070 0.0070
7.9586 0.0000 0.0000 0.0000 0.0000 0.0000 -0.0080 -0.0070 0.0360 -0.0070 -0.0070 -0.0070 0.0070
7.9596 0.0000 0.0000 0.0000 0.0000 0.0000 -0.0080 -0.0070 0.0360 -0.0070 -0.0070 -0.0070 0.0070
7.9607 0.0000 0.0000 0.0000 0.0000 0.0000 -0.0080 0.0070 0.0360 -0.0070 -0.0070 -0.0070 0.0070
7.9616 0.0000 0.0000 0.0000 0.0000 0.0000 -0.0080 0.0070 0.0210 -0.0070 -0.0070 -0.0070 0.0070
7.9626 0.0000 0.0000 0.0000 0.0000 0.0000 -0.0080 -0.0070 0.0070 -0.0070 -0.0070 -0.0210 0.0210
7.9636 0.0000 0.0000 0.0000 0.0000 0.0000 -0.0080 -0.0210 0.0070 -0.0070 -0.0070 0.0070 -0.0070
7.9646 0.0000 0.0000 0.0000 0.0000 0.0000 -0.0080 -0.0210 0.0070 -0.0070 -0.0070 0.0070 -0.0070
7.9656 0.0000 0.0000 0.0000 0.0000 0.0000 -0.0080 -0.0210 0.0070 -0.0070 -0.0070 0.0070 -0.0070
7.9667 0.0000 0.0000 0.0000 0.0000 0.0000 -0.0080 -0.0210 0.0070 -0.0070 -0.0070 0.0070 -0.0070
7.9677 0.0000 0.0000 0.0000 0.0000 0.0000 -0.0080 -0.0210 0.0070 -0.0070 -0.0070 0.0070 -0.0070
7.9686 0.0000 0.0000 0.0000 0.0000 0.0000 -0.0080 -0.0210 0.0070 -0.0070 -0.0070 0.0070 -0.0070
7.9696 0.0000 0.0000 0.0000 0.0000 0.0000 -0.0080 -0.0210 0.0070 -0.0070 -0.0070 0.0070 -0.0070
7.9707 0.0000 0.0000 0.0000 0.0000 0.0000 -0.0080 -0.0210 0.0070 -0.0070 -0.0070 0.0070 -0.0070
7.9716 0.0000 0.0000 0.0000 0.0000 0.0000 -0.0080 -0.0210 0.0070 -0.0070 -0.0070 0.0070 -0.0070
7.9726 0.0000 0.0000 0.0000 0.0000 0.0000 -0.0080 -0.0210 0.0070 -0.0070 -0.0070 0.0070 -0.0070
7.9739 0.0000 0.0000 0.0000 0.0000 0.0000 -0.0080 -0.0210 0.0070 -0.0070 -0.0070 0.0070 -0.0070
7.9746 0.0000 0.0000 0.0000 0.0000 0.0000 -0.0080 -0.0210 0.0070 -0.0070 -0.0070 0.0070 -0.0070
7.9774 0.0000 0.0000 0.0000 0.0000 0.0000 -0.0080 -0.0070 -0.0070 -0.0210 -0.0070 -0.0070 -0.0070
7.9776 0.0000 0.0000 0.0000 0.0000 0.0000 -0.0080 -0.0070 -0.0070 -0.0070 -0.0070 -0.0070 0.0210
7.9795 0.0000 0.0000 0.0000 0.0000 0.0000 -0.0080 -0.0070 -0.0070 -0.0070 -0.0070 -0.0070 0.0210
7.9800 0.0000 0.0000 0.0000 0.0000 0.0000 -0.0080 -0.0070 -0.0070 -0.0070 -0.0070 -0.0070 0.0210
7.9814 0.0000 0.0000 0.0000 0.0000 0.0000 -0.0080 -0.0070 -0.0070 -0.0070 -0.0070 -0.0070 0.0210
7.9816 0.0000 0.0000 0.0000 0.0000 0.0000 -0.0080 -0.0070 -0.0070 -0.0070 -0.0070 -0.0070 0.0210
7.9827 0.0000 0.0000 0.0000 0.0000 0.0000 -0.0080 -0.0070 -0.0070 -0.0070 -0.0070 -0.0070 0.0210
7.9837 0.0000 0.0000 0.0000 0.0000 0.0000 -0.0080 -0.0070 -0.0070 -0.0070 -0.0070 -0.0070 0.0210
7.9846 0.0000 0.0000 0.0000 0.0000 0.0000 -0.0080 -0.0070 -0.0070 -0.0070 -0.0070 -0.0070 0.0210
7.9856 0.0000 0.0000 0.0000 0.0000 0.0000 -0.0080 -0.0070 -0.0070 -0.0070 -0.0070 -0.0070 0.0210
7.9866 0.0000 0.0000 0.0000 0.0000 0.0000 -0.0080 -0.0070 -0.0070 -0.0070 -0.0070 -0.0070 0.0210
7.9876 0.0000 0.0000 0.0000 0.0000 0.0000 -0.0080 -0.0210 -0.0070 -0.0070 -0.0070 -0.0070 0.0070
7.9886 0.0000 0.0000 0.0000 0.0000 0.0000 -0.0080 -0.0070 -0.0210 0.0070 -0.0070 -0.0070 0.0210
7.9898 0.0000 0.0000 0.0000 0.0000 0.0000 -0.0070 -0.0210 -0.0210 0.0070 -0.0070 -0.0070 0.0210
7.9907 0.0000 0.0000 0.0000 0.0000 0.0000 -0.0070 -0.0210 -0.0210 0.0070 -0.0070 -0.0070 0.0210
7.9916 0.0000 0.0000 0.0000 0.0000 0.0000 -0.0070 -0.0210 -0.0210 0.0070 -0.0070 -0.0070 0.0210
7.9927 0.0000 0.0000 0.0000 0.0000 0.0000 -0.0070 -0.0210 -0.0210 0.0070 -0.0070 -0.0070 0.0210
7.9936 0.0000 0.0000 0.0000 0.0000 0.0000 -0.0070 -0.0210 -0.0210 0.0070 -0.0070 -0.0070 0.0210
7.9947 0.0000 0.0000 0.0000 0.0000 0.0000 -0.0070 -0.0210 -0.0210 0.0070 -0.0070 -0.0070 0.0210
7.9957 0.0000 0.0000 0.0000 0.0000 0.0000 -0.0070 -0.0210 -0.0210 0.0070 -0.0070 -0.0070 0.0210
7.9967 0.0000 0.0000 0.0000 0.0000 0.0000 -0.0070 -0.0210 -0.0210 0.0070 -0.0070 -0.0070 0.0210
7.9977 0.0000 0.0000 0.0000 0.0000 0.0000 -0.0070 -0.0210 -0.0210 0.0070 -0.0070 -0.0070 0.0210
7.9986 0.0000 0.0000 0.0000 0.0000 0.0000 -0.0070 -0.0210 -0.0210 0.0070 -0.0070 -0.0070 0.0210
7.9996 0.0000 0.0000 0.0000 0.0000 0.0000 -0.0070 -0.0210 -0.0210 0.0070 -0.0070 -0.0070 0.0210
8.0006 0.0000 0.0000 0.0000 0.0000 0.0000 -0.0070 -0.0210 -0.0210 0.0070 -0.0070 -0.0070 0.0210
8.0032 0.0000 0.0000 0.0000 0.0000 0.0000 -0.0070 -0.0210 -0.0210 0.0070 -0.0070 -0.0070 0.0210
8.0034 0.0000 0.0000 0.0000 0.0000 0.0000 -0.0070 -0.0210 -0.0210 0.0070 -0.0070 -0.0070 0.0210
8.0037 0.0000 0.0000 0.0000 0.0000 0.0000 -0.0070 -0.0070 -0.0070 -0.0210 0.0070 -0.0070 0.0360
8.0046 0.0000 0.0000 0.0000 0.0000 0.0000 -0.0070 -0.0070 -0.0070 -0.0210 0.0070 -0.0070 0.0360
8.0056 0.0000 0.0000 0.0000 0.0000 0.0000 -0.0070 -0.0070 -0.0070 -0.0210 0.0070 -0.0070 0.0360
8.0066 0.0000 0.0000 0.0000 0.0000 0.0000 -0.0070 -0.0070 -0.0070 -0.0210 0.0070 -0.0070 0.0360
8.0076 0.0000 0.0000 0.0000 0.0000 0.0000 -0.0070 -0.0070 -0.0070 -0.0210 0.0070 -0.0070 0.0360
8.0086 0.0000 0.0000 0.0000 0.0000 0.0000 -0.0070 -0.0070 -0.0070 -0.0210 0.0070 -0.0070 0.0360
8.0096 0.0000 0.0000 0.0000 0.0000 0.0000 -0.0070 -0.0070 -0.0070 -0.0210 0.0070 -0.0070 0.0360
8.0106 0.0000 0.0000 0.0000 0.0000 0.0000 -0.0070 -0.0070 -0.0070 -0.0210 0.0070 -0.0070 0.0360
8.0116 0.0000 0.0000 0.0000 0.0000 0.0000 -0.0070 -0.0070 -0.0070 -0.0210 0.0070 -0.0070 0.0360
8.0126 0.0000 0.0000 0.0000 0.0000 0.0000 -0.0070 -0.0070 -0.0070 -0.0210 0.0070 -0.0070 0.0360
8.0158 0.0000 0.0000 0.0000 0.0000 0.0000 -0.0070 -0.0070 -0.0070 -0.0210 0.0070 -0.0070 0.0360
8.0160 0.0000 0.0000 0.0000 0.0000 0.0000 -0.0070 -0.0070 -0.0070 -0.0210 -0.0070 0.0070 0.0510
8.0170 0.0000 0.0000 0.0000 0.0000 0.0000 -0.0070 -0.0070 -0.0070 0.0070 -0.0070 -0.0210 0.0510
8.0180 0.0000 0.0000 0.0000 0.0000 0.0000 -0.0070 -0.0070 -0.0070 0.0070 -0.0070 -0.0210 0.0510
8.0191 0.0000 0.0000 0.0000 0.0000 0.0000 -0.0070 -0.0070 -0.0070 0.0070 -0.0070 -0.0210 0.0510
8.0201 0.0000 0.0000 0.0000 0.0000 0.0000 -0.0070 -0.0070 -0.0070 0.0070 -0.0070 -0.0210 0.0510
8.0211 0.0000 0.0000 0.0000 0.0000 0.0000 -0.0070 -0.0070 -0.0070 0.0070 -0.0070 -0.0210 0.0510
8.0220 0.0000 0.0000 0.0000 0.0000 0.0000 -0.0070 -0.0070 -0.0070 0.0070 -0.0070 -0.0210 0.0510
8.0231 0.0000 0.0000 0.0000 0.0000 0.0000 -0.0070 -0.0070 -0.0070 0.0070 -0.0070 -0.0210 0.0510
8.0240 0.0000 0.0000 0.0000 0.0000 0.0000 -0.0070 -0.0070 -0.0070 0.0070 -0.0070 -0.0210 0.0510
8.0251 0.0000 0.0000 0.0000 0.0000 0.0000 -0.0070 -0.0070 -0.0070 0.0070 -0.0070 -0.0210 0.0510
8.0260 0.0000 0.0000 0.0000 0.0000 0.0000 -0.0070 -0.0070 -0.0070 0.0070 -0.0070 -0.0210 0.0510
8.0272 0.0000 0.0000 0.0000 0.0000 0.0000 -0.0070 -0.0210 -0.0070 0.0070 -0.0070 -0.0210 0.0510
8.0284 0.0000 0.0000 0.0000 0.0000 0.0000 -0.0070 -0.0210 -0.0070 -0.0070 0.0070 -0.0210 0.0360
8.0290 0.0000 0.0000 0.0000 0.0000 0.0000 -0.0070 -0.0070 -0.0210 -0.0070 -0.0070 -0.0070 0.0210
8.0300 0.0000 0.0000 0.0000 0.0000 0.0000 -0.0070 -0.0070 -0.0210 -0.0070 -0.0070 -0.0070 0.0210
8.0312 0.0000 0.0000 0.0000 0.0000 0.0000 -0.0070 -0.0070 -0.0210 -0.0070 -0.0070 -0.0070 0.0210
8.0320 0.0000 0.0000 0.0000 0.0000 0.0000 -0.0070 -0.0070 -0.0210 -0.0070 -0.0070 -0.0070 0.0210
8.0331 0.0000 0.0000 0.0000 0.0000 0.0000 -0.0070 -0.0070 -0.0210 -0.0070 -0.0070 -0.0070 0.0210
8.0341 0.0000 0.0000 0.0000 0.0000 0.0000 -0.0070 -0.0070 -0.0210 -0.0070 -0.0070 -0.0070 0.0210
8.0351 0.0000 0.0000 0.0000 0.0000 0.0000 -0.0070 -0.0070 -0.0210 -0.0070 -0.0070 -0.0070 0.0210
8.0361 0.0000 0.0000 0.0000 0.0000 0.0000 -0.0070 -0.0070 -0.0210 -0.0070 -0.0070 -0.0070 0.0210
8.0371 0.0000 0.0000 0.0000 0.0000 0.0000 -0.0070 -0.0070 -0.0210 -0.0070 -0.0070 -0.0070 0.0210
8.0381 0.0000 0.0000 0.0000 0.0000 0.0000 -0.0070 -0.0070 -0.0210 -0.0070 -0.0070 -0.0070 0.0210
8.0391 0.0000 0.0000 0.0000 0.0000 0.0000 -0.0070 -0.0070 -0.0210 -0.0070 -0.0070 -0.0070 0.0210
8.0402 0.0000 0.0000 0.0000 0.0000 0.0000 -0.0070 0.0070 -0.0210 -0.0070 -0.0070 -0.0070 0.0210
8.0410 0.0000 0.0000 0.0000 0.0000 0.0000 -0.0070 0.0070 -0.0210 -0.0070 -0.0070 -0.0070 0.0210
8.0420 0.0000 0.0000 0.0000 0.0000 0.0000 -0.0070 -0.0070 -0.0070 -0.0070 -0.0070 -0.0070 0.0070
8.0430 0.0000 0.0000 0.0000 0.0000 0.0000 -0.0070 -0.0070 -0.0070 -0.0070 -0.0070 -0.0070 0.0070
8.0441 0.0000 0.0000 0.0000 0.0000 0.0000 -0.0070 -0.0070 -0.0070 -0.0070 -0.0070 -0.0070 0.0070
8.0450 0.0000 0.0000 0.0000 0.0000 0.0000 -0.0070 -0.0070 -0.0070 -0.0070 -0.0070 -0.0070 0.0070
8.0460 0.0000 0.0000 0.0000 0.0000 0.0000 -0.0070 -0.0070 -0.0070 -0.0070 -0.0070 -0.0070 0.0070
8.0471 0.0000 0.0000 0.0000 0.0000 0.0000 -0.0070 -0.0070 -0.0070 -0.0070 -0.0070 -0.0070 0.0070
8.0480 0.0000 0.0000 0.0000 0.0000 0.0000 -0.0070 -0.0070 -0.0070 -0.0070 -0.0070 -0.0070 0.0070
8.0490 0.0000 0.0000 0.0000 0.0000 0.0000 -0.0070 -0.0070 -0.0070 -0.0070 -0.0070 -0.0070 0.0070
8.0501 0.0000 0.0000 0.0000 0.0000 0.0000 -0.0070 -0.0070 -0.0070 -0.0070 -0.0070 -0.0070 0.0070
8.0512 0.0000 0.0000 0.0000 0.0000 0.0000 -0.0070 -0.0070 -0.0070 -0.0070 -0.0070 -0.0070 0.0070
8.0520 0.0000 0.0000 0.0000 0.0000 0.0000 -0.0070 -0.0070 -0.0070 -0.0070 -0.0070 -0.0070 0.0070
8.0531 0.0000 0.0000 0.0000 0.0000 0.0000 -0.0070 -0.0070 -0.0070 -0.0070 -0.0070 -0.0070 0.0070
8.0542 0.0000 0.0000 0.0000 0.0000 0.0000 -0.0070 -0.0070 -0.0070 -0.0070 -0.0070 -0.0070 0.0070
8.0552 0.0000 0.0000 0.0000 0.0000 0.0000 -0.0070 -0.0070 -0.0070 -0.0070 -0.0070 -0.0070 0.0070
8.0577 0.0000 0.0000 0.0000 0.0000 0.0000 -0.0070 -0.0210 -0.0210 -0.0070 0.0070 -0.0070 0.0070
8.0579 0.0000 0.0000 0.0000 0.0000 0.0000 -0.0070 -0.0070 -0.0070 -0.0070 -0.0210 -0.0210 0.0070
8.0582 0.0000 0.0000 0.0000 0.0000 0.0000 -0.0070 -0.0070 -0.0070 -0.0070 -0.0210 -0.0210 0.0070
8.0590 0.0000 0.0000 0.0000 0.0000 0.0000 -0.0070 -0.0070 -0.0070 -0.0070 -0.0210 -0.0210 0.0070
8.0600 0.0000 0.0000 0.0000 0.0000 0.0000 -0.0070 -0.0070 -0.0070 -0.0070 -0.0210 -0.0210 0.0070
8.0611 0.0000 0.0000 0.0000 0.0000 0.0000 -0.0070 -0.0070 -0.0070 -0.0070 -0.0210 -0.0210 0.0070
8.0621 0.0000 0.0000 0.0000 0.0000 0.0000 -0.0070 -0.0070 -0.0070 -0.0070 -0.0210 -0.0210 0.0070
8.0631 0.0000 0.0000 0.0000 0.0000 0.0000 -0.0070 -0.0070 -0.0070 -0.0070 -0.0210 -0.0210 0.0070
8.0641 0.0000 0.0000 0.0000 0.0000 0.0000 -0.0070 -0.0070 -0.0070 -0.0070 -0.0210 -0.0210 0.0070
8.0651 0.0000 0.0000 0.0000 0.0000 0.0000 -0.0070 -0.0070 -0.0070 -0.0070 -0.0210 -0.0210 0.0070
8.0661 0.0000 0.0000 0.0000 0.0000 0.0000 -0.0070 -0.0070 -0.0070 -0.0070 -0.0210 -0.0210 0.0070
8.0671 0.0000 0.0000 0.0000 0.0000 0.0000 -0.0070 -0.0070 -0.0070 -0.0070 -0.0210 -0.0210 0.0070
8.0681 0.0000 0.0000 0.0000 0.0000 0.0000 -0.0070 -0.0070 -0.0070 -0.0070 -0.0210 -0.0210 0.0070
8.0696 0.0000 0.0000 0.0000 0.0000 0.0000 -0.0070 -0.0070 -0.0070 0.0070 0.0070 -0.0070 0.0070
8.0701 0.0000 0.0000 0.0000 0.0000 0.0000 -0.0070 -0.0070 -0.0070 -0.0070 -0.0070 -0.0210 0.0070
8.0710 0.0000 0.0000 0.0000 0.0000 0.0000 -0.0070 -0.0210 -0.0070 -0.0070 -0.0210 -0.0070 0.0210
8.0720 0.0000 0.0000 0.0000 0.0000 0.0000 -0.0070 -0.0210 -0.0070 -0.0070 -0.0210 -0.0070 0.0210
8.0731 0.0000 0.0000 0.0000 0.0000 0.0000 -0.0070 -0.0210 -0.0070 -0.0070 -0.0210 -0.0070 0.0210
8.0741 0.0000 0.0000 0.0000 0.0000 0.0000 -0.0070 -0.0210 -0.0070 -0.0070 -0.0210 -0.0070 0.0210
8.0750 0.0000 0.0000 0.0000 0.0000 0.0000 -0.0070 -0.0210 -0.0070 -0.0070 -0.0210 -0.0070 0.0210
8.0760 0.0000 0.0000 0.0000 0.0000 0.0000 -0.0070 -0.0210 -0.0070 -0.0070 -0.0210 -0.0070 0.0210
8.0770 0.0000 0.0000 0.0000 0.0000 0.0000 -0.0070 -0.0210 -0.0070 -0.0070 -0.0210 -0.0070 0.0210
8.0781 0.0000 0.0000 0.0000 0.0000 0.0000 -0.0070 -0.0210 -0.0070 -0.0070 -0.0210 -0.0070 0.0210
8.0790 0.0000 0.0000 0.0000 0.0000 0.0000 -0.0070 -0.0210 -0.0070 -0.0070 -0.0210 -0.0070 0.0210
8.0801 0.0000 0.0000 0.0000 0.0000 0.0000 -0.0070 -0.0210 -0.0070 -0.0070 -0.0210 -0.0070 0.0210
8.0810 0.0000 0.0000 0.0000 0.0000 0.0000 -0.0070 -0.0210 -0.0070 -0.0070 -0.0210 -0.0070 0.0210
8.0821 0.0000 0.0000 0.0000 0.0000 0.0000 -0.0070 -0.0210 -0.0070 -0.0070 -0.0210 -0.0070 0.0210
8.0831 0.0000 0.0000 0.0000 0.0000 0.0000 -0.0070 -0.0070 -0.0070 -0.0070 -0.0210 -0.0070 0.0210
8.0841 0.0000 0.0000 0.0000 0.0000 0.0000 -0.0070 -0.0070 -0.0070 -0.0070 -0.0210 -0.0070 0.0210
8.0851 0.0000 0.0000 0.0000 0.0000 0.0000 -0.0070 -0.0070 -0.0070 -0.0070 -0.0210 -0.0070 0.0210
8.0861 0.0000 0.0000 0.0000 0.0000 0.0000 -0.0070 -0.0070 -0.0070 -0.0070 -0.0210 -0.0070 0.0210
8.0870 0.0000 0.0000 0.0000 0.0000 0.0000 -0.0070 -0.0070 -0.0070 -0.0070 -0.0210 -0.0070 0.0210
8.0881 0.0000 0.0000 0.0000 0.0000 0.0000 -0.0070 -0.0070 -0.0070 -0.0070 -0.0210 -0.0070 0.0210
8.0891 0.0000 0.0000 0.0000 0.0000 0.0000 -0.0070 -0.0070 -0.0070 -0.0070 -0.0210 -0.0070 0.0210
8.0901 0.0000 0.0000 0.0000 0.0000 0.0000 -0.0070 -0.0070 -0.0070 -0.0070 -0.0210 -0.0070 0.0210
8.0911 0.0000 0.0000 0.0000 0.0000 0.0000 -0.0070 -0.0070 -0.0070 -0.0070 -0.0210 -0.0070 0.0210
8.0921 0.0000 0.0000 0.0000 0.0000 0.0000 -0.0070 -0.0070 -0.0070 -0.0070 -0.0210 -0.0070 0.0210
8.0931 0.0000 0.0000 0.0000 0.0000 0.0000 -0.0070 -0.0070 -0.0070 -0.0070 -0.0210 -0.0070 0.0210
8.0944 0.0000 0.0000 0.0000 0.0000 0.0000 -0.0070 -0.0070 -0.0070 -0.0070 -0.0210 -0.0070 0.0210
8.0950 -12.4670 -12.4670 -12.4670 -12.4670 0.0000 -0.0070 -27.6550 -27.6550 -27.6550 -27.6550 -0.0070 0.0210
8.0967 -12.4670 -12.4670 -12.4670 -12.4670 0.0000 -0.0070 -27.6550 -27.6550 -27.6550 -27.6550 -0.0070 0.0210
8.0971 0.0000 0.0000 0.0000 0.0000 0.0000 -0.0070 0.0510 0.0360 -0.0210 -0.0070 0.0360 -0.0360
8.0980 0.0000 0.0000 0.0000 0.0000 0.0000 -0.0070 0.0510 0.0360 -0.0210 -0.0070 0.0360 -0.0360
8.0990 0.0000 0.0000 0.0000 0.0000 0.0000 -0.0070 0.0510 0.0360 -0.0210 -0.0070 0.0360 -0.0360
8.1001 0.0000 0.0000 0.0000 0.0000 0.0000 -0.0070 0.0510 0.0360 -0.0210 -0.0070 0.0360 -0.0360
8.1011 0.0000 0.0000 0.0000 0.0000 0.0000 -0.0070 0.0510 0.0360 -0.0210 -0.0070 0.0360 -0.0360
8.1021 0.0000 0.0000 0.0000 0.0000 0.0000 -0.0070 0.0510 0.0360 -0.0210 -0.0070 0.0360 -0.0360
8.1031 0.0000 0.0000 0.0000 0.0000 0.0000 -0.0070 0.0510 0.0360 -0.0210 -0.0070 0.0360 -0.0360
8.1041 0.0000 0.0000 0.0000 0.0000 0.0000 -0.0070 0.0510 0.0360 -0.0210 -0.0070 0.0360 -0.0360
8.1050 0.0000 0.0000 0.0000 0.0000 0.0000 -0.0070 0.0510 0.0360 -0.0210 -0.0070 0.0360 -0.0360
8.1061 0.0000 0.0000 0.0000 0.0000 0.0000 -0.0070 0.0510 0.0360 -0.0210 -0.0070 0.0360 -0.0360
8.1070 0.0000 0.0000 0.0000 0.0000 0.0000 -0.0070 0.0510 0.0360 -0.0210 -0.0070 0.0360 -0.0360
8.1095 0.0000 0.0000 0.0000 0.0000 0.0000 -0.0070 0.0210 0.1390 -0.0070 0.0070 0.0510 -0.0800
8.1100 0.0000 0.0000 0.0000 0.0000 0.0000 -0.0070 0.0210 0.1390 -0.0070 0.0070 0.0510 -0.0800
8.1102 0.0000 0.0000 0.0000 0.0000 0.0000 -0.0070 0.0210 0.1390 -0.0070 0.0070 0.0510 -0.0800
8.1110 0.0000 0.0000 0.0000 0.0000 0.0000 -0.0070 0.0210 0.1390 -0.0070 0.0070 0.0510 -0.0800
8.1121 0.0000 0.0000 0.0000 0.0000 0.0000 -0.0070 0.0210 0.1390 -0.0070 0.0070 0.0510 -0.0800
8.1131 0.0000 0.0000 0.0000 0.0000 0.0000 -0.0070 0.0210 0.1390 -0.0070 0.0070 0.0510 -0.0800
8.1140 0.0000 0.0000 0.0000 0.0000 0.0000 -0.0070 0.0210 0.1390 -0.0070 0.0070 0.0510 -0.0800
8.1150 0.0000 0.0000 0.0000 0.0000 0.0000 -0.0070 0.0210 0.1390 -0.0070 0.0070 0.0510 -0.0800
8.1160 0.0000 0.0000 0.0000 0.0000 0.0000 -0.0070 0.0210 0.1390 -0.0070 0.0070 0.0510 -0.0800
8.1171 0.0000 0.0000 0.0000 0.0000 0.0000 -0.0070 0.0210 0.1390 -0.0070 0.0070 0.0510 -0.0800
8.1181 0.0000 0.0000 0.0000 0.0000 0.0000 -0.0070 0.0210 0.1390 -0.0070 0.0070 0.0510 -0.0800
8.1191 0.0000 0.0000 0.0000 0.0000 0.0000 -0.0070 0.0210 0.1390 -0.0070 0.0070 0.0510 -0.0800
8.1201 0.0000 0.0000 0.0000 0.0000 0.0000 -0.0070 0.0210 0.1390 -0.0070 0.0070 0.0510 -0.0800
8.1220 0.0000 0.0000 0.0000 0.0000 0.0000 -0.0070 0.0070 0.1530 -0.0070 -0.0070 0.0070 -0.0510
8.1225 0.0000 0.0000 0.0000 0.0000 0.0000 -0.0070 0.0070 0.1830 0.0070 -0.0070 -0.0210 -0.0360
8.1233 0.0000 0.0000 0.0000 0.0000 0.0000 -0.0070 0.0070 0.1530 -0.0070 -0.0070 -0.0070 -0.0210
8.1240 0.0000 0.0000 0.0000 0.0000 0.0000 -0.0070 0.0070 0.1530 -0.0070 -0.0070 -0.0070 -0.0210
8.1250 0.0000 0.0000 0.0000 0.0000 0.0000 -0.0070 0.0070 0.1530 -0.0070 -0.0070 -0.0070 -0.0210
8.1260 0.0000 0.0000 0.0000 0.0000 0.0000 -0.0070 0.0070 0.1530 -0.0070 -0.0070 -0.0070 -0.0210
8.1270 0.0000 0.0000 0.0000 0.0000 0.0000 -0.0070 0.0070 0.1530 -0.0070 -0.0070 -0.0070 -0.0210
8.1281 0.0000 0.0000 0.0000 0.0000 0.0000 -0.0070 0.0070 0.1530 -0.0070 -0.0070 -0.0070 -0.0210
8.1291 0.0000 0.0000 0.0000 0.0000 0.0000 -0.0070 0.0070 0.1530 -0.0070 -0.0070 -0.0070 -0.0210
8.1301 0.0000 0.0000 0.0000 0.0000 0.0000 -0.0070 0.0070 0.1530 -0.0070 -0.0070 -0.0070 -0.0210
8.1310 0.0000 0.0000 0.0000 0.0000 0.0000 -0.0070 0.0070 0.1530 -0.0070 -0.0070 -0.0070 -0.0210
8.1320 0.0000 0.0000 0.0000 0.0000 0.0000 -0.0070 0.0070 0.1530 -0.0070 -0.0070 -0.0070 -0.0210
8.1331 0.0000 0.0000 0.0000 0.0000 0.0000 -0.0070 0.0070 0.1530 -0.0070 -0.0070 -0.0070 -0.0210
8.1341 0.0000 0.0000 0.0000 0.0000 0.0000 -0.0070 0.0070 0.1530 -0.0070 -0.0070 -0.0070 -0.0210
8.1357 0.0000 0.0000 0.0000 0.0000 0.0000 -0.0070 0.0360 0.0800 -0.0070 -0.0070 -0.0210 -0.0070
8.1361 0.0000 0.0000 0.0000 0.0000 0.0000 -0.0070 0.0360 0.0070 0.0070 -0.0070 -0.0070 -0.0070
8.1370 0.0000 0.0000 0.0000 0.0000 0.0000 -0.0070 0.0360 0.0070 0.0070 -0.0070 -0.0070 -0.0070
8.1380 0.0000 0.0000 0.0000 0.0000 0.0000 -0.0070 0.0360 0.0070 0.0070 -0.0070 -0.0070 -0.0070
8.1391 0.0000 0.0000 0.0000 0.0000 0.0000 -0.0070 0.0360 0.0070 0.0070 -0.0070 -0.0070 -0.0070
8.1400 0.0000 0.0000 0.0000 0.0000 0.0000 -0.0070 0.0360 0.0070 0.0070 -0.0070 -0.0070 -0.0070
8.1411 0.0000 0.0000 0.0000 0.0000 0.0000 -0.0070 0.0360 0.0070 0.0070 -0.0070 -0.0070 -0.0070
8.1420 0.0000 0.0000 0.0000 0.0000 0.0000 -0.0070 0.0360 0.0070 0.0070 -0.0070 -0.0070 -0.0070
8.1430 0.0000 0.0000 0.0000 0.0000 0.0000 -0.0070 0.0360 0.0070 0.0070 -0.0070 -0.0070 -0.0070
8.1440 0.0000 0.0000 0.0000 0.0000 0.0000 -0.0070 0.0360 0.0070 0.0070 -0.0070 -0.0070 -0.0070
8.1450 0.0000 0.0000 0.0000 0.0000 0.0000 -0.0070 0.0360 0.0070 0.0070 -0.0070 -0.0070 -0.0070
8.1461 0.0000 0.0000 0.0000 0.0000 0.0000 -0.0070 0.0360 0.0070 0.0070 -0.0070 -0.0070 -0.0070
8.1470 0.0000 0.0000 0.0000 0.0000 0.0000 -0.0070 0.0360 0.0070 0.0070 -0.0070 -0.0070 -0.0070
8.1485 0.0000 0.0000 0.0000 0.0000 0.0000 -0.0070 0.0360 -0.0070 0.0070 -0.0210 -0.0070 -0.0210
8.1490 0.0000 0.0000 0.0000 0.0000 0.0000 -0.0070 0.0360 -0.0070 0.0070 -0.0210 -0.0070 -0.0210
8.1500 0.0000 0.0000 0.0000 0.0000 0.0000 -0.0070 0.0360 -0.0070 0.0070 -0.0210 -0.0070 -0.0210
8.1511 0.0000 0.0000 0.0000 0.0000 0.0000 -0.0070 0.0360 -0.0070 0.0070 -0.0210 -0.0070 -0.0210
8.1520 0.0000 0.0000 0.0000 0.0000 0.0000 -0.0070 0.0360 -0.0070 0.0070 -0.0210 -0.0070 -0.0210
8.1530 0.0000 0.0000 0.0000 0.0000 0.0000 -0.0070 0.0360 -0.0070 0.0070 -0.0210 -0.0070 -0.0210
8.1540 0.0000 0.0000 0.0000 0.0000 0.0000 -0.0070 0.0360 -0.0070 0.0070 -0.0210 -0.0070 -0.0210
8.1550 0.0000 0.0000 0.0000 0.0000 0.0000 -0.0070 0.0360 -0.0070 0.0070 -0.0210 -0.0070 -0.0210
8.1561 0.0000 0.0000 0.0000 0.0000 0.0000 -0.0070 0.0360 -0.0070 0.0070 -0.0210 -0.0070 -0.0210
8.1571 0.0000 0.0000 0.0000 0.0000 0.0000 -0.0070 0.0360 -0.0070 0.0070 -0.0210 -0.0070 -0.0210
8.1581 0.0000 0.0000 0.0000 0.0000 0.0000 -0.0070 0.0360 -0.0070 0.0070 -0.0210 -0.0070 -0.0210
8.1591 0.0000 0.0000 0.0000 0.0000 0.0000 -0.0070 0.0360 -0.0070 0.0070 -0.0210 -0.0070 -0.0210
8.1600 0.0000 0.0000 0.0000 0.0000 0.0000 -0.0070 0.0360 -0.0070 0.0070 -0.0210 -0.0070 -0.0210
8.1616 0.0000 0.0000 0.0000 0.0000 0.0000 -0.0070 0.0210 0.0510 -0.0070 -0.0070 -0.0070 -0.0070
8.1620 0.0000 0.0000 0.0000 0.0000 0.0000 -0.0070 0.0210 0.0510 -0.0070 -0.0070 -0.0070 -0.0070
8.1630 0.0000 0.0000 0.0000 0.0000 0.0000 -0.0070 0.0210 0.0510 -0.0070 -0.0070 -0.0070 -0.0070
8.1640 0.0000 0.0000 0.0000 0.0000 0.0000 -0.0070 0.0210 0.0510 -0.0070 -0.0070 -0.0070 -0.0070
8.1651 0.0000 0.0000 0.0000 0.0000 0.0000 -0.0070 0.0210 0.0510 -0.0070 -0.0070 -0.0070 -0.0070
8.1660 0.0000 0.0000 0.0000 0.0000 0.0000 -0.0070 0.0210 0.0510 -0.0070 -0.0070 -0.0070 -0.0070
8.1670 0.0000 0.0000 0.0000 0.0000 0.0000 -0.0070 0.0210 0.0510 -0.0070 -0.0070 -0.0070 -0.0070
8.1681 0.0000 0.0000 0.0000 0.0000 0.0000 -0.0070 0.0210 0.0510 -0.0070 -0.0070 -0.0070 -0.0070
8.1691 0.0000 0.0000 0.0000 0.0000 0.0000 -0.0070 0.0210 0.0510 -0.0070 -0.0070 -0.0070 -0.0070
8.1701 0.0000 0.0000 0.0000 0.0000 0.0000 -0.0070 0.0210 0.0510 -0.0070 -0.0070 -0.0070 -0.0070
8.1711 0.0000 0.0000 0.0000 0.0000 0.0000 -0.0070 0.0210 0.0510 -0.0070 -0.0070 -0.0070 -0.0070
8.1728 0.0000 0.0000 0.0000 0.0000 0.0000 -0.0070 0.0210 0.0510 -0.0070 -0.0070 -0.0070 -0.0070
8.1733 0.0000 0.0010 0.0000 0.0000 0.0000 -0.0070 0.0070 0.1240 0.0070 0.0070 0.0070 -0.0210
8.1740 0.0000 0.0010 0.0000 0.0000 0.0000 -0.0070 0.0070 0.1240 0.0070 0.0070 0.0070 -0.0210
8.1751 0.0000 0.0010 0.0000 0.0000 0.0000 -0.0070 0.0070 0.1240 0.0070 0.0070 0.0070 -0.0210
8.1761 0.0000 0.0010 0.0000 0.0000 0.0000 -0.0070 0.0070 0.1240 0.0070 0.0070 0.0070 -0.0210
8.1771 0.0000 0.0010 0.0000 0.0000 0.0000 -0.0070 0.0070 0.1240 0.0070 0.0070 0.0070 -0.0210
8.1785 0.0000 0.0010 0.0000 0.0000 0.0000 -0.0070 0.0070 0.1240 0.0070 0.0070 0.0070 -0.0210
8.1791 0.0000 0.0010 0.0000 0.0000 0.0000 -0.0070 0.0070 0.1240 0.0070 0.0070 0.0070 -0.0210
8.1801 0.0000 0.0010 0.0000 0.0000 0.0000 -0.0070 0.0070 0.1240 0.0070 0.0070 0.0070 -0.0210
8.1811 0.0000 0.0010 0.0000 0.0000 0.0000 -0.0070 0.0070 0.1240 0.0070 0.0070 0.0070 -0.0210
8.1820 0.0000 0.0010 0.0000 0.0000 0.0000 -0.0070 0.0070 0.1240 0.0070 0.0070 0.0070 -0.0210
8.1830 0.0000 0.0010 0.0000 0.0000 0.0000 -0.0070 0.0070 0.1240 0.0070 0.0070 0.0070 -0.0210
8.1853 0.0000 0.0010 0.0000 0.0000 0.0000 -0.0070 0.0070 0.1240 0.0070 0.0070 0.0070 -0.0210
8.1855 0.0000 0.0010 0.0000 0.0000 0.0000 -0.0070 0.0070 0.1240 0.0070 0.0070 0.0070 -0.0210
8.1860 0.0000 0.0010 0.0000 0.0000 0.0000 -0.0070 0.0070 0.1240 0.0070 0.0070 0.0070 -0.0210
8.1873 0.0000 0.0020 0.0000 0.0000 0.0000 -0.0070 0.0070 0.1530 -0.0070 -0.0070 -0.0070 -0.0070
8.1880 0.0000 0.0020 0.0000 0.0000 0.0000 -0.0070 0.0070 0.1530 -0.0070 -0.0070 -0.0070 -0.0070
8.1890 0.0000 0.0020 0.0000 0.0000 0.0000 -0.0070 0.0070 0.1530 -0.0070 -0.0070 -0.0070 -0.0070
8.1900 0.0000 0.0020 0.0000 0.0000 0.0000 -0.0070 0.0070 0.1530 -0.0070 -0.0070 -0.0070 -0.0070
8.1911 0.0000 0.0020 0.0000 0.0000 0.0000 -0.0070 0.0070 0.1530 -0.0070 -0.0070 -0.0070 -0.0070
8.1920 0.0000 0.0020 0.0000 0.0000 0.0000 -0.0070 0.0070 0.1530 -0.0070 -0.0070 -0.0070 -0.0070
8.1930 0.0000 0.0020 0.0000 0.0000 0.0000 -0.0070 0.0070 0.1530 -0.0070 -0.0070 -0.0070 -0.0070
8.1941 0.0000 0.0020 0.0000 0.0000 0.0000 -0.0070 0.0070 0.1530 -0.0070 -0.0070 -0.0070 -0.0070
8.1951 0.0000 0.0020 0.0000 0.0000 0.0000 -0.0070 0.0070 0.1530 -0.0070 -0.0070 -0.0070 -0.0070
8.1961 0.0000 0.0020 0.0000 0.0000 0.0000 -0.0070 0.0070 0.1530 -0.0070 -0.0070 -0.0070 -0.0070
8.1971 0.0000 0.0020 0.0000 0.0000 0.0000 -0.0070 0.0070 0.1530 -0.0070 -0.0070 -0.0070 -0.0070
8.1982 0.0000 0.0020 0.0000 0.0000 0.0000 -0.0070 0.0070 0.1530 -0.0070 -0.0070 -0.0070 -0.0070
8.1992 0.0000 0.0020 0.0000 0.0000 0.0000 -0.0070 -0.0070 0.1240 0.0070 0.0070 0.0070 -0.0070
8.2003 0.0000 0.0020 0.0000 0.0000 0.0000 -0.0070 -0.0070 0.1240 0.0070 0.0070 0.0070 -0.0070
8.2010 0.0000 0.0020 0.0000 0.0000 0.0000 -0.0070 0.0070 0.0510 -0.0070 -0.0070 -0.0210 -0.0070
8.2020 0.0000 0.0020 0.0000 0.0000 0.0000 -0.0070 0.0070 0.0510 -0.0070 -0.0070 -0.0210 -0.0070
8.2031 0.0000 0.0020 0.0000 0.0000 0.0000 -0.0070 0.0070 0.0510 -0.0070 -0.0070 -0.0210 -0.0070
8.2040 0.0000 0.0020 0.0000 0.0000 0.0000 -0.0070 0.0070 0.0510 -0.0070 -0.0070 -0.0210 -0.0070
8.2050 0.0000 0.0020 0.0000 0.0000 0.0000 -0.0070 0.0070 0.0510 -0.0070 -0.0070 -0.0210 -0.0070
8.2061 0.0000 0.0020 0.0000 0.0000 0.0000 -0.0070 0.0070 0.0510 -0.0070 -0.0070 -0.0210 -0.0070
8.2071 0.0000 0.0020 0.0000 0.0000 0.0000 -0.0070 0.0070 0.0510 -0.0070 -0.0070 -0.0210 -0.0070
8.2080 0.0000 0.0020 0.0000 0.0000 0.0000 -0.0070 0.0070 0.0510 -0.0070 -0.0070 -0.0210 -0.0070
8.2090 0.0000 0.0020 0.0000 0.0000 0.0000 -0.0070 0.0070 0.0510 -0.0070 -0.0070 -0.0210 -0.0070
8.2100 0.0000 0.0020 0.0000 0.0000 0.0000 -0.0070 0.0070 0.0510 -0.0070 -0.0070 -0.0210 -0.0070
8.2110 0.0000 0.0020 0.0000 0.0000 0.0000 -0.0070 0.0070 0.0510 -0.0070 -0.0070 -0.0210 -0.0070
8.2159 0.0000 0.0020 0.0000 0.0000 0.0000 -0.0070 -0.0070 0.0070 -0.0070 0.0210 -0.0070 -0.0070
8.2161 0.0000 0.0020 0.0000 0.0000 0.0000 -0.0070 -0.0070 0.0070 -0.0070 0.0210 -0.0070 -0.0070
8.2172 0.0000 0.0020 0.0000 0.0000 0.0000 -0.0070 -0.0070 0.0070 -0.0070 0.0210 -0.0070 -0.0070
8.2182 0.0000 0.0020 0.0000 0.0000 0.0000 -0.0070 -0.0070 0.0070 -0.0070 0.0210 -0.0070 -0.0070
8.2192 0.0000 0.0020 0.0000 0.0000 0.0000 -0.0070 -0.0070 0.0070 -0.0070 0.0210 -0.0070 -0.0070
8.2201 0.0000 0.0020 0.0000 0.0000 0.0000 -0.0070 -0.0070 0.0070 -0.0070 0.0210 -0.0070 -0.0070
8.2211 0.0000 0.0020 0.0000 0.0000 0.0000 -0.0070 -0.0070 0.0070 -0.0070 0.0210 -0.0070 -0.0070
8.2222 0.0000 0.0020 0.0000 0.0000 0.0000 -0.0070 -0.0070 0.0070 -0.0070 0.0210 -0.0070 -0.0070
8.2232 0.0000 0.0020 0.0000 0.0000 0.0000 -0.0070 -0.0070 0.0070 -0.0070 0.0210 -0.0070 -0.0070
8.2242 0.0000 0.0020 0.0000 0.0000 0.0000 -0.0070 -0.0070 0.0070 -0.0070 0.0210 -0.0070 -0.0070
8.2252 0.0000 0.0020 0.0000 0.0000 0.0000 -0.0070 -0.0070 0.0070 -0.0070 0.0210 -0.0070 -0.0070
8.2264 0.0000 0.0020 0.0000 0.0000 0.0000 -0.0070 -0.0070 0.0070 -0.0070 0.0210 -0.0070 -0.0070
8.2271 0.0000 0.0020 0.0000 0.0000 0.0000 -0.0070 -0.0070 0.0070 -0.0070 0.0210 -0.0070 -0.0070
8.2281 0.0000 0.0020 0.0000 0.0000 0.0000 -0.0070 -0.0070 0.0070 -0.0070 0.0210 -0.0070 -0.0070
8.2293 0.0000 0.0020 0.0000 0.0000 0.0000 -0.0070 -0.0070 0.0070 -0.0070 0.0210 -0.0070 0.0070
8.2314 0.0000 0.0020 0.0000 0.0000 0.0000 -0.0070 -0.0070 0.0070 -0.0070 0.0210 -0.0070 0.0070
8.2326 0.0000 0.0020 0.0000 0.0000 0.0000 -0.0070 -0.0070 0.0070 -0.0070 0.0210 -0.0070 -0.0070
8.2359 0.0000 0.0020 0.0000 0.0000 0.0000 -0.0070 -0.0070 -0.0070 -0.0070 0.0210 0.0070 -0.0070
8.2369 0.0000 0.0020 0.0000 0.0000 0.0000 -0.0070 0.0070 0.0070 -0.0070 0.0070 -0.0210 -0.0070
8.2380 0.0000 0.0020 0.0000 0.0000 0.0000 -0.0070 0.0070 0.0070 -0.0070 0.0070 -0.0210 -0.0070
8.2390 0.0000 0.0020 0.0000 0.0000 0.0000 -0.0070 0.0070 0.0070 -0.0070 0.0070 -0.0210 -0.0070
8.2400 0.0000 0.0020 0.0000 0.0000 0.0000 -0.0070 0.0070 0.0070 -0.0070 0.0070 -0.0210 -0.0070
8.2410 0.0000 0.0020 0.0000 0.0000 0.0000 -0.0070 0.0070 0.0070 -0.0070 0.0070 -0.0210 -0.0070
8.2420 0.0000 0.0020 0.0000 0.0000 0.0000 -0.0070 0.0070 0.0070 -0.0070 0.0070 -0.0210 -0.0070
8.2430 0.0000 0.0020 0.0000 0.0000 0.0000 -0.0070 0.0070 0.0070 -0.0070 0.0070 -0.0210 -0.0070
8.2439 0.0000 0.0020 0.0000 0.0000 0.0000 -0.0070 0.0070 0.0070 -0.0070 0.0070 -0.0210 -0.0070
8.2450 0.0000 0.0020 0.0000 0.0000 0.0000 -0.0070 0.0070 0.0070 -0.0070 0.0070 -0.0210 -0.0070
8.2461 0.0000 0.0020 0.0000 0.0000 0.0000 -0.0070 0.0070 0.0070 -0.0070 0.0070 -0.0210 -0.0070
8.2494 0.0000 0.0020 0.0000 0.0000 0.0000 -0.0070 0.0070 0.0070 -0.0210 0.0210 -0.0210 -0.0210
8.2496 0.0000 0.0020 0.0000 0.0000 0.0000 -0.0070 -0.0210 0.0210 -0.0360 0.0210 -0.0070 -0.0210
8.2507 0.0000 0.0020 0.0000 0.0000 0.0000 -0.0070 -0.0070 0.0510 -0.0210 0.0210 0.0070 -0.0070
8.2517 0.0000 0.0020 0.0000 0.0000 0.0000 -0.0070 -0.0070 0.0510 -0.0210 0.0210 0.0070 -0.0070
8.2527 0.0000 0.0020 0.0000 0.0000 0.0000 -0.0070 -0.0070 0.0510 -0.0210 0.0210 0.0070 -0.0070
8.2537 0.0000 0.0020 0.0000 0.0000 0.0000 -0.0070 -0.0070 0.0510 -0.0210 0.0210 0.0070 -0.0070
8.2547 0.0000 0.0020 0.0000 0.0000 0.0000 -0.0070 -0.0070 0.0510 -0.0210 0.0210 0.0070 -0.0070
8.2557 0.0000 0.0020 0.0000 0.0000 0.0000 -0.0070 -0.0070 0.0510 -0.0210 0.0210 0.0070 -0.0070
8.2567 0.0000 0.0020 0.0000 0.0000 0.0000 -0.0070 -0.0070 0.0510 -0.0210 0.0210 0.0070 -0.0070
8.2579 0.0000 0.0020 0.0000 0.0000 0.0000 -0.0070 -0.0070 0.0510 -0.0210 0.0210 0.0070 -0.0070
8.2608 0.0000 0.0020 0.0000 0.0000 0.0000 -0.0070 -0.0070 0.0510 -0.0210 0.0210 0.0070 -0.0070
8.2632 0.0000 0.0020 0.0000 0.0000 0.0000 -0.0070 -0.0070 0.0510 -0.0210 0.0210 0.0070 -0.0070
8.2656 0.0000 0.0020 0.0000 0.0000 0.0000 -0.0070 -0.0070 0.0800 -0.0070 0.0070 -0.0070 -0.0070
8.2666 0.0000 0.0020 0.0000 0.0000 0.0000 -0.0070 -0.0070 0.0800 -0.0070 0.0070 -0.0070 -0.0070
8.2674 0.0000 0.0020 0.0000 0.0000 0.0000 -0.0070 -0.0070 0.0800 -0.0070 0.0070 -0.0070 -0.0070
8.2685 0.0000 0.0030 0.0000 0.0000 0.0000 -0.0070 -0.0070 0.0800 -0.0070 -0.0070 -0.0070 -0.0070
8.2697 0.0000 0.0030 0.0000 0.0000 0.0000 -0.0070 -0.0070 0.0800 -0.0070 -0.0070 -0.0070 -0.0070
8.2704 0.0000 0.0030 0.0000 0.0000 0.0000 -0.0070 -0.0070 0.0800 -0.0070 -0.0070 -0.0070 -0.0070
8.2714 0.0000 0.0030 0.0000 0.0000 0.0000 -0.0070 -0.0070 0.0800 -0.0070 -0.0070 -0.0070 -0.0070
8.2725 0.0000 0.0030 0.0000 0.0000 0.0000 -0.0070 -0.0070 0.0800 -0.0070 -0.0070 -0.0070 -0.0070
8.2734 0.0000 0.0030 0.0000 0.0000 0.0000 -0.0070 -0.0070 0.0800 -0.0070 -0.0070 -0.0070 -0.0070
8.2744 0.0000 0.0030 0.0000 0.0000 0.0000 -0.0070 -0.0070 0.0800 -0.0070 -0.0070 -0.0070 -0.0070
8.2754 0.0000 0.0030 0.0000 0.0000 0.0000 -0.0070 -0.0070 0.0800 -0.0070 -0.0070 -0.0070 -0.0070
8.2766 0.0000 0.0030 0.0000 0.0000 0.0000 -0.0070 -0.0070 0.0800 -0.0070 -0.0070 -0.0070 -0.0070
8.2774 0.0000 0.0030 0.0000 0.0000 0.0000 -0.0070 -0.0070 0.0800 -0.0070 -0.0070 -0.0070 -0.0070
8.2784 0.0000 0.0030 0.0000 0.0000 0.0000 -0.0070 -0.0070 0.0800 -0.0070 -0.0070 -0.0070 -0.0070
8.2794 0.0000 0.0030 0.0000 0.0000 0.0000 -0.0070 -0.0070 0.0800 -0.0070 -0.0070 -0.0070 -0.0070
8.2804 0.0000 0.0030 0.0000 0.0000 0.0000 -0.0070 -0.0070 0.0800 -0.0070 -0.0070 -0.0070 -0.0070
8.2814 0.0000 0.0030 0.0000 0.0000 0.0000 -0.0070 -0.0070 0.0800 -0.0070 -0.0070 -0.0070 -0.0070
8.2831 0.0000 0.0030 0.0000 0.0000 0.0000 -0.0070 -0.0070 0.0800 -0.0070 -0.0070 -0.0070 -0.0070
8.2895 0.0000 0.0030 0.0000 0.0000 0.0000 -0.0070 -0.0070 0.0800 -0.0070 -0.0070 -0.0070 -0.0070
8.2931 0.0000 0.0030 0.0000 0.0000 0.0000 -0.0070 -0.0070 0.0070 0.0070 -0.0070 -0.0070 -0.0210
8.2940 0.0000 0.0030 0.0000 0.0000 0.0000 -0.0070 -0.0070 0.0070 0.0070 -0.0070 -0.0070 -0.0210
8.2946 0.0000 0.0030 0.0000 0.0000 0.0000 -0.0070 -0.0070 0.0070 0.0070 -0.0070 -0.0070 -0.0210
8.2957 0.0000 0.0030 0.0000 0.0000 0.0000 -0.0070 -0.0070 0.0070 0.0070 -0.0070 -0.0070 -0.0210
8.2965 0.0000 0.0030 0.0000 0.0000 0.0000 -0.0070 -0.0070 0.0070 0.0070 -0.0070 -0.0070 -0.0070
8.2997 0.0000 0.0030 0.0000 0.0000 0.0000 -0.0070 -0.0070 -0.0070 -0.0070 0.0070 -0.0070 -0.0070
8.3011 0.0000 0.0030 0.0000 0.0000 0.0000 -0.0070 -0.0070 -0.0070 -0.0070 0.0070 -0.0070 -0.0070
8.3023 0.0000 0.0030 0.0000 0.0000 0.0000 -0.0070 -0.0070 -0.0070 -0.0070 -0.0070 -0.0070 -0.0070
8.3035 0.0000 0.0030 0.0000 0.0000 0.0000 -0.0070 -0.0070 -0.0070 -0.0070 -0.0070 -0.0070 -0.0070
8.3045 0.0000 0.0030 0.0000 0.0000 0.0000 -0.0070 -0.0210 -0.0070 -0.0070 -0.0070 -0.0070 -0.0070
8.3054 0.0000 0.0030 0.0000 0.0000 0.0000 -0.0070 -0.0210 -0.0070 -0.0070 -0.0070 -0.0070 -0.0070
8.3058 0.0000 0.0030 0.0000 0.0000 0.0000 -0.0070 -0.0210 -0.0070 -0.0070 -0.0070 -0.0070 -0.0070
8.3069 0.0000 0.0030 0.0000 0.0000 0.0000 -0.0070 -0.0210 -0.0070 -0.0070 -0.0070 -0.0070 -0.0070
8.3077 0.0000 0.0030 0.0000 0.0000 0.0000 -0.0070 -0.0210 -0.0070 -0.0070 -0.0070 -0.0070 -0.0070
8.3087 0.0000 0.0030 0.0000 0.0000 0.0000 -0.0070 -0.0210 -0.0070 -0.0070 -0.0070 -0.0070 -0.0070
8.3097 0.0000 0.0030 0.0000 0.0000 0.0000 -0.0070 -0.0210 -0.0070 -0.0070 -0.0070 -0.0070 -0.0070
8.3107 0.0000 0.0030 0.0000 0.0000 0.0000 -0.0070 -0.0210 -0.0070 -0.0070 -0.0070 -0.0070 -0.0070
8.3118 0.0000 0.0030 0.0000 0.0000 0.0000 -0.0070 -0.0210 -0.0070 -0.0070 -0.0070 -0.0070 -0.0070
8.3128 0.0000 0.0030 0.0000 0.0000 0.0000 -0.0070 -0.0210 -0.0070 -0.0070 -0.0070 -0.0070 -0.0070
8.3135 0.0000 0.0030 0.0000 0.0000 0.0000 -0.0070 -0.0210 -0.0070 -0.0070 -0.0070 -0.0070 -0.0070
8.3141 0.0000 0.0030 0.0000 0.0000 0.0000 -0.0070 -0.0210 -0.0070 -0.0070 -0.0070 -0.0070 -0.0070
8.3151 0.0000 0.0030 0.0000 0.0000 0.0000 -0.0070 -0.0210 -0.0070 -0.0070 -0.0070 -0.0070 -0.0070
8.3162 0.0000 0.0030 0.0000 0.0000 0.0000 -0.0070 -0.0210 -0.0070 -0.0070 -0.0070 -0.0070 -0.0070
8.3192 0.0000 0.0030 0.0000 0.0000 0.0000 -0.0070 -0.0210 -0.0070 -0.0070 -0.0070 -0.0070 -0.0070
8.3198 0.0000 0.0030 0.0000 0.0000 0.0000 -0.0070 -0.0210 -0.0070 -0.0070 -0.0070 -0.0070 -0.0070
8.3209 0.0000 0.0030 0.0000 0.0000 0.0000 -0.0070 -0.0210 -0.0070 -0.0070 -0.0070 -0.0070 -0.0070
8.3223 0.0000 0.0030 0.0000 0.0000 0.0000 -0.0070 -0.0210 -0.0070 -0.0070 -0.0070 -0.0070 -0.0070
8.3257 0.0000 0.0030 0.0000 0.0000 0.0000 -0.0070 -0.0210 -0.0070 -0.0070 -0.0070 -0.0070 -0.0070
8.3261 0.0000 0.0030 0.0000 0.0000 0.0000 -0.0070 -0.0210 -0.0070 -0.0070 -0.0070 -0.0070 -0.0070
8.3272 0.0000 0.0030 0.0000 0.0000 0.0000 -0.0070 -0.0070 -0.0070 -0.0070 -0.0070 -0.0070 -0.0070
8.3315 0.0000 0.0030 0.0000 0.0000 0.0000 -0.0070 -0.0070 -0.0070 -0.0070 -0.0070 -0.0070 -0.0070
8.3329 0.0000 0.0030 0.0000 0.0000 0.0000 -0.0070 -0.0070 -0.0070 -0.0070 -0.0070 -0.0070 0.0070
8.3332 0.0000 0.0030 0.0000 0.0000 0.0000 -0.0070 -0.0070 -0.0070 -0.0070 -0.0070 -0.0070 -0.0070
8.3353 0.0000 0.0030 0.0000 0.0000 0.0000 -0.0070 -0.0070 -0.0070 -0.0070 -0.0070 -0.0070 -0.0070
8.3357 0.0000 0.0030 0.0000 0.0000 0.0000 -0.0070 -0.0070 -0.0070 -0.0210 -0.0070 -0.0070 -0.0070
8.3363 0.0000 0.0030 0.0000 0.0000 0.0000 -0.0070 -0.0070 -0.0070 -0.0210 -0.0070 -0.0070 -0.0070
8.3374 0.0000 0.0030 0.0000 0.0000 0.0000 -0.0070 -0.0070 -0.0070 -0.0210 -0.0070 -0.0070 -0.0070
8.3382 0.0000 0.0030 0.0000 0.0000 0.0000 -0.0070 -0.0070 -0.0070 -0.0210 -0.0070 -0.0070 -0.0070
8.3392 0.0000 0.0030 0.0000 0.0000 0.0000 -0.0070 -0.0070 -0.0070 -0.0210 -0.0070 -0.0070 -0.0070
8.3402 0.0000 0.0030 0.0000 0.0000 0.0000 -0.0070 -0.0070 -0.0070 -0.0210 -0.0070 -0.0070 -0.0070
8.3413 0.0000 0.0030 0.0000 0.0000 0.0000 -0.0070 -0.0070 -0.0210 -0.0070 -0.0070 -0.0070 -0.0070
8.3423 0.0000 0.0030 0.0000 0.0000 0.0000 -0.0070 -0.0070 -0.0070 -0.0070 -0.0070 -0.0070 -0.0070
8.3432 0.0000 0.0030 0.0000 0.0000 0.0000 -0.0070 -0.0070 -0.0210 -0.0070 -0.0070 -0.0070 -0.0070
8.3442 0.0000 0.0030 0.0000 0.0000 0.0000 -0.0070 -0.0070 -0.0210 -0.0070 -0.0070 -0.0070 -0.0070
8.3452 0.0000 0.0030 0.0000 0.0000 0.0000 -0.0070 -0.0070 -0.0210 -0.0070 -0.0070 -0.0070 -0.0070
8.3463 0.0000 0.0030 0.0000 0.0000 0.0000 -0.0070 -0.0070 -0.0210 -0.0070 -0.0070 -0.0070 -0.0070
8.3473 0.0000 0.0030 0.0000 0.0000 0.0000 -0.0070 -0.0070 -0.0210 -0.0070 -0.0070 -0.0070 -0.0070
8.3482 0.0000 0.0030 0.0000 0.0000 0.0000 -0.0070 -0.0070 -0.0210 -0.0070 -0.0070 -0.0070 -0.0070
8.3493 0.0000 0.0030 0.0000 0.0000 0.0000 -0.0070 -0.0070 -0.0210 -0.0070 -0.0070 -0.0070 -0.0070
8.3502 0.0000 0.0030 0.0000 0.0000 0.0000 -0.0070 -0.0070 -0.0210 -0.0070 -0.0070 -0.0070 -0.0070
8.3513 0.0000 0.0030 0.0000 0.0000 0.0000 -0.0070 -0.0070 -0.0210 -0.0070 -0.0070 -0.0070 -0.0070
8.3523 0.0000 0.0030 0.0000 0.0000 0.0000 -0.0070 -0.0070 -0.0210 -0.0070 -0.0070 -0.0070 -0.0070
8.3532 0.0000 0.0030 0.0000 0.0000 0.0000 -0.0070 -0.0070 -0.0210 -0.0070 -0.0070 -0.0070 -0.0070
8.3543 0.0000 0.0030 0.0000 0.0000 0.0000 -0.0070 -0.0070 -0.0210 -0.0070 -0.0070 -0.0070 -0.0070
8.3574 0.0000 0.0030 0.0000 0.0000 0.0000 -0.0070 0.0070 -0.0210 -0.0070 -0.0070 0.0070 -0.0070
8.3576 0.0000 0.0030 0.0000 0.0000 0.0000 -0.0070 0.0070 -0.0210 -0.0070 -0.0070 0.0070 -0.0070
8.3587 0.0000 0.0030 0.0000 0.0000 0.0000 -0.0070 -0.0070 -0.0210 -0.0070 -0.0070 -0.0210 -0.0210
8.3596 0.0000 0.0030 0.0000 0.0000 0.0000 -0.0070 -0.0070 -0.0210 -0.0070 -0.0070 -0.0210 -0.0210
8.3606 0.0000 0.0030 0.0000 0.0000 0.0000 -0.0070 -0.0070 -0.0210 -0.0070 -0.0070 -0.0210 -0.0210
8.3616 0.0000 0.0030 0.0000 0.0000 0.0000 -0.0070 -0.0070 -0.0210 -0.0070 -0.0070 -0.0210 -0.0210
8.3626 0.0000 0.0030 0.0000 0.0000 0.0000 -0.0070 -0.0070 -0.0210 -0.0070 -0.0070 -0.0210 -0.0210
8.3636 0.0000 0.0030 0.0000 0.0000 0.0000 -0.0070 -0.0070 -0.0210 -0.0070 -0.0070 -0.0210 -0.0210
8.3654 0.0000 0.0020 0.0000 0.0000 0.0000 -0.0070 -0.0070 -0.0210 -0.0070 -0.0070 -0.0210 -0.0070
8.3658 0.0000 0.0020 0.0000 0.0000 0.0000 -0.0070 -0.0070 -0.0210 -0.0070 -0.0070 -0.0210 -0.0070
8.3667 0.0000 0.0020 0.0000 0.0000 0.0000 -0.0070 -0.0070 -0.0070 -0.0070 -0.0070 -0.0070 -0.0070
8.3676 0.0000 0.0020 0.0000 0.0000 0.0000 -0.0070 -0.0070 -0.0070 -0.0070 -0.0070 -0.0210 -0.0070
8.3686 0.0000 0.0020 0.0000 0.0000 0.0000 -0.0070 -0.0070 -0.0070 -0.0070 -0.0070 -0.0210 -0.0070
8.3696 0.0000 0.0020 0.0000 0.0000 0.0000 -0.0070 -0.0070 -0.0070 -0.0070 -0.0070 -0.0210 -0.0070
8.3706 0.0000 0.0020 0.0000 0.0000 0.0000 -0.0070 -0.0070 -0.0070 -0.0070 -0.0070 -0.0210 -0.0070
8.3717 0.0000 0.0020 0.0000 0.0000 0.0000 -0.0070 -0.0070 -0.0070 -0.0070 -0.0070 -0.0210 -0.0070
8.3727 0.0000 0.0020 0.0000 0.0000 0.0000 -0.0070 -0.0070 -0.0070 -0.0070 -0.0070 -0.0210 -0.0070
8.3736 0.0000 0.0020 0.0000 0.0000 0.0000 -0.0070 -0.0070 -0.0070 -0.0070 -0.0070 -0.0210 -0.0070
8.3746 0.0000 0.0020 0.0000 0.0000 0.0000 -0.0070 -0.0070 -0.0070 -0.0070 -0.0070 -0.0210 -0.0070
8.3756 0.0000 0.0020 0.0000 0.0000 0.0000 -0.0070 -0.0070 -0.0070 -0.0070 -0.0070 -0.0210 -0.0070
8.3766 0.0000 0.0020 0.0000 0.0000 0.0000 -0.0070 -0.0070 -0.0070 -0.0070 -0.0070 -0.0210 -0.0070
8.3776 0.0000 0.0020 0.0000 0.0000 0.0000 -0.0070 -0.0070 -0.0070 -0.0070 -0.0070 -0.0210 -0.0070
8.3787 0.0000 0.0020 0.0000 0.0000 0.0000 -0.0070 -0.0070 -0.0070 -0.0070 -0.0070 -0.0210 -0.0070
8.3796 0.0000 0.0020 0.0000 0.0000 0.0000 -0.0070 -0.0070 -0.0070 -0.0070 -0.0070 -0.0210 -0.0070
8.3806 0.0000 0.0020 0.0000 0.0000 0.0000 -0.0070 -0.0070 -0.0070 -0.0070 -0.0070 -0.0210 -0.0070
8.3816 0.0000 0.0020 0.0000 0.0000 0.0000 -0.0070 -0.0070 -0.0070 -0.0070 -0.0070 0.0070 -0.0070
8.3827 0.0000 0.0020 0.0000 0.0000 0.0000 -0.0070 0.0070 -0.0070 -0.0070 -0.0070 0.0070 -0.0070
8.3836 0.0000 0.0020 0.0000 0.0000 0.0000 -0.0070 -0.0070 -0.0210 -0.0070 0.0070 0.0070 -0.0070
8.3846 0.0000 0.0020 0.0000 0.0000 0.0000 -0.0070 -0.0070 -0.0070 -0.0070 -0.0070 -0.0070 -0.0070
8.3856 0.0000 0.0020 0.0000 0.0000 0.0000 -0.0070 -0.0070 -0.0070 -0.0070 -0.0070 -0.0070 -0.0070
8.3866 0.0000 0.0020 0.0000 0.0000 0.0000 -0.0070 -0.0070 -0.0070 -0.0070 -0.0070 -0.0070 -0.0070
8.3877 0.0000 0.0020 0.0000 0.0000 0.0000 -0.0070 -0.0070 -0.0070 -0.0070 -0.0070 -0.0070 -0.0070
8.3886 0.0000 0.0020 0.0000 0.0000 0.0000 -0.0070 -0.0070 -0.0070 -0.0070 -0.0070 -0.0070 -0.0070
8.3896 0.0000 0.0020 0.0000 0.0000 0.0000 -0.0070 -0.0070 -0.0070 -0.0070 -0.0070 -0.0070 -0.0070
8.3906 0.0000 0.0020 0.0000 0.0000 0.0000 -0.0070 -0.0070 -0.0070 -0.0070 -0.0070 -0.0070 -0.0070
8.3916 0.0000 0.0020 0.0000 0.0000 0.0000 -0.0070 -0.0070 -0.0070 -0.0070 -0.0070 -0.0070 -0.0070
8.3926 0.0000 0.0020 0.0000 0.0000 0.0000 -0.0070 -0.0070 -0.0070 -0.0070 -0.0070 -0.0070 -0.0070
8.3936 0.0000 0.0020 0.0000 0.0000 0.0000 -0.0070 -0.0070 -0.0070 -0.0070 -0.0070 -0.0070 -0.0070
8.3946 0.0000 0.0020 0.0000 0.0000 0.0000 -0.0070 -0.0070 -0.0210 -0.0070 -0.0210 -0.0070 -0.0070
8.3958 0.0000 0.0020 0.0000 0.0000 0.0000 -0.0070 -0.0070 -0.0210 -0.0070 -0.0070 -0.0070 -0.0210
8.3966 0.0000 0.0020 0.0000 0.0000 0.0000 -0.0070 -0.0070 -0.0210 -0.0070 -0.0210 0.0070 -0.0070
8.3976 0.0000 0.0020 0.0000 0.0000 0.0000 -0.0070 -0.0070 -0.0070 -0.0070 -0.0070 -0.0210 -0.0070
8.3986 0.0000 0.0020 0.0000 0.0000 0.0000 -0.0070 -0.0070 -0.0070 -0.0070 -0.0070 -0.0210 -0.0070
8.3996 0.0000 0.0020 0.0000 0.0000 0.0000 -0.0070 -0.0070 -0.0070 -0.0070 -0.0070 -0.0210 -0.0070
8.4006 0.0000 0.0020 0.0000 0.0000 0.0000 -0.0070 -0.0070 -0.0070 -0.0070 -0.0070 -0.0210 -0.0070
8.4016 0.0000 0.0020 0.0000 0.0000 0.0000 -0.0070 -0.0070 -0.0070 -0.0070 -0.0070 -0.0210 -0.0070
8.4026 0.0000 0.0020 0.0000 0.0000 0.0000 -0.0070 -0.0070 -0.0070 -0.0070 -0.0070 -0.0210 -0.0070
8.4036 0.0000 0.0020 0.0000 0.0000 0.0000 -0.0070 -0.0070 -0.0070 -0.0070 -0.0070 -0.0210 -0.0070
8.4046 0.0000 0.0020 0.0000 0.0000 0.0000 -0.0070 -0.0070 -0.0070 -0.0070 -0.0070 -0.0210 -0.0070
8.4056 0.0000 0.0020 0.0000 0.0000 0.0000 -0.0070 -0.0070 -0.0070 -0.0070 -0.0070 -0.0210 -0.0070
8.4066 0.0000 0.0020 0.0000 0.0000 0.0000 -0.0070 -0.0070 -0.0070 -0.0070 -0.0070 -0.0210 -0.0070
8.4076 0.0000 0.0020 0.0000 0.0000 0.0000 -0.0070 -0.0070 -0.0070 -0.0070 -0.0070 -0.0210 -0.0070
8.4102 0.0000 0.0020 0.0000 0.0000 0.0000 -0.0070 -0.0070 -0.0070 -0.0210 0.0070 0.0070 -0.0070
8.4105 0.0000 0.0020 0.0000 0.0000 0.0000 -0.0070 -0.0070 0.0070 -0.0210 0.0070 0.0070 0.0070
8.4107 0.0000 0.0020 0.0000 0.0000 0.0000 -0.0070 -0.0070 0.0070 -0.0210 0.0070 0.0070 0.0070
8.4117 0.0000 0.0020 0.0000 0.0000 0.0000 -0.0070 -0.0070 -0.0070 -0.0070 -0.0070 -0.0070 0.0070
8.4128 0.0000 0.0020 0.0000 0.0000 0.0000 -0.0070 -0.0070 -0.0070 -0.0070 -0.0070 -0.0070 0.0070
8.4136 0.0000 0.0020 0.0000 0.0000 0.0000 -0.0070 -0.0070 -0.0070 -0.0070 0.0070 -0.0210 -0.0210
8.4146 0.0000 0.0020 0.0000 0.0000 0.0000 -0.0070 -0.0070 -0.0070 -0.0070 0.0070 -0.0210 -0.0210
8.4157 0.0000 0.0020 0.0000 0.0000 0.0000 -0.0070 -0.0070 -0.0070 -0.0070 0.0070 -0.0210 -0.0210
8.4167 0.0000 0.0020 0.0000 0.0000 0.0000 -0.0070 -0.0070 -0.0070 -0.0070 0.0070 -0.0210 -0.0210
8.4176 0.0000 0.0020 0.0000 0.0000 0.0000 -0.0070 -0.0070 -0.0070 -0.0070 0.0070 -0.0210 -0.0210
8.4187 0.0000 0.0020 0.0000 0.0000 0.0000 -0.0070 -0.0070 -0.0070 -0.0070 0.0070 -0.0210 -0.0210
8.4197 0.0000 0.0020 0.0000 0.0000 0.0000 -0.0070 -0.0070 -0.0070 -0.0070 0.0070 -0.0210 -0.0210
8.4206 0.0000 0.0020 0.0000 0.0000 0.0000 -0.0070 -0.0070 -0.0070 -0.0070 0.0070 -0.0210 -0.0210
8.4217 0.0000 0.0020 0.0000 0.0000 0.0000 -0.0070 -0.0070 -0.0070 -0.0070 0.0070 -0.0210 -0.0210
8.4226 0.0000 0.0020 0.0000 0.0000 0.0000 -0.0070 -0.0070 -0.0070 -0.0070 0.0070 -0.0210 -0.0210
8.4237 0.0000 0.0020 0.0000 0.0000 0.0000 -0.0070 -0.0070 -0.0070 -0.0070 0.0070 -0.0210 -0.0210
8.4248 0.0000 0.0020 0.0000 0.0000 0.0000 -0.0070 -0.0070 -0.0070 -0.0070 0.0070 -0.0210 -0.0070
8.4256 0.0000 0.0020 0.0000 0.0000 0.0000 -0.0070 -0.0070 0.0070 -0.0070 -0.0070 -0.0070 -0.0070
8.4268 0.0000 0.0020 0.0000 0.0000 0.0000 -0.0070 -0.0070 0.0070 -0.0070 -0.0070 -0.0070 -0.0070
8.4278 0.0000 0.0020 0.0000 0.0000 0.0000 -0.0070 -0.0070 0.0070 -0.0070 -0.0070 -0.0070 -0.0070
8.4286 0.0000 0.0020 0.0000 0.0000 0.0000 -0.0070 -0.0070 -0.0070 -0.0070 -0.0070 -0.0070 -0.0070
8.4296 0.0000 0.0020 0.0000 0.0000 0.0000 -0.0070 -0.0070 -0.0070 -0.0070 -0.0070 -0.0070 -0.0070
8.4306 0.0000 0.0020 0.0000 0.0000 0.0000 -0.0070 -0.0070 -0.0070 -0.0070 -0.0070 -0.0070 -0.0070
8.4316 0.0000 0.0020 0.0000 0.0000 0.0000 -0.0070 -0.0070 -0.0070 -0.0070 -0.0070 -0.0070 -0.0070
8.4326 0.0000 0.0020 0.0000 0.0000 0.0000 -0.0070 -0.0070 -0.0070 -0.0070 -0.0070 -0.0070 -0.0070
8.4336 0.0000 0.0020 0.0000 0.0000 0.0000 -0.0070 -0.0070 -0.0070 -0.0070 -0.0070 -0.0070 -0.0070
8.4346 0.0000 0.0020 0.0000 0.0000 0.0000 -0.0070 -0.0070 -0.0070 -0.0070 -0.0070 -0.0070 -0.0070
8.4356 0.0000 0.0020 0.0000 0.0000 0.0000 -0.0070 -0.0070 -0.0070 -0.0070 -0.0070 -0.0070 -0.0070
8.4366 0.0000 0.0020 0.0000 0.0000 0.0000 -0.0070 -0.0070 -0.0070 -0.0070 -0.0070 -0.0070 -0.0070
8.4376 0.0000 0.0020 0.0000 0.0000 0.0000 -0.0070 -0.0070 -0.0070 -0.0070 -0.0070 -0.0070 -0.0070
8.4386 0.0000 0.0020 0.0000 0.0000 0.0000 -0.0070 0.0070 -0.0070 -0.0070 -0.0070 -0.0070 -0.0210
8.4396 0.0000 0.0020 0.0000 0.0000 0.0000 -0.0070 -0.0070 -0.0070 -0.0070 -0.0070 -0.0070 -0.0070
8.4406 0.0000 0.0020 0.0000 0.0000 0.0000 -0.0070 0.0070 -0.0070 -0.0070 -0.0070 -0.0070 -0.0070
8.4416 0.0000 0.0020 0.0000 0.0000 0.0000 -0.0070 0.0070 -0.0070 -0.0070 -0.0070 -0.0070 -0.0070
8.4426 0.0000 0.0020 0.0000 0.0000 0.0000 -0.0070 0.0070 -0.0070 -0.0070 -0.0070 -0.0070 -0.0070
8.4436 0.0000 0.0020 0.0000 0.0000 0.0000 -0.0070 0.0070 -0.0070 -0.0070 -0.0070 -0.0070 -0.0070
8.4447 0.0000 0.0020 0.0000 0.0000 0.0000 -0.0070 0.0070 -0.0070 -0.0070 -0.0070 -0.0070 -0.0070
8.4457 0.0000 0.0020 0.0000 0.0000 0.0000 -0.0070 0.0070 -0.0070 -0.0070 -0.0070 -0.0070 -0.0070
8.4467 0.0000 0.0020 0.0000 0.0000 0.0000 -0.0070 0.0070 -0.0070 -0.0070 -0.0070 -0.0070 -0.0070
8.4477 0.0000 0.0020 0.0000 0.0000 0.0000 -0.0070 0.0070 -0.0070 -0.0070 -0.0070 -0.0070 -0.0070
8.4486 0.0000 0.0020 0.0000 0.0000 0.0000 -0.0070 0.0070 -0.0070 -0.0070 -0.0070 -0.0070 -0.0070
8.4497 0.0000 0.0020 0.0000 0.0000 0.0000 -0.0070 0.0070 -0.0070 -0.0070 -0.0070 -0.0070 -0.0070
8.4506 0.0000 0.0020 0.0000 0.0000 0.0000 -0.0070 0.0070 -0.0070 -0.0070 -0.0070 -0.0070 -0.0070
8.4518 0.0000 0.0020 0.0000 0.0000 0.0000 -0.0070 0.0070 -0.0070 -0.0070 -0.0070 -0.0070 -0.0070
8.4526 0.0000 0.0020 0.0000 0.0000 0.0000 -0.0070 0.0070 -0.0070 -0.0070 0.0070 -0.0070 -0.0070
8.4536 0.0000 0.0020 0.0000 0.0000 0.0000 -0.0070 -0.0070 -0.0210 -0.0070 -0.0070 -0.0070 -0.0070
8.4546 0.0000 0.0020 0.0000 0.0000 0.0000 -0.0070 -0.0070 0.0070 -0.0070 -0.0070 -0.0070 -0.0070
8.4556 0.0000 0.0020 0.0000 0.0000 0.0000 -0.0070 -0.0070 0.0070 -0.0070 -0.0070 -0.0070 -0.0070
8.4566 0.0000 0.0020 0.0000 0.0000 0.0000 -0.0070 -0.0070 0.0070 -0.0070 -0.0070 -0.0070 -0.0070
8.4576 0.0000 0.0020 0.0000 0.0000 0.0000 -0.0070 -0.0070 0.0070 -0.0070 -0.0070 -0.0070 -0.0070
8.4587 0.0000 0.0020 0.0000 0.0000 0.0000 -0.0070 -0.0070 0.0070 -0.0070 -0.0070 -0.0070 -0.0070
8.4597 0.0000 0.0020 0.0000 0.0000 0.0000 -0.0070 -0.0070 0.0070 -0.0070 -0.0070 -0.0070 -0.0070
8.4606 0.0000 0.0020 0.0000 0.0000 0.0000 -0.0070 -0.0070 0.0070 -0.0070 -0.0070 -0.0070 -0.0070
8.4617 0.0000 0.0020 0.0000 0.0000 0.0000 -0.0070 -0.0070 0.0070 -0.0070 -0.0070 -0.0070 -0.0070
8.4627 0.0000 0.0020 0.0000 0.0000 0.0000 -0.0070 -0.0070 0.0070 -0.0070 -0.0070 -0.0070 -0.0070
8.4636 0.0000 0.0020 0.0000 0.0000 0.0000 -0.0070 -0.0070 0.0070 -0.0070 -0.0070 -0.0070 -0.0070
8.4646 0.0000 0.0020 0.0000 0.0000 0.0000 -0.0070 -0.0070 0.0070 -0.0070 -0.0070 -0.0070 -0.0070
8.4657 0.0000 0.0020 0.0000 0.0000 0.0000 -0.0070 -0.0070 0.0070 -0.0070 -0.0070 -0.0070 -0.0070
8.4666 0.0000 0.0020 0.0000 0.0000 0.0000 -0.0070 -0.0070 -0.0070 -0.0070 0.0070 -0.0070 -0.0070
8.4676 0.0000 0.0020 0.0000 0.0000 0.0000 -0.0070 -0.0070 -0.0070 -0.0070 0.0070 -0.0070 -0.0070
8.4686 0.0000 0.0020 0.0000 0.0000 0.0000 -0.0070 -0.0070 -0.0070 -0.0070 0.0070 -0.0070 -0.0070
8.4696 0.0000 0.0020 0.0000 0.0000 0.0000 -0.0070 -0.0070 -0.0070 0.0070 -0.0070 0.0070 -0.0070
8.4706 0.0000 0.0020 0.0000 0.0000 0.0000 -0.0070 -0.0070 -0.0070 0.0070 -0.0070 0.0070 -0.0070
8.4716 0.0000 0.0020 0.0000 0.0000 0.0000 -0.0070 -0.0070 -0.0070 -0.0070 -0.0070 -0.0070 -0.0070
8.4726 0.0000 0.0020 0.0000 0.0000 0.0000 -0.0070 -0.0070 -0.0070 -0.0070 -0.0070 -0.0070 -0.0070
8.4736 0.0000 0.0020 0.0000 0.0000 0.0000 -0.0070 -0.0070 -0.0070 -0.0070 -0.0070 -0.0070 -0.0070
8.4751 0.0000 0.0020 0.0000 0.0000 0.0000 -0.0070 -0.0070 -0.0070 -0.0070 -0.0070 -0.0070 -0.0070
8.4756 0.0000 0.0020 0.0000 0.0000 0.0000 -0.0070 -0.0070 -0.0070 -0.0070 -0.0070 -0.0070 -0.0070
8.4766 0.0000 0.0020 0.0000 0.0000 0.0000 -0.0070 -0.0070 -0.0070 -0.0070 -0.0070 -0.0070 -0.0070
8.4776 0.0000 0.0020 0.0000 0.0000 0.0000 -0.0070 -0.0070 -0.0070 -0.0070 -0.0070 -0.0070 -0.0070
8.4786 0.0000 0.0020 0.0000 0.0000 0.0000 -0.0070 -0.0070 -0.0070 -0.0070 -0.0070 -0.0070 -0.0070
8.4797 0.0000 0.0020 0.0000 0.0000 0.0000 -0.0070 -0.0070 -0.0070 -0.0070 -0.0070 -0.0070 -0.0070
8.4807 0.0000 0.0020 0.0000 0.0000 0.0000 -0.0070 -0.0070 -0.0070 -0.0070 -0.0070 -0.0070 -0.0070
8.4817 0.0000 0.0020 0.0000 0.0000 0.0000 -0.0070 -0.0070 -0.0070 -0.0070 -0.0070 -0.0070 -0.0070
8.4826 0.0000 0.0020 0.0000 0.0000 0.0000 -0.0070 -0.0070 -0.0070 -0.0070 -0.0070 -0.0070 -0.0070
8.4839 0.0000 0.0020 0.0000 0.0000 0.0000 -0.0070 -0.0070 -0.0070 -0.0070 -0.0070 -0.0070 -0.0070
8.4867 0.0000 0.0020 0.0000 0.0000 0.0000 -0.0070 -0.0070 0.0070 -0.0070 -0.0070 -0.0210 -0.0070
8.4869 0.0000 0.0020 0.0000 0.0000 0.0000 -0.0070 -0.0070 -0.0070 -0.0070 -0.0070 0.0070 -0.0070
